time_s,truth_x_m,truth_y_m,ins_x_m,ins_y_m,aided_x_m,aided_y_m,gravity_measurement,magnetic_measurement_nt,gravity_update_accepted,magnetic_update_accepted
0.0,0.0,0.0,0.0,0.0,0.0,0.0,,,False,False
0.5,41.5,0.0,41.50057248261278,0.007870679365056341,43.09561116424934,-1.1239223793057145,3.815371777264996,78.71492612793182,True,True
1.0,83.00017452406438,0.0009409929270644727,83.00264357892208,0.024438605520869103,84.98641074338694,-0.9495439734667832,,82.40666025820082,False,True
1.5,124.50087256716014,0.004702741377138412,124.51219801363159,0.05174579851277344,126.49744821947054,-0.9227453381241846,,,False,False
2.0,166.0024429647854,0.01315834674461322,166.03531171791317,0.08938962037394277,168.94634942738574,-3.31006476945267,5.38853668412986,76.45930413426808,True,True
2.5,207.50523428671048,0.028169836960592512,207.56667045281077,0.13045860082435162,210.48148949376647,-3.2755129027346976,,,False,False
3.0,249.0095947308005,0.05158379690951875,249.10154671730092,0.18177484691222875,252.0624037539244,-3.213275803998015,,84.69818854303459,False,True
3.5,290.51587201695065,0.0852270583349198,290.64653186721387,0.2432304522721928,293.61132933816975,-3.1582736823133795,,,False,False
4.0,332.02441328116754,0.13090246578584086,332.19847221906826,0.3172308896913254,336.8471737839223,-3.3190596425351817,3.595820309845405,87.06891504375747,True,True
4.5,373.5355649698281,0.1903847348242602,373.7538571740924,0.4095137302238683,378.4147817635613,-3.2342824729862643,,,False,False
5.0,415.0496727341486,0.26541641831191853,415.31286889184923,0.525737559411213,420.6923515381727,-2.8330152714577097,,89.2368794629541,False,True
5.5,456.5670813248962,0.3577039961243132,456.87344892380304,0.6676395486779114,462.2694619745649,-2.69685403827775,,,False,False
6.0,498.08813448737425,0.4689141031022084,498.44238394833826,0.8307669832591561,504.3768724329799,-0.9097467801921826,1.4509698547029757,94.44500459400639,True,True
6.5,539.6131748567142,0.6006699094492881,540.0263896643364,1.0222497510042117,545.9812468001668,-0.7126527652085759,,,False,False
7.0,581.1425438535058,0.7545476671212,581.6261724578086,1.2449167435514386,590.6210760262793,0.7617832811058485,,97.18065278717265,False,True
7.5,622.6765815797969,0.9320734350291615,623.2366960230453,1.498440553287045,632.2766458171448,1.030996410339956,,,False,False
8.0,664.215626715495,1.134719995103733,664.8599512409106,1.7787444883273273,673.1122734785273,0.7484132912545023,3.7589926094809405,90.00785219210682,True,True
8.5,705.7600164152022,1.363903970434769,706.4990096951418,2.078459474477758,714.788819017036,1.058693235663465,,,False,False
9.0,747.310086205515,1.6209831558256182,748.1470199234047,2.4032267436308072,755.6922276781204,1.0705281094509207,,92.30382343811236,False,True
9.5,788.8661698828187,1.907254070177274,789.7964157659408,2.758375140567903,797.3713789960573,1.4330846143596856,,,False,False
10.0,830.4285994116107,2.2239497391554663,831.4507600691219,3.1407980395680033,839.2115626553527,3.1303682001634248,2.80615651123394,98.89026291585301,True,True
10.5,871.9977048233804,2.572237715594925,873.1189641340429,3.557933112505296,880.911368051241,3.5682531887291025,,,False,False
11.0,913.573814116079,2.953218344064672,914.8030404162785,4.010976659159733,920.0483052191794,2.983463784800586,,92.01306341454237,False,True
11.5,955.1572531542071,3.3679232749607797,956.5010905249815,4.4926572333959,961.7488262621955,3.474115670241869,,,False,False
12.0,996.7483455695543,3.8173142324133016,998.2120148684826,5.009748858190247,998.0377019526579,5.422401792278896,1.2432122109223518,97.013867515577,True,True
12.5,1038.347412662617,4.302282039196798,1039.9328647397308,5.562139742057651,1039.6972499273816,5.998907465844998,,,False,False
13.0,1079.954773304728,4.8236459007239345,1081.6634521005112,6.1550891486879715,1073.026463892102,3.217812925643211,,84.96034544630281,False,True
13.5,1121.5707438409243,5.3821529490839835,1123.4194215432085,6.791695669630116,1114.6180365444823,3.8372145247928797,,,False,False
14.0,1163.195637993586,5.978478046967602,1165.2013998454127,7.458340245670235,1156.2109169424405,3.3015821384091546,5.893197094472909,98.62318989900557,True,True
14.5,1204.8297667668728,6.613223850201077,1206.9930783142004,8.158803813182471,1197.8373961076854,3.970487405232757,,,False,False
15.0,1246.4734383519901,7.286921126502157,1248.7890825886013,8.900276929536096,1243.3068451704353,6.267573382062263,,109.14554576334461,False,True
15.5,1288.1269580333098,8.000029326970692,1290.590774473095,9.679238940958024,1284.993331194494,7.035358000779051,,,False,False
16.0,1329.7906280953785,8.752937405745335,1332.4007006432378,10.49653901958851,1320.135714138268,8.218556008795083,3.182004900590276,99.82565783420331,True,True
16.5,1371.4647477308386,9.545964882197419,1374.223634295783,11.350742779031615,1361.7563946076714,9.064886905490528,,,False,False
17.0,1413.1496129492912,10.379363138999453,1416.0620047813184,12.242219399035132,1392.9028954857506,5.668956526705274,,89.37067834473149,False,True
17.5,1454.8455164871286,11.253316948403096,1457.9177387985292,13.171248980347167,1434.4136685808367,6.532981107523329,,,False,False
18.0,1496.5527477183643,12.167946218094361,1499.795411932103,14.13789646165876,1485.023175992318,13.696613703870257,4.202190781354353,125.24745501754137,True,True
18.5,1538.2715925664863,13.123307947066557,1541.691668166937,15.147032623130027,1526.6991266570542,14.723677465302735,,,False,False
19.0,1580.002333417363,14.119398381068065,1583.608078523304,16.20681041929605,1569.8559266781665,16.383097912780023,,110.84113628113195,False,True
19.5,1621.7452490332244,15.156155356346488,1625.5470610081463,17.316988195850588,1611.594482295562,17.519166187823323,,,False,False
20.0,1663.5006144677493,16.233460819626668,1667.5087883760152,18.47030218307278,1652.844688358098,15.294877569767557,8.344701500894011,104.23806229545683,True,True
20.5,1705.2687009822819,17.351143511530918,1709.4932412963149,19.657709848267405,1694.6205060610603,16.463624369504803,,,False,False
21.0,1747.049775963201,18.50898179997897,1751.4986084777936,20.87959878867531,1731.6404311937854,15.782145474083976,,105.38341140752205,False,True
21.5,1788.8441028404739,19.706706649495295,1793.527507679732,22.146319096594198,1773.3936854522403,17.004291376057292,,,False,False
22.0,1830.6519410074109,20.94400471180558,1835.5779184227545,23.45843371154431,1827.991975322039,21.10807628442895,8.122223803656723,126.34229720892931,True,True
22.5,1872.473545741653,22.220521522624306,1877.649629772177,24.81070435680327,1869.9661379570455,22.45605811408355,,,False,False
23.0,1914.3091681274116,23.535864789124094,1919.7452849297877,26.19874767038647,1905.9122741555668,21.467668285488546,,107.29595556719265,False,True
23.5,1956.1590549789855,24.88960775223605,1961.8638526537522,27.629077503437497,1947.8488055515672,22.861174652929076,,,False,False
24.0,1998.023448765579,26.281292607660696,2004.003836626875,29.1042707322816,1974.268769183195,25.486389561343177,3.733804306968737,107.5116197968862,True,True
24.5,2039.9025875374432,27.710433969272184,2046.165008217543,30.618909311193523,2016.0333251681482,26.975519810628363,,,False,False
25.0,2081.7967048533646,29.176522358474948,2088.3462047971234,32.16619666225565,2065.75443631831,31.58068025671351,,126.92102459446487,False,True
25.5,2123.7060297095195,30.679027703022868,2130.549855189666,33.74194073474577,2107.670626670441,33.172841632419335,,,False,False
26.0,2165.63078646972,32.21740282883593,2172.7764359032103,35.348181537824466,2140.701790967252,36.85871557521317,5.319255338664444,116.14096327783881,True,True
26.5,2207.5711947970713,33.79108692844843,2215.0301261693894,36.98635633156591,2182.546150348866,38.53755776094953,,,False,False
27.0,2249.527469587059,35.399508989895615,2257.313815731889,38.657626584864964,2219.1781620587126,38.220675866269765,,114.81228201167274,False,True
27.5,2291.499820902091,37.04209117009111,2299.620653362948,40.36799969597844,2261.0029712234914,39.944535189489294,,,False,False
28.0,2333.4884539075097,38.718252097064685,2341.9475870961905,42.11807416557645,2306.302161674633,40.75200784623503,9.23257884519246,122.98476819001013,True,True
28.5,2375.493568809097,40.427410085817336,2384.3003995217787,43.89925652378134,2348.2182458705447,42.53550985779538,,,False,False
29.0,2417.5153607920893,42.168986253006445,2426.685218628374,45.71311720891822,2388.137848495074,43.56913947064582,,121.44406232439461,False,True
29.5,2459.5540199617226,43.942407516195935,2469.09595574207,47.55951233709112,2430.083522974438,45.4074900999945,,,False,False
30.0,2501.609731285324,45.74710946399242,2511.5277375724513,49.439062012884534,2458.228154150739,48.02000715752352,6.453505913290614,117.61593822417838,True,True
30.5,2543.6826745359704,47.582539084035766,2553.9828995091493,51.35198710329435,2500.03373194245,49.9304158681107,,,False,False
31.0,2585.7730242377265,49.44815733651815,2596.464838641216,53.29547452561813,2556.574178775668,57.73027931945884,,140.94247446570222,False,True
31.5,2627.8809496124823,51.34344156166674,2638.973336678463,55.2695655080447,2598.626778586335,59.77795323418762,,,False,False
32.0,2670.006614528408,53.26788771043743,2681.506671934752,57.27666848181271,2643.6347010992386,55.612148698501464,11.779309218871475,123.49594640738664,True,True
32.5,2712.1501774500393,55.22101238852802,2724.0682978809577,59.318768464949436,2685.7760579551195,57.65260908333083,,,False,False
33.0,2754.3117913900037,57.2023547047236,2766.658134742046,61.390529639720874,2738.579011725243,63.92085250234163,,139.53113366107894,False,True
33.5,2796.491603862415,59.21147791553201,2809.2693181237096,63.49645762102619,2780.907731682553,66.0786528025646,,,False,False
34.0,2838.6897568379372,61.24797085904752,2851.9035398042333,65.64024073884121,2835.897992922293,62.21136938520689,13.233694325055746,132.69769816368728,True,True
34.5,2880.9063867005398,63.31144917199302,2894.5647422635325,67.8132030299106,2878.436694153472,64.36727633331829,,,False,False
35.0,2923.1416242059527,65.40155628492941,2937.2528938883415,70.00781792096859,2905.3832598615313,60.43557757877896,,118.85160181606554,False,True
35.5,2965.3955944418385,67.51796419168191,2979.963821887771,72.23048709828758,2947.7721530786166,62.564787224705356,,,False,False
36.0,3007.6684167896883,69.66037399011093,3022.6912280253127,74.48152301849453,3007.542564780049,68.14996830605374,11.232193501092926,146.36745840846856,True,True
36.5,3049.960204888457,71.8285161924456,3065.443817566321,76.75765666920164,3050.191672902755,70.37699044923833,,,False,False
37.0,3092.2710665999484,74.02215080449628,3108.226559927166,79.06654829243514,3090.1826482784772,71.57299734870969,,133.51662965671778,False,True
37.5,3134.6011039759587,76.24106717416277,3151.0372946739617,81.41158166697394,3132.856525969868,73.85575740583928,,,False,False
38.0,3176.950413227191,78.48508361075336,3193.875600850626,83.79116162579265,3194.008553793254,80.67362990557343,11.569296015914125,150.8040654148051,True,True
38.5,3219.3190846939488,80.75404677772048,3236.7425483338448,86.19710903864042,3236.9673204422456,83.07346370080144,,,False,False
39.0,3261.7072028186176,83.04783086249759,3279.634739274386,88.62635616195665,3285.198696798903,87.60768767292208,,143.45822712940432,False,True
39.5,3304.114846119942,85.36633652818334,3322.550890198495,91.08383836565393,3328.27239735372,90.08436161649006,,,False,False
40.0,3346.5420871691076,87.70948965285845,3365.4916256427323,93.56951926074053,3375.6303546555914,90.4050860016375,12.246916641393918,141.232557490086,True,True
40.5,3388.988992567638,90.07723986333409,3408.454550304455,96.0845170288953,3418.8031374233938,92.91611651897911,,,False,False
41.0,3431.4556229271043,92.46955887111203,3451.443506032296,98.61847348549102,3457.0772670182714,93.48857677525959,,138.130717997178,False,True
41.5,3473.942032850664,94.8864386192833,3494.4607487812555,101.1737402415686,3500.2466101222712,96.01697738128199,,,False,False
42.0,3516.4482709164276,97.32788924999831,3537.5110349293072,103.76752634791674,3547.87633425545,92.70038937282374,13.503818829267598,141.71417052160123,True,True
42.5,3558.9743796626617,99.79393690300388,3580.586251236404,106.3890996345571,3591.155915606652,95.23186827578117,,,False,False
43.0,3601.52039557483,102.28462135655721,3623.6867563469887,109.03481926478023,3620.424987548389,92.26693698826776,,134.07764169733704,False,True
43.5,3644.086349074482,104.79999352278973,3666.8187898921624,111.71234270614997,3663.59685599907,94.79062092579977,,,False,False
44.0,3686.672264509984,107.3401128103021,3709.979022389975,114.4145654242931,3717.119222939959,92.1107836725931,14.205084927256634,148.104578159669,True,True
44.5,3729.2781601491038,109.90504436742116,3753.1735359600693,117.14244865283496,3760.472968582542,94.6310518710864,,,False,False
45.0,3771.9040481734455,112.49485622013873,3796.4001341949556,119.90164257105747,3809.262647730125,99.41621200810792,,151.97117378709865,False,True
45.5,3814.549934674739,115.10961631927708,3839.6572425642576,122.68813595317326,3852.7432028581607,102.01940024497056,,,False,False
46.0,3857.2158196529836,117.74938951188446,3882.9479696037474,125.50342446789367,3892.585131931988,103.45463815064615,12.671474192645151,146.63203001966167,True,True
46.5,3899.90169701645,120.4142344522549,3926.2702229695724,128.3423633498298,3936.090309117635,106.09609885970636,,,False,False
47.0,3942.607554583534,123.10420046828713,3969.6257371417946,131.2042634466905,3981.907376624444,109.68548201934391,,152.33057606295688,False,True
47.5,3985.3333740864678,125.81932439914604,4013.006669987311,134.0924583906501,4025.4987383034163,112.38566900704704,,,False,False
48.0,4028.0791311768858,128.55962742036704,4056.409246346515,137.00565535390305,4079.017831772441,115.98880982372904,13.773276520613804,157.61920376329928,True,True
48.5,4070.8447954332382,131.32511187264606,4099.842675391076,139.94086505973405,4122.7745828896495,118.74700189058895,,,False,False
49.0,4113.630330370061,134.1157581105874,4143.300022562943,142.89685025358207,4154.543203523943,116.74511744160296,,144.8903692604666,False,True
49.5,4156.435693449087,136.93152138763614,4186.776627768946,145.87952316106296,4198.210538950129,119.49842642449907,,,False,False
50.0,4199.260836092207,139.77232879330268,4230.284105571917,148.88810936925447,4239.939081373307,100.48594503404776,17.26314434721285,141.9414996907725,True,True
50.5,4242.105703696263,142.63807625859482,4273.81996977749,151.92520402930327,4283.639482842475,103.07346370258244,,,False,False
51.0,4284.970235649683,145.52862564530702,4317.382699764701,154.9959532881513,4327.934328587358,105.92051991042581,,156.55070075158426,False,True
51.5,4327.854365350945,148.4438019344805,4360.9725881065115,158.10325923549976,4371.696304210379,108.57878955593704,,,False,False
52.0,4370.758020228863,151.3833905289407,4404.585974824285,161.24041116519345,4389.144262024401,116.66121048011239,11.458788305441516,146.8009308304731,True,True
52.5,4413.681121764691,154.34713468434416,4448.221471994917,164.4020994672204,4432.669139271952,119.41790284944004,,,False,False
53.0,4456.623585516045,157.3347330826258,4491.881917835392,167.59040395256656,4463.689337750251,116.96614122690687,,149.44208880669203,False,True
53.5,4499.58532114262,160.34583756113327,4535.569321547031,170.8075581935649,4507.129660969061,119.72216055858044,,,False,False
54.0,4542.566232433715,163.38005101006897,4579.278290206958,174.05101329567,4538.5482007853525,121.10854436117918,13.913525498688651,152.8319699462745,True,True
54.5,4585.566217337532,166.43692545013732,4623.00647621461,177.32244533662387,4581.8993572617765,123.90006777527537,,,False,False
55.0,4628.585167992268,169.51596030151563,4666.763824574962,180.62185249141228,4626.4977776153155,127.21797298031709,,161.63142848001678,False,True
55.5,4671.622970758968,172.6166008544377,4710.5547766848185,183.94640888126943,4669.922991540565,130.06562114701103,,,False,False
56.0,4714.679506256141,175.7382369508011,4754.372986424295,187.298364854032,4703.651357649963,132.79512364847474,14.329732421214386,157.19732364769334,True,True
56.5,4757.754649396125,178.88020188528782,4798.216227143901,190.66997647503314,4747.024874902117,135.6836725550295,,,False,False
57.0,4800.84826942319,182.04177153352728,4842.082023731829,194.0584206087079,4806.2168740793695,144.90395916633204,,174.12612884127446,False,True
57.5,4843.960229953364,185.22216371383348,4885.9669531513355,197.46864631369698,4849.796549578002,147.89262917324035,,,False,False
58.0,4887.090389015986,188.42053778802085,4929.871713207734,200.905161079028,4874.7072016338525,152.83092728927468,14.05413263631604,156.5064985350316,True,True
58.5,4930.2385990969415,191.6359945057497,4973.7999385051535,204.36525167308082,4918.135636114165,155.8803132375261,,,False,False
59.0,4973.404707183602,194.8675760957761,5017.75386656306,207.84517355850974,4952.835472775285,155.34195492648828,,159.98374501699948,False,True
59.5,5016.588554811433,198.1142666063885,5061.732616151173,211.34176955436655,4996.220775983062,158.39040947793188,,,False,False
60.0,5059.789978112263,201.37499249620956,5105.730218934052,214.85213283531996,5063.594420112534,150.11387104885645,18.453108265461346,174.566057687837,True,True
60.5,5103.008807864203,204.6486234754285,5149.751582140215,218.38039636261988,5107.261378095906,153.09539954084346,,,False,False
61.0,5146.244869543188,207.9339735964173,5193.801140090113,221.92702021081269,5139.124993234259,151.22764407787548,,160.57314142492953,False,True
61.5,5189.497983376141,211.22980259157114,5237.87123764374,225.48761347430232,5182.717408461011,154.19173452584138,,,False,False
62.0,5232.767964395734,214.53481745511212,5281.960950665743,229.057030143697,5224.7364507243,179.67484305712014,13.333848030335197,178.32710376572214,True,True
62.5,5276.054622496734,217.84767426450304,5326.079326172453,232.64134422828934,5268.365332927193,182.86134629148125,,,False,False
63.0,5319.357762493902,221.16698023604633,5370.227522277948,236.24759775197327,5308.775719485533,184.77845298180398,,168.95449243024308,False,True
63.5,5362.677184181456,224.49129600819205,5414.398196127192,239.86722097178827,5352.4215750274925,187.98622583954577,,,False,False
64.0,5406.0126823940545,227.81913814505552,5458.592553676268,243.49170794135762,5380.53484282288,212.23274378934335,13.36301225943161,172.84803114690965,True,True
64.5,5449.36404706929,231.14898185165328,5502.815141153663,247.12260320115752,5424.08092974705,215.6309568388421,,,False,False
65.0,5492.731063311676,234.47926389141023,5547.063397975192,250.76336171132908,5464.389635548918,217.7838654401042,,171.33958499728658,False,True
65.5,5536.1135114581075,237.8083856955756,5591.335219043316,254.40528517284469,5507.948730702239,221.1803728957815,,,False,False
66.0,5579.511167144772,241.13471665331423,5635.628111912719,258.0388919687135,5537.085793029115,230.97339757431763,15.543072172879404,169.86806437878377,True,True
66.5,5622.923801375494,244.45659757041685,5679.937846976048,261.66722949950224,5580.538377319972,234.40672666086334,,,False,False
67.0,5666.351180591486,247.77234428380305,5724.2604196433185,265.2947278818419,5624.285124853295,237.9585697446088,,175.92525347368107,False,True
67.5,5709.793066742498,251.08025141827497,5768.603171127598,268.9179767625295,5667.768949535361,241.3872568233645,,,False,False
68.0,5753.2492173593255,254.37859627132354,5812.968965523231,272.5359703050655,5724.3998409086735,235.79623407688678,18.763909458979363,180.46699852377543,True,True
68.5,5796.71938562767,257.6656428111946,5857.350323102752,276.1504542803802,5768.043293012782,239.1424748233645,,,False,False
69.0,5840.203320463319,260.93964577289114,5901.747940325825,279.7489928514421,5813.431173406876,243.15214145265833,,179.39569888861018,False,True
69.5,5883.700766588632,264.1988548363253,5946.157007540035,283.3249120859731,5857.115626687451,246.46508177008636,,,False,False
70.0,5927.211464610299,267.4415188704375,5990.5762477158205,286.8838461541915,5911.2276676005595,265.12204737557784,16.50651966390499,190.4027669991218,True,True
70.5,5970.735151098353,270.66589022677647,6034.999894164185,290.4319540175867,5955.028662136223,268.5383566893351,,,False,False
71.0,6014.271558666414,273.8702290657821,6079.429175528989,293.9689371679507,5990.80524762787,269.00708462305784,,175.59405482979446,False,True
71.5,6057.8204160531395,277.05280769883217,6123.873304567408,297.48769342022365,6034.5456086523045,272.36694424615285,,,False,False
72.0,6101.381448204849,280.21191492901147,6168.327686096274,300.9803219205035,6100.555182482759,257.9856982474036,20.587761772508454,187.31957463929126,True,True
72.5,6144.954376359313,283.3458603735284,6212.795492780342,304.4422795649472,6144.523847692197,261.14847282073436,,,False,False
73.0,6188.538918130664,286.45297875075073,6257.282430272506,307.8849957047508,6194.457389477322,266.3851041802428,,187.16641426320476,False,True
73.5,6232.134787595412,289.5316341149487,6301.784246476927,311.3085658143999,6238.515522542229,269.5274032499847,,,False,False
74.0,6275.741695379545,292.5802240220278,6346.3015526821655,314.704724827695,6279.631457918542,258.29270008053606,19.762095045939862,178.00381844778917,True,True
74.5,6319.359348746671,295.5971836097982,6390.838255599728,318.0748878991063,6323.690312087941,261.2627412112077,,,False,False
75.0,6362.987451687188,298.5809895766663,6435.385029467364,321.4194274002685,6366.855761128753,263.88293892968414,,184.9156938904393,False,True
75.5,6406.625705008454,301.530164043041,6479.948052357506,324.73306951969056,6410.930444807043,266.79195878071846,,,False,False
76.0,6450.273806425923,304.4432782802262,6524.537091482174,328.0081771822758,6460.360985220686,274.52003763635975,18.59736698817104,191.09360734004244,True,True
76.5,6493.931450655222,307.3189562921122,6569.145028857475,331.2464511425649,6504.530471332184,277.3927352919881,,,False,False
77.0,6537.5983295051465,310.15587823558906,6613.771323126889,334.44580591222814,6563.76916838142,285.08808171408765,,197.50899106231245,False,True
77.5,6581.274131971537,312.9527836662721,6658.410562369634,337.60304866647687,6608.111336349661,287.9217487429087,,,False,False
78.0,6624.958544332012,315.70847459685973,6703.05408570228,340.7205786733308,6668.884669987454,313.3258520439889,17.701932800437454,205.1388357570572,True,True
78.5,6668.651250241535,318.42181835622563,6747.698818769783,343.801096626953,6713.392711606359,316.2659742862111,,,False,False
79.0,6712.351930828774,321.0917502381839,6792.349756365228,346.8451108770321,6767.494693254625,321.8643186845439,,196.46166668341854,False,True
79.5,6756.060264793232,323.7172759297487,6837.02100898516,349.8472350864117,6812.12026697059,324.7501774729338,,,False,False
80.0,6799.775928503119,326.2974737096377,6881.712358365627,352.8022383730921,6835.225079280574,354.21562599800495,16.705147678679538,187.39565756045425,True,True
80.5,6843.498596093935,328.83149640873734,6926.411196812616,355.71410102390564,6879.688196627293,357.2131566256731,,,False,False
81.0,6887.22793956773,331.318573125252,6971.123006726844,358.5866012297205,6939.884399520479,364.96542843674086,,202.99610301203325,False,True
81.5,6930.963628893012,333.75801068829367,7015.848472904601,361.40483037236237,6984.521218188632,367.9125706321151,,,False,False
82.0,6974.705332105286,336.1491948647328,7060.573702995921,364.1639680797684,7022.32197918047,375.39113089185486,19.377831083702706,191.06325161802206,True,True
82.5,7018.452715408165,338.4915913052145,7105.300670826232,366.87132841988745,7066.900010678151,378.2622905613232,,,False,False
83.0,7062.205443275054,340.7847462263465,7150.0355688257005,369.5253709295013,7109.15220018393,380.47946477364326,,193.02806416086963,False,True
83.5,7105.963178551348,343.0282868271807,7194.77738982012,372.12971386225064,7153.724262735483,383.243967491187,,,False,False
84.0,7149.725582557143,345.2219214392314,7239.524421592504,374.6933297163885,7154.858515698894,416.98340778811405,16.744740626474385,179.84620929138543,True,True
84.5,7193.492315190389,347.3654394103984,7284.282980611644,377.21254601292054,7199.060248312301,419.8877988582921,,,False,False
85.0,7237.263035030497,349.458710724286,7329.049198031074,379.68182664383716,7216.985134717608,416.63152104472124,,179.4676973614236,False,True
85.5,7281.037399442336,351.5016853575239,7373.825291436423,382.10556572426697,7260.960515630552,419.38900040049435,,,False,False
86.0,7324.815064680602,353.49439237879824,7418.617309823258,384.47932125280244,7340.2787837184505,400.4609235992446,22.813298099701115,210.42380700390183,True,True
86.5,7368.595685994527,355.43693879438786,7463.41314614409,386.8011170403789,7384.584036571544,402.9664540690794,,,False,False
87.0,7412.378917732896,357.3295081460638,7508.21265742581,389.07607196875716,7453.745248362999,410.42234036522996,,213.77039006215597,False,True
87.5,7456.164413449333,359.1723588682482,7553.023580046499,391.3025638129159,7498.290559103514,412.87896471895715,,,False,False
88.0,7499.951826007829,360.9658224123327,7597.8469808017335,393.47687856033536,7528.4448893930885,426.54168002861434,19.71395049461155,193.55507925984568,True,True
88.5,7543.74080768849,362.7103011470298,7642.674113652736,395.6076510931371,7572.879941529188,428.98403091798735,,,False,False
89.0,7587.531010293451,364.4062660445572,7687.497243849939,397.69481921321557,7638.7619426797455,435.2855014575469,,214.1098602870736,False,True
89.5,7631.322085252941,366.0542541633455,7732.319168484481,399.7406393521733,7683.385128681951,437.68041444671644,,,False,False
90.0,7675.1136837314625,367.6548659387936,7777.142979770443,401.74278392190087,7728.547733918762,453.1547972907368,20.125671596820602,204.98406228823887,True,True
90.5,7718.905456734049,369.2087622943864,7821.97200532237,403.68647606187136,7773.187548145804,455.546850642803,,,False,False
91.0,7762.697055212571,370.71666158621844,7866.803146523827,405.58013853330937,7813.244537925669,457.34248181517376,,199.0942613661727,False,True
91.5,7806.488130172062,372.179336394641,7911.628910315885,407.4293797316913,7857.840623233622,459.637941745317,,,False,False
92.0,7850.278332777023,373.5976101773625,7956.457899801698,409.23357338092114,7899.5567295401,450.9792656980993,22.250952666776595,198.2508427485802,True,True
92.5,7894.067314457684,374.9723537988788,8001.287735117381,410.98845487293505,7944.128177403437,453.10337907984535,,,False,False
93.0,7937.85472701618,376.3044819515917,8046.113203231583,412.6943290396754,7988.612706159798,455.17402282400565,,203.63246276712243,False,True
93.5,7981.640222732616,377.5949494843872,8090.940014754619,414.3619760909596,8033.180512844869,457.21350978038345,,,False,False
94.0,8025.423454470986,378.84474765478757,8135.763619917866,415.98951035912654,8078.761135112458,467.5241340967436,21.10195910879134,207.31939284886772,True,True
94.5,8069.204075784912,380.05490032106104,8180.589441273309,417.57625392886666,8123.339609615874,469.54540173013305,,,False,False
95.0,8112.981741023177,381.2264600908728,8225.416089810942,419.1220809651964,8191.814418703312,472.642735676891,,221.33742049268298,False,True
95.5,8156.756105435015,382.36050444318283,8270.243832099975,420.62969726186043,8236.606292413355,474.6024997758901,,,False,False
96.0,8200.526825275123,383.4581318401477,8315.076404756728,422.0999834542378,8269.39898792362,526.3584848136096,18.23144858066661,210.93264228529102,True,True
96.5,8244.29355790837,384.5204578457579,8359.904920594998,423.5309915121251,8314.102971473178,528.5957807274684,,,False,False
97.0,8288.055961914164,385.5486112678435,8404.724188809772,424.92724462798094,8354.065817289502,530.9048622875489,,203.9354591443924,False,True
97.5,8331.813697190459,386.5437303399086,8449.538719080461,426.2900409439391,8398.715644967535,533.0785740845565,,,False,False
98.0,8375.566425057346,387.50695895900844,8494.35663166266,427.6292041706574,8454.61813649635,524.2131457328657,22.978096922716208,212.33809877437335,True,True
98.5,8419.313808360224,388.4394429955665,8539.178806071044,428.9456064350334,8499.371642166081,526.2711229039567,,,False,False
99.0,8463.055511572498,389.34232669064045,8584.001135800805,430.2346975109755,8567.90896844648,526.2280992995111,,223.41245259184493,False,True
99.5,8506.791200897782,390.2167491556892,8628.824605240186,431.5045822823972,8612.872087277385,528.2360229037167,,,False,False
100.0,8550.520544371577,391.0638409893703,8673.651767466159,432.75053854304804,8633.684440807829,548.6738400642085,21.351003280401265,198.3477158052148,True,True
100.5,8594.243211962392,391.8847210253101,8718.466954777265,433.97109450333585,8678.438184450182,550.7593975573567,,,False,False
101.0,8637.958875672279,392.6804932241398,8763.266704267073,435.17316210467834,8738.159217490133,550.5891609701783,,220.55249065433026,False,True
101.5,8681.667209636737,393.45224372238397,8808.065141722378,436.3499132735365,8783.027017529372,552.6246103319045,,,False,False
102.0,8725.367890223975,394.20103805002515,8852.863505771587,437.50367220080705,8824.38031917686,521.3819126699992,25.22628030034641,200.67205806854136,True,True
102.5,8769.060596133499,394.92791852775406,8897.654999641683,438.64189955321194,8869.20416381012,523.1542431505762,,,False,False
103.0,8812.745008493976,395.63390185405177,8942.437541779447,439.7573835838856,8916.581918501763,524.3151479548435,,213.1863597089799,False,True
103.5,8856.420810960366,396.31997689134437,8987.219834747624,440.84843959482333,8961.42081209601,526.0409263461321,,,False,False
104.0,8900.08768981029,396.98710265952235,9032.007747442762,441.911623839698,8971.293616403405,596.6992086351188,18.55745131894196,202.39007816163678,True,True
104.5,8943.74533403959,397.6362065441349,9076.796976100968,442.95198570131635,9015.861326491813,598.8403061197814,,,False,False
105.0,8987.393435457057,398.26818272555363,9121.58154041173,443.98455011060935,9070.299310532104,598.1497876304337,,218.9313981024789,False,True
105.5,9031.031688778325,398.8838908343601,9166.35907846329,445.0087408560536,9114.939386783251,600.264447393162,,,False,False
106.0,9074.659791718841,399.4841548371466,9211.125990792958,446.02180667266,9146.441044228079,568.4600189296469,25.853974100206315,196.75737375378023,True,True
106.5,9118.277445085967,400.0697621558387,9255.888903183497,447.0219812975612,9190.946758911055,570.3252070911763,,,False,False
107.0,9161.8843528701,400.6414630225546,9300.649842968685,448.00259843802843,9222.29085939337,576.8119676126548,,205.62986113916463,False,True
107.5,9205.480222334849,401.1999700709147,9345.400446478927,448.96419138341184,9266.673951821187,578.6720181558562,,,False,False
108.0,9249.064764106199,401.7459581636095,9390.146794010036,449.91852700783784,9304.637113635208,569.8937280942389,24.257634365957877,207.03237794797536,True,True
108.5,9292.637692260661,402.2800644549344,9434.88797565008,450.8677470943786,9348.953027407664,571.6742054333484,,,False,False
109.0,9336.19872441237,402.8028886859015,9479.617197288368,451.8100008314774,9398.167922656257,571.053955355589,,218.36958172979436,False,True
109.5,9379.747581799096,403.31499370845967,9524.33932589526,452.74198651618275,9442.504327695,572.807148423327,,,False,False
110.0,9423.283989367157,403.81690623428534,9569.054264994906,453.6545678952531,9483.376379491407,562.1132003559605,24.502009591977323,210.24289010189617,True,True
110.5,9466.80767585521,404.30911780256434,9613.761098759482,454.55243280580873,9527.664448901118,563.7540015409653,,,False,False
111.0,9510.318373876878,404.79208596016656,9658.462327377561,455.43798934122424,9589.67080021807,555.2619845135118,,228.11741201779336,False,True
111.5,9553.815820002192,405.26623564662924,9703.152065706969,456.3095088139391,9634.086380500708,556.8174551247363,,,False,False
112.0,9597.29975483784,405.73196077541365,9747.830022901657,457.17315223723597,9671.248296600554,573.7209530228314,22.92405243129004,213.74869281400416,True,True
112.5,9640.769923106185,406.18962600198796,9792.502775207126,458.0286248126901,9715.590168035174,575.363805795227,,,False,False
113.0,9684.226073723014,406.63956866842284,9837.160022000524,458.88020774831176,9778.852337882157,564.5134496966964,,229.6386272881724,False,True
113.5,9727.667959874027,407.0821009133651,9881.798715765444,459.7314247829938,9823.313998435173,566.078390428545,,,False,False
114.0,9771.09533909002,407.5175119354875,9926.424762296174,460.57747487688096,9839.487366451938,623.3919925903365,21.321988770305374,205.65210817642713,True,True
114.5,9814.50797332074,407.9460703977991,9971.03561335418,461.41818169015255,9883.70077268038,625.3084011057952,,,False,False
115.0,9857.905629007406,408.3680269595439,10015.640566560336,462.25410288242165,9931.769363928088,623.8187255472147,,220.94292811287625,False,True
115.5,9901.288077153837,408.78361692182386,10060.244004045,463.08472204588145,9976.00549534736,625.7097817136614,,,False,False
116.0,9944.65509339622,409.19306297254786,10104.83926020735,463.9106299616632,10027.345093785838,589.9189307166049,26.073802176527657,219.31131842279865,True,True
116.5,9988.006458071455,409.596578015847,10149.425416003149,464.72844584357074,10071.613394444417,591.5612756701266,,,False,False
117.0,10031.341956284054,409.9943680706979,10193.999616775915,465.5441369877108,10111.501756160975,597.8208213211144,,215.55964711998533,False,True
117.5,10074.661377971608,410.3866352231701,10238.561416212577,466.3577059304347,10155.710600514474,599.4925460236344,,,False,False
118.0,10117.964517968776,410.7735806164581,10283.114092232774,467.1626835009936,10184.785455833735,628.9900951076968,23.33548382773732,209.36305437923195,True,True
118.5,10161.251176069776,411.1554074626754,10327.651358036414,467.96719480921234,10228.851686650587,630.8333669934555,,,False,False
119.0,10204.52115708937,411.53232406028076,10372.177805730345,468.77129963924205,10281.032766567268,623.3235334874813,,225.84406875182114,False,True
119.5,10247.774270922324,411.9045468009688,10416.694230840536,469.57021228599,10325.140738139617,625.1085403458857,,,False,False
120.0,10291.010332601309,412.2723031498972,10461.184850820397,470.36228573128926,10377.698924067907,622.2878530955276,23.84244096090051,227.29684734259632,True,True
120.5,10334.22916235325,412.63583458323626,10505.654553278133,471.1441294165094,10421.826797613987,624.0331869748007,,,False,False
121.0,10377.43058565408,412.9953994672102,10550.107236981774,471.9177569383991,10438.717627122389,660.0325825144113,,200.48754517355468,False,True
121.5,10420.614433281911,413.3512758630602,10594.542770410373,472.68745774867637,10482.598167841055,661.9841470461323,,,False,False
122.0,10463.780541368571,413.7037642426884,10638.970975814993,473.46052509497713,10549.329787941944,607.1992684342388,25.920300372438838,236.23928603390615,True,True
122.5,10506.928751449526,414.05319010014074,10683.393620188612,474.2336579031785,10593.368203941329,608.8064124705575,,,False,False
123.0,10550.058910512147,414.39990644455725,10727.807386358674,475.0091564454186,10636.840362894392,611.5013119419261,,220.7663851214132,False,True
123.5,10593.170871042323,414.7442961607496,10772.206801543332,475.7952537559098,10680.850469748551,613.1326496367735,,,False,False
124.0,10636.264491069387,415.086774224165,10816.593499924365,476.59352941474003,10718.483436984365,634.7716363351421,24.00520380239375,215.97637525838843,True,True
124.5,10679.339634209371,415.4277897576539,10860.97234535206,477.40672836516995,10762.424951366002,636.5587787363224,,,False,False
125.0,10722.396169706544,415.7678279181758,10905.340805989723,478.2232954832757,10810.391030436609,629.8979060347478,,225.8002705028964,False,True
125.5,10765.433972473245,416.10741160234846,10949.692605471133,479.0408740951806,10854.334861245039,631.642477601392,,,False,False
126.0,10808.452923127981,416.4471029605696,10994.02223807292,479.86662984376346,10895.079091981046,646.0127565462514,24.170258996967256,219.58302311101502,True,True
126.5,10851.452908031799,416.78750471031026,11038.334111116348,480.6939793218937,10938.958995036532,647.8499222331241,,,False,False
127.0,10894.433819322894,417.1292612400932,11082.637706363785,481.52679960696804,10985.987034116528,642.6202561033966,,225.4757779571491,False,True
127.5,10937.39555494947,417.4730594966251,11126.92706818521,482.36745712125116,11029.866993517515,644.4327028364551,,,False,False
128.0,10980.338018700822,417.81962964853926,11171.203404361439,483.2069352204515,11077.07696739703,584.8881214362469,27.961173445227598,221.93382334492375,True,True
128.5,11023.26112023665,418.1697455212262,11215.477168198262,484.0466687030746,11120.957364803162,586.3277611202528,,,False,False
129.0,11066.164775114567,418.52422479827914,11259.740664564835,484.8870783573424,11176.651152080636,548.4786917607728,,238.39364529865733,False,True
129.5,11109.048904815829,418.8839289861454,11303.985441474271,485.7288456852299,11220.588146330429,549.683390845679,,,False,False
130.0,11151.91343676925,419.249763139665,11348.209036276132,486.58430572294304,11256.116032873266,532.6792483648378,27.32608436228163,212.26910040770088,True,True
130.5,11194.758304373305,419.62267534727215,11392.416147708298,487.460875816401,11299.947557042708,533.8086995261069,,,False,False
131.0,11237.583447016423,420.0036559757419,11436.60538878017,488.358508631928,11345.168857421773,528.8097841414218,,226.0266759797745,False,True
131.5,11280.388810095448,420.3937366754703,11480.780933230735,489.2756225977426,11388.978097895315,529.9434377134202,,,False,False
132.0,11323.17434503227,420.7939891483814,11524.949394447314,490.21460552488264,11431.289997743821,592.1759212887767,22.373794305146752,219.868558434721,True,True
132.5,11365.940009288623,421.2055236816503,11569.105925935668,491.1705148904667,11475.075712226384,593.719320809751,,,False,False
133.0,11408.685766379042,421.6294874515154,11613.25277251405,492.1299580151839,11522.240796361413,578.8705474377704,,229.50366020275334,False,True
133.5,11451.411585881975,422.0670626025195,11657.386259268682,493.09153087378127,11566.026742974997,580.3235501415276,,,False,False
134.0,11494.117443449059,422.5194641085636,11701.50428972015,494.0631519490379,11604.621853313261,585.6181304270626,25.809749631748762,217.07601483843249,True,True
134.5,11536.803320812525,422.9879374231731,11745.606972279562,495.04671825470143,11648.337479206893,587.1183953168598,,,False,False
135.0,11579.46920579077,423.4737559273632,11789.690671750388,496.0429547769489,11691.493244917581,591.3718300201805,,223.6373077384186,False,True
135.5,11622.115092292064,423.9782181844382,11833.755761917155,497.0555212965081,11735.166657494983,592.9199834350154,,,False,False
136.0,11664.740980316406,424.5026450119696,11877.803435152837,498.09025003959033,11770.488331660934,562.7260615438802,27.872424450780557,216.48213358629062,True,True
136.5,11707.346875955525,425.04837638206135,11921.834996819902,499.14943373083435,11814.061236383206,564.1333030424407,,,False,False
137.0,11749.932791391026,425.6167681618291,11965.858724968819,500.23538523190354,11857.179919763137,590.1517795286163,,217.8497156940834,False,True
137.5,11792.498744890676,426.20918870678224,12009.877290427505,501.35193499033204,11900.737502126514,591.7644509192492,,,False,False
138.0,11835.044760802844,426.827015320509,12053.8846045829,502.491297124932,11936.874833113658,513.7479684792578,27.880704907947354,230.72347706010592,True,True
138.5,11877.57086954908,427.47163059471427,12097.877902058262,503.6503664800371,11980.343201557553,514.9320314236327,,,False,False
139.0,11920.077107614843,428.1444186442482,12141.862904685324,504.83964517182693,12024.035401182058,505.963173955373,,228.06709329028075,False,True
139.5,11962.563517538403,428.84676125229026,12185.834167400377,506.0652191694265,12067.480782883045,507.1530277810151,,,False,False
140.0,12005.030147897869,429.58003394130975,12229.787123600932,507.3248261719545,12106.589668186534,467.7974376303281,26.67398523205496,227.59646677725792,True,True
140.5,12047.4770532964,430.345601985814,12273.724066375109,508.6255304998692,12149.963701819463,468.8220347150655,,,False,False
141.0,12089.904294345564,431.14481638321524,12317.64887196454,509.96775723581254,12193.785929906964,453.02448496159457,,230.1450946403348,False,True
141.5,12132.31193764689,431.97900979939254,12361.567886482297,511.3499188204996,12237.142101559088,454.0291281825361,,,False,False
142.0,12174.700055771558,432.8494925057015,12405.472236015541,512.7694517910599,12284.296254275361,502.07237371326147,23.586498123362524,221.12526766019815,True,True
142.5,12217.068727238317,433.7575483242823,12449.363895473962,514.218419572258,12327.654226828487,503.4172196127513,,,False,False
143.0,12259.41803648955,434.7044305985442,12493.250561982779,515.7061625721933,12371.185199585483,495.34756510266493,,228.16099645262375,False,True
143.5,12301.74807386556,435.69135820565486,12537.118138173453,517.2392638407673,12414.517952587095,496.7200960587545,,,False,False
144.0,12344.058935577052,436.7195116277405,12580.965726265114,518.8205595358226,12453.858685761994,478.1550457551828,25.451047809189607,228.62572170950892,True,True
144.5,12386.35072367582,437.7900290983051,12624.796973553995,520.4531626800662,12497.123241762252,479.50911453022434,,,False,False
145.0,12428.62354602367,438.90400284010786,12668.609498808835,522.1335170903916,12549.875331863637,545.2862670825108,,210.4142557615909,False,True
145.5,12470.877516259556,440.06247541039505,12712.408737591073,523.8592624991056,12593.178054933029,547.1061329109696,,,False,False
146.0,12513.112753764968,441.2664361689718,12756.19415281099,525.627412210794,12627.367919505337,508.9735994076527,26.20757018893254,229.18862465713428,True,True
146.5,12555.32938362757,442.51681788411673,12799.965316673686,527.4385501780315,12670.573590684684,510.64696373984066,,,False,False
147.0,12597.527536603093,443.81449349079696,12843.726096275226,529.3008922230765,12711.732033150118,498.79265119254006,,228.94177920696276,False,True
147.5,12639.707349075505,445.16027301502794,12887.477181322596,531.2134398774529,12754.900429691996,500.4875955738886,,,False,False
148.0,12681.86896301547,446.55490067755096,12931.209007945612,533.1708977138076,12794.763533651942,472.2774532772248,24.49524212813637,234.82602973258642,True,True
148.5,12724.012525937102,447.9990521892693,12974.920100763242,535.1810395758217,12837.865206583967,473.89531547028514,,,False,False
149.0,12766.138190853027,449.4933322500981,13018.61341208226,537.2509032567403,12887.286385351383,520.3113935871859,,215.5194232647132,False,True
149.5,12808.246116227783,451.0382722620443,13062.287271558323,539.3715055828364,12930.39509033586,522.2948233647601,,,False,False
150.0,12850.33646592954,452.63432826644726,13105.951091394198,541.5379659889047,12963.66761029711,466.19006544708304,25.393675904822278,236.98608447629607,True,True
150.5,12892.409409180187,454.2818791143796,13149.60304307073,543.7591907528199,13006.681265358753,467.9389556828825,,,False,False
151.0,12934.46512050379,455.9812248782379,13193.236540603777,546.0388933357741,13042.662266547051,447.5742435494249,,230.8683706387327,False,True
151.5,12976.503779673423,457.732585511547,13236.860022780878,548.3799456069742,13085.595142353897,449.3130954719277,,,False,False
152.0,13018.525571656415,459.5360997629617,13280.467156187739,550.7873311419611,13081.797906627211,339.39474543376036,29.97306872962271,230.35057479581988,True,True
152.5,13060.530686558002,461.3918243493903,13324.058019543054,553.2500972717619,13124.366357542529,340.6149685311896,,,False,False
153.0,13102.519319563422,463.2997333920713,13367.638777772234,555.759982850528,13158.517279729991,313.1714206143439,,232.93407456360805,False,True
153.5,13144.491670878453,465.25971811833824,13411.203253875228,558.3270498334472,13200.995301371036,314.32515574479856,,,False,False
154.0,13186.447945668442,467.27158683068603,13454.754671862374,560.9496194519832,13218.146468404111,243.25734411799363,26.63777042536708,236.5412613241969,True,True
154.5,13228.388353995793,469.33506514363154,13498.303900222727,563.6285237109292,13260.427517996908,244.104338542375,,,False,False
155.0,13270.313110755993,471.4497964877357,13541.855223698854,566.3613482748409,13306.515247385523,259.04001655207185,,223.64679391337415,False,True
155.5,13312.222435612148,473.6153428790296,13585.402540028175,569.1427977370022,13348.814173001356,260.05877091294883,,,False,False
156.0,13354.11655292807,475.8311859509732,13628.939757740027,571.9761990417403,13384.18208225585,255.21893840899168,26.49836249126667,222.19636240536818,True,True
156.5,13395.995691699933,478.0967282449699,13672.467625940855,574.8664714631893,13426.407690831065,256.30357326506623,,,False,False
157.0,13437.860085486525,480.4112947543765,13715.983648727244,577.8105043219122,13473.061219694975,274.1842859920596,,222.8129142992078,False,True
157.5,13479.7099723381,482.77413471588255,13759.487531441648,580.8043454663347,13515.28649724702,275.45698016364724,,,False,False
158.0,13521.545594723859,485.18442364109717,13802.982746719214,583.8431192984076,13527.616069943972,195.88628925111692,27.29641576623221,236.07275710888078,True,True
158.5,13563.367199458102,487.64126558017534,13846.463086550137,586.9214061557165,13569.608232916344,196.77815709228784,,,False,False
159.0,13605.175037625038,490.143695608346,13889.926451885787,590.0395548380303,13616.461754110622,217.4888880266803,,222.2978868099929,False,True
159.5,13646.96936450231,492.690682525275,13933.372448316339,593.1992356006643,13658.444677523728,218.5614813084942,,,False,False
160.0,13688.75043948323,495.2811317563104,13976.806490144372,596.4014202189525,13711.13723940428,236.8815136975926,24.183653233827766,225.16738886403004,True,True
160.5,13730.518525997762,497.9138884438203,14020.228161095894,599.6416942815989,13753.160156817614,238.11931470396118,,,False,False
161.0,13772.273891432287,500.58774071604876,14063.630821886365,602.9244876925244,13831.70223849734,318.95831725658,,208.10368920669566,False,True
161.5,13814.016807048149,503.3014231201845,14107.02823985727,606.2524345567814,13873.937599001898,320.71806519605343,,,False,False
162.0,13855.747547899024,506.05362020566645,14150.425577525953,609.6273943746945,13886.584613559515,271.30269955034095,26.076484467982986,232.24802229373998,True,True
162.5,13897.466392747145,508.8429702431396,14193.815946427712,613.0552147868609,13928.61089873513,272.86811997883456,,,False,False
163.0,13939.17362397838,511.66806906392924,14237.195358696665,616.5292138459031,13971.078312754718,275.48557394792573,,225.4514276503599,False,True
163.5,13980.869527516217,514.5274740044225,14280.570523065366,620.0329604590446,14013.085510366449,277.12241293884153,,,False,False
164.0,14022.55439273467,517.4197079393348,14323.94447665951,623.5636919289798,14110.870937497522,349.58106689396965,19.19908306439698,226.75175743479724,True,True
164.5,14064.22851237013,520.3432633875007,14367.312483851976,627.1257927716757,14153.230612649952,351.6584311792341,,,False,False
165.0,14105.892182432197,523.2966066735572,14410.674981045175,630.7202515068018,14216.953059769172,401.6742331275103,,213.5667334272026,False,True
165.5,14147.545702113517,526.2781821286968,14454.030873962767,634.3485819763993,14259.435625416387,404.0767595856759,,,False,False
166.0,14189.189373698633,529.2864163135421,14497.371859800933,638.009861346561,14253.22061074846,353.93295347326125,27.053257682002645,227.69761742930683,True,True
166.5,14230.82350247192,532.3197222461504,14540.697570605756,641.7086283513188,14295.352732929792,356.1093849102799,,,False,False
167.0,14272.44839662458,535.376503618184,14584.014031960007,645.4444568807876,14337.446881246613,358.2807180295895,,224.3280849945686,False,True
167.5,14314.064367160776,538.4551589823819,14627.320945874735,649.2003295758084,14379.554390863763,360.5059534504923,,,False,False
168.0,14355.671727802888,541.5540858946498,14670.62621327862,652.9738389967533,14384.22604710955,307.5084964172937,24.272843617462154,237.33200358509794,True,True
168.5,14397.27079489595,544.6716849943289,14713.931507751324,656.7739394904258,14426.085401053082,309.46416467645196,,,False,False
169.0,14438.861887311297,547.8063640065309,14757.231373585128,660.5903325036303,14449.885941066505,283.72657090957927,,231.11776004769274,False,True
169.5,14480.445326349425,550.9565416508159,14800.524485957747,664.4188488170934,14491.610371333862,285.54755223954976,,,False,False
170.0,14522.021435642124,554.12065144095,14843.813509441829,668.2599788881734,14543.066691921123,305.0848588317691,24.34797854849366,218.92561289021947,True,True
170.5,14563.590541053893,557.2971453610091,14887.099814337917,672.1092440486202,14584.838476191951,307.01413070322576,,,False,False
171.0,14605.152970582685,560.4844974036859,14930.385509491673,675.9711815769218,14643.386202867188,335.7006865782833,,216.85161719561006,False,True
171.5,14646.709054259989,563.6812069573098,14973.672394238141,679.8494292175171,14685.257492058117,337.79690786645307,,,False,False
172.0,14688.2591240503,566.8858020288043,15016.956516105307,683.7332813239508,14686.48927493975,288.670575634857,25.26147475258317,232.67888597842494,True,True
172.5,14729.803513750008,570.096842290568,15060.236627007893,687.6145711920844,14728.090347697766,290.4778736380105,,,False,False
173.0,14771.342558885706,573.312921940093,15103.513401304916,691.4980291964657,14781.594997358703,312.1471094285649,,218.15005898208742,False,True
173.5,14812.876596611997,576.5326723619941,15146.786216469254,695.3825410980504,14823.255198907009,314.0568054090682,,,False,False
174.0,14854.405965608788,579.7547645830408,15190.051523776368,699.2671305046524,14873.882608712333,328.235774058652,23.666051689014957,219.82399953959614,True,True
174.5,14895.93100597813,582.9779115117332,15233.308429792256,703.1496369914305,14915.575121311766,330.2011046329941,,,False,False
175.0,14937.452059140607,586.200869954951,15276.56459424795,707.0304761946238,14988.084585057164,365.7637626355425,,212.90013997292962,False,True
175.5,14978.969467731356,589.4224424052292,15319.829379852907,710.9141001207785,15029.96940181706,367.905747638685,,,False,False
176.0,15020.483575495678,592.6414785932546,15363.096123430318,714.8011406385383,15131.30413696349,419.9052521447529,21.73922463430566,211.39493818456248,True,True
176.5,15061.99472718434,595.856876801256,15406.36376857257,718.6875360976574,15173.55419304058,422.3155249646881,,,False,False
177.0,15103.503268448556,599.0675849340369,15449.638865451252,722.5707516125113,15229.133937145509,439.7667831153821,,216.31863618828953,False,True
177.5,15145.009545734705,602.2726013455108,15492.91972076844,726.4518039382929,15271.475302598737,442.24758498212503,,,False,False
178.0,15186.513906178796,605.4709754196982,15536.2057679097,730.3231023748928,15313.304942011371,471.4935147329678,25.581003537607906,206.58930504461793,True,True
178.5,15228.016697500721,608.6618079062594,15579.493537097766,734.1849945507131,15355.646432323048,474.0977503942205,,,False,False
179.0,15269.518267898347,611.8442510117443,15622.781471266566,738.037997348934,15408.4440322071,488.9375611497791,,215.88830902657068,False,True
179.5,15311.018965941443,615.0175082488422,15666.068117087256,741.8754631671766,15450.844744889007,491.57922596521854,,,False,False
180.0,15352.519140465507,618.1808340470012,15709.355729114093,745.7027454531807,15478.428075022692,484.8648079271897,23.358374388091498,220.80817061426848,True,True
180.5,15394.019140465507,621.3335331288642,15752.647244196427,749.5205640891724,15520.739962294803,487.4295909359109,,,False,False
181.0,15435.519314989571,624.4749596580135,15795.946801131882,753.3241838600094,15554.37239807901,483.0017685693042,,221.0062569904032,False,True
181.5,15477.020013032667,627.6045161645433,15839.255277201284,757.1127404235929,15596.644596032711,485.4926739133877,,,False,False
182.0,15518.52158343029,630.7216522559733,15882.568611594821,760.8817903783723,15609.514754359134,487.26217468830964,24.875799541003783,214.72305260129514,True,True
182.5,15560.024374752216,633.8258631219705,15925.896353054677,764.6341608219678,15651.624461292116,489.70740815606194,,,False,False
183.0,15601.528735196307,636.9166878422706,15969.239277948569,768.3780689920019,15759.940109120964,547.8526125331889,,198.52524150225352,False,True
183.5,15643.035012482458,639.993707508056,16012.589007842524,772.1072040640263,15802.465653671887,550.5789890162864,,,False,False
184.0,15684.543553746675,643.0565431678851,16055.947862033463,775.8151924705554,15871.895932020645,578.8937938796149,22.41629279629344,207.4030950016171,True,True
184.5,15726.054705435336,646.1048536100324,16099.31371878135,779.5107451841499,15914.596364374866,581.7252803636651,,,False,False
185.0,15767.568813199656,649.1383329938249,16142.68163909787,783.1960998423357,15992.340723531117,615.6624230351571,,204.83178306575337,False,True
185.5,15809.086221790403,652.1567083432233,16186.053753342487,786.8673065636837,16035.255296440411,618.6402964522001,,,False,False
186.0,15850.607274952883,655.1597369164942,16229.431748013874,790.5262870332754,15958.225388508261,564.33030371597,25.987631526396342,230.83968758292556,True,True
186.5,15892.132315322224,658.1472034663606,16272.82312498204,794.1700308403637,16000.44449361146,566.9549006644536,,,False,False
187.0,15933.661684319017,661.1189174054861,16316.23041207191,797.7933360081247,16047.400699573815,573.9729603759934,,213.91784727908365,False,True
187.5,15975.195722045308,664.074709892558,16359.64025303684,801.3962031316659,16089.661495344166,576.5770842693274,,,False,False
188.0,16016.734767181006,667.0144308545597,16403.046920192264,804.9766299962259,16136.687811000504,575.3443966223834,21.186827287203858,217.00884969548463,True,True
188.5,16058.279156880713,669.9379459610917,16446.45289962817,808.5388496336901,16178.967944465017,577.8824232566768,,,False,False
189.0,16099.829226671027,672.8451335667869,16489.862605884566,812.0885764214535,16199.538801722983,566.7338764683974,,220.36073501729433,False,True
189.5,16141.385310348329,675.7358816379832,16533.285206458007,815.6233211579498,16241.702961885589,569.1620249034162,,,False,False
190.0,16182.94773987712,678.6100846798574,16576.718903792364,819.1425517701567,16326.225149404474,593.2663094038691,21.06762791810921,204.62942009510772,True,True
190.5,16224.51684528889,681.4676406801951,16620.158296997477,822.647992941995,16368.649478418329,595.7851059503979,,,False,False
191.0,16266.092954581589,684.3084480858616,16663.604872757245,826.1406019582452,16401.70993122829,591.9370962071577,,215.88285633032203,False,True
191.5,16307.676393619719,687.1324028278649,16707.0615097036,829.618114794329,16444.092700881574,594.3872918912069,,,False,False
192.0,16349.267486035067,689.9393954106441,16750.536075781605,833.079203802912,16486.62244928785,592.974944831286,20.96083844230538,214.29075998868834,True,True
192.5,16390.86655312813,692.7293080809004,16794.03109447507,836.5251558537694,16529.039902933026,595.3676141071032,,,False,False
193.0,16432.473913770238,695.5020120908863,16837.547217353076,839.9604123688055,16575.304944230484,600.5526635153607,,210.8325897728125,False,True
193.5,16474.089884306435,698.2573650706166,16881.089470773524,843.3841259237378,16617.78780022222,602.9348168254242,,,False,False
194.0,16515.714778459096,700.9952085229288,16924.658075513533,846.7926846967642,16732.31404732577,629.1990026317015,18.893307537591646,200.0642700363108,True,True
194.5,16557.348907232383,703.7153654547348,16968.251607746133,850.1893269677062,16775.260791856952,631.6939847545551,,,False,False
195.0,16598.992578817502,706.4176381571524,17011.86776886383,853.5732886792142,16815.830352616467,633.0384322825184,,210.83308909006473,False,True
195.5,16640.646098498823,709.1018061464928,17055.50078983683,856.9438662151093,16858.801039606606,635.4970240012169,,,False,False
196.0,16682.309768560892,711.7676242773176,17099.14798003149,860.2986129300314,16782.608214062268,640.4288477597523,24.940376522344415,216.24810702605546,True,True
196.5,16723.98388819635,714.4148210379603,17142.81531321965,863.6311045508992,16824.93046063457,642.8395351586621,,,False,False
197.0,16765.668753414804,717.0430970380437,17186.501786209028,866.9374497727006,16854.771910271284,638.8731413782037,,213.38588140444043,False,True
197.5,16807.364656952643,719.6521236966157,17230.203596819752,870.2277089476777,16897.05112321243,641.1996740639901,,,False,False
198.0,16849.07188818388,722.2415421385792,17273.921192318332,873.50623029007,16925.209848357626,634.8836155015667,20.38677672971058,214.01629006957444,True,True
198.5,16890.790733032,724.8109623061056,17317.655157961777,876.7671183512728,16967.43389844596,637.1251461709096,,,False,False
199.0,16932.521473882876,727.3599622907079,17361.40857166655,880.0094601767563,17061.525810549934,668.2980002045641,,192.40873630762033,False,True
199.5,16974.264389498738,729.8880878906107,17405.188559568913,883.2313905783608,17104.086827781513,670.6717378919769,,,False,False
200.0,17016.019754933262,732.3948523969851,17448.990457424665,886.4334639322254,17130.010927904572,681.3970533894272,21.142575723842135,205.5574781027888,True,True
200.5,17057.787841447796,734.8797366115434,17492.801390908615,889.6131609161739,17172.505291081998,683.76870268746,,,False,False
201.0,17099.568916428714,737.3421890968904,17536.623681129742,892.7708996545791,17227.31836996788,693.7110844697733,,202.75717607255783,False,True
201.5,17141.363243305987,739.781626659932,17580.46471551317,895.907746214928,17269.907985558042,696.0831805990517,,,False,False
202.0,17183.171081472927,742.1974350675389,17624.323098907058,899.0164001568321,17300.773371631793,701.4635916025439,20.320891851146882,206.11726953893643,True,True
202.5,17224.99268620717,744.5889699925619,17668.19219700774,902.0998943646727,17343.32078137537,703.7935360419231,,,False,False
203.0,17266.82830859293,746.9555581872085,17712.07582192919,905.1607269414087,17373.64163472806,701.5824256056944,,209.07430602114266,False,True
203.5,17308.678195444503,749.2964988797047,17755.983248151548,908.194771076244,17416.152858657657,703.8308658748925,,,False,False
204.0,17350.542589231096,751.6110653891113,17799.91976508804,911.2063589459545,17510.555405500225,690.9140371520533,17.25802320121712,204.48572141062132,True,True
204.5,17392.421728002962,753.8985069521178,17843.88875114621,914.1990020605532,17553.40925048968,693.048820935851,,,False,False
205.0,17434.315845318884,756.1580507546295,17887.88147862117,917.1674482702671,17589.934598611377,692.4787781132051,,206.01294830638352,False,True
205.5,17476.22517017504,758.3889041599784,17931.89768831413,920.1054347041157,17632.795725701846,694.5382871792583,,,False,False
206.0,17518.14992693524,760.5902571246463,17975.940442740997,923.0143313401762,17675.436904057442,691.8937971645996,18.816494439789142,205.3416155537531,True,True
206.5,17560.09033526259,762.7612847914792,18020.007150953435,925.895654248988,17718.34194271455,693.8666173615178,,,False,False
207.0,17602.046610052577,764.9011502495155,18064.098185359137,928.7476602289254,17752.834200556157,691.7743442446639,,205.60157333667325,False,True
207.5,17644.01896136761,767.0090074487342,18108.203992124483,931.5713089452806,17795.72644402954,693.6597492856266,,,False,False
208.0,17686.007594373026,769.0840042572693,18152.32414021216,934.3657295235905,17858.849423851683,693.8107623842551,18.141236711291516,199.77794288876265,True,True
208.5,17728.01270927461,771.1252856479307,18196.466131028898,937.1225708309424,17901.884665289723,695.6243237211,,,False,False
209.0,17770.034501257604,773.131997000225,18240.63003659294,939.8452340558953,17925.452995603766,686.7986738309214,,208.4828161853818,False,True
209.5,17812.073160427237,775.1032875034809,18284.821294870802,942.5391783500096,17968.423523561843,688.4766174331561,,,False,False
210.0,17854.12887175084,777.0383136461654,18329.049893714695,945.1983680251232,17942.28910421822,726.3472012765249,21.520418912828717,198.55958808307705,True,True
210.5,17896.20181500149,778.936242776019,18373.311376443486,947.82649141798,17984.95395189393,728.1316801883726,,,False,False
211.0,17938.292164703245,780.7962567152509,18417.59625618692,950.4249841251773,18025.300234168277,729.170572208616,,201.08548410671983,False,True
211.5,17980.400090078,782.6175554147203,18461.904953828096,952.9795003958496,18067.992735966465,730.8730982310786,,,False,False
212.0,18022.525754993927,784.3993606307808,18506.238745108134,955.4886253617418,18097.312920423123,706.9517040272018,17.11512417451066,212.57192908290233,True,True
212.5,18064.66931791556,786.1409196082985,18550.593734400692,957.958187092319,18139.964569787324,708.4123332083537,,,False,False
213.0,18106.830931855522,787.8415087532493,18594.963828365675,960.3930608601518,18206.905850847972,718.5040624137528,,191.0531288311043,False,True
213.5,18149.010744327934,789.5004372782827,18639.35168859239,962.7878964134343,18249.71868848307,719.9485618143189,,,False,False
214.0,18191.208897303455,791.1170508046843,18683.757296196763,965.1345712783274,18266.064202302714,768.9250961539451,20.329283904241937,185.4214823209626,True,True
214.5,18233.42552716606,792.6907349042967,18728.18435405884,967.4388116363966,18308.779713413343,770.5351111004704,,,False,False
215.0,18275.660764671473,794.2209185651553,18772.637316016026,969.7028674509419,18369.440914187846,788.2669147506361,,188.78436425364637,False,True
215.5,18317.91473490736,795.7070775648654,18817.116807667095,971.9225436635998,18412.30479908715,789.8936565689547,,,False,False
216.0,18360.18755725521,797.148737736091,18861.623628137208,974.0921726758002,18480.729931978287,799.0208255571923,16.817399738141116,189.66641598501224,True,True
216.5,18402.47934535398,798.5454781089376,18906.15597968094,976.2186523680748,18523.78187697621,800.6116055985783,,,False,False
217.0,18444.79020706547,799.8969339154908,18950.71723481366,978.3039959316602,18582.37063989399,820.3067810971578,,186.5406757049699,False,True
217.5,18487.12024444148,801.2027994423228,18995.303738605162,980.3448100405577,18625.56174159128,821.925275806298,,,False,False
218.0,18529.469553692714,802.4628307173871,19039.909084211085,982.3477163550382,18656.261428480935,774.3475290132677,15.596238299326393,213.92109898800146,True,True
218.5,18571.838225159474,803.6768480183956,19084.52816629028,984.3153249349467,18699.394486202767,775.5994208745075,,,False,False
219.0,18614.226343284143,804.8447381905038,19129.162869727053,986.2428802316466,18764.976113463992,790.7389262251978,,184.3788124713909,False,True
219.5,18656.633986585468,805.9664567619129,19173.822653119685,988.1222607545893,18808.271127618933,791.9961954894836,,,False,False
220.0,18699.061227634633,807.0420298468373,19218.512080360073,989.9541643297051,18899.151003906438,785.291913360171,15.262217731934037,185.94480201022355,True,True
220.5,18741.508133033163,808.0715558261705,19263.22567554632,991.7394970880152,18942.74950431831,786.4406201374924,,,False,False
221.0,18783.97476339263,809.0552067971113,19307.95875455244,993.4796608306395,18987.134640759352,788.118385693561,,191.2048472098118,False,True
221.5,18826.461173316187,809.9932297839794,19352.71164425676,995.1755175214089,19030.77324801759,789.1799386728205,,,False,False
222.0,18868.96741138195,810.88594770346,19397.488372605963,996.8280114136865,19061.006555242755,799.9393735988851,16.783049449674078,190.07519765240676,True,True
222.5,18911.493520128184,811.7337600785448,19442.2935352105,998.4371617824179,19104.625329611827,800.9593668818546,,,False,False
223.0,18954.039536040353,812.5371434965047,19487.125516042583,1000.0037267328835,19148.24470390752,801.9162907698928,,189.99943975556477,False,True
223.5,18996.605489540005,813.296651807312,19531.989410302856,1001.5297670281112,19191.918169217854,802.8517102722277,,,False,False
224.0,19039.191404975507,814.0129160600314,19576.884831242973,1003.0117170759398,19189.120022656658,828.3588063885023,17.546050255467172,190.74648364931676,True,True
224.5,19081.797300614628,814.6866441758117,19621.802421520668,1004.4537173308826,19232.603248293468,829.3154474557208,,,False,False
225.0,19124.423188638968,815.3186203572304,19666.73317476444,1005.8617063791258,19272.133328269756,828.2611275954123,,190.24530689174495,False,True
225.5,19167.069075140258,815.9097042348693,19711.685264768785,1007.2362418855556,19315.623639645524,829.134619404071,,,False,False
226.0,19209.7349601185,816.4608297531145,19756.67133221292,1008.5749922795338,19331.7976702931,834.1444293603856,16.162096248524197,192.848262815325,True,True
226.5,19252.42083748197,816.9730037982919,19801.685746657986,1009.8750451649112,19375.199638099803,834.9436797119075,,,False,False
227.0,19295.12669504905,817.4473045733457,19846.727171251157,1011.1328010268277,19395.581873429204,823.0624103259169,,197.60592507992777,False,True
227.5,19337.852514551985,817.8848797243498,19891.795661143464,1012.3517147699778,19438.901577270848,823.6853362860547,,,False,False
228.0,19380.5982716424,818.2869442252052,19936.89161158455,1013.5352813340807,19398.96951346076,847.4926539352828,17.61032102891623,198.83487884036003,True,True
228.5,19423.363935898753,818.6547780279061,19982.004911207106,1014.6875869209201,19441.890656452222,848.1085546828592,,,False,False
229.0,19466.149470835575,818.9897234867622,20027.125802779396,1015.8070374042774,19521.618700105428,871.8175422927409,,168.41939439275697,False,True
229.5,19508.9548339146,819.2931825659267,20072.259445123716,1016.887926761042,19564.761305494743,872.530175387848,,,False,False
230.0,19551.77997655772,819.5666138405091,20117.411798574543,1017.9330352056223,19670.84387925402,874.1876589968186,13.698294231656673,168.30181823405027,True,True
230.5,19594.624844161775,819.8115293024279,20162.583804224003,1018.9493128838855,19714.35608057997,874.900697858068,,,False,False
231.0,19637.489376115198,820.0294909829959,20207.778030118683,1019.9365389280504,19754.43156940058,873.3688033260197,,185.3952606792442,False,True
231.5,19680.37350581646,820.222107405008,20252.996298981994,1020.8876832479449,19797.964199576316,874.000378421355,,,False,False
232.0,19723.27716069438,820.3910298778279,20298.23917289719,1021.8129485103399,19823.46550118614,855.7608413108918,14.056593402261544,195.2468733257997,True,True
232.5,19766.20026223021,820.5379486496353,20343.507413299874,1022.724133505263,19866.934231422456,856.2234998613495,,,False,False
233.0,19809.142725981565,820.6645889316025,20388.799873024826,1023.6152126412464,19900.891643814528,853.0558170192215,,186.4796774099014,False,True
233.5,19852.10446160814,820.7727068093083,20434.111620260534,1024.4854692467984,19944.343781000483,853.4457096081159,,,False,False
234.0,19895.085372899237,820.86408505717,20479.443514815714,1025.3392374997572,20107.020194205452,815.6673219474358,11.220090492821265,161.4849753403328,True,True
234.5,19938.085357803055,820.9405288720815,20524.798321672086,1026.177082404164,20151.12640292441,815.9240611939825,,,False,False
235.0,19981.10430845779,821.0038615427794,20570.16903367932,1027.0001101551175,20174.880223782897,809.1722534995914,,188.8013103953534,False,True
235.5,20024.142111224493,821.0559200717204,20615.56187098289,1027.8106522530986,20218.90682446857,809.3374579829616,,,False,False
236.0,20067.198646721667,821.098550766443,20660.988121230796,1028.6109399730292,20311.617063720354,773.2875889777082,11.700732462205586,178.70459126203716,True,True
236.5,20110.27378986165,821.1336048175042,20706.445517850185,1029.398479819167,20355.94256450269,773.2680502735082,,,False,False
237.0,20153.367409888713,821.1629338801172,20751.929789775186,1030.1815547134136,20400.502835211082,773.2904594599794,,178.12407151725242,False,True
237.5,20196.47937041889,821.1883856765882,20797.441598804497,1030.964730471318,20444.880564597406,773.2648041847513,,,False,False
238.0,20239.60952948151,821.2117996365371,20842.982626606034,1031.7419418632437,20558.631151375666,738.5324052233751,11.580983435241693,167.51980923264986,True,True
238.5,20282.757739562465,821.2350025917076,20888.548964682424,1032.5197683836002,20603.41012295401,738.3736099642873,,,False,False
239.0,20325.923847649123,821.259804541913,20934.135896547232,1033.3004262162635,20630.219984072777,740.5796544073893,,181.73432709170046,False,True
239.5,20369.107695276954,821.2879945083404,20979.74565224304,1034.082124077544,20674.945635935306,740.415006126254,,,False,False
240.0,20412.309118577785,821.3213364900324,21025.3770408968,1034.8655103688186,20695.33397906859,760.2300356103167,13.433099574121647,175.51050034953425,True,True
240.5,20455.527948329727,821.3615655389038,21071.025722267917,1035.6496913002795,20739.97916686062,760.1541165125508,,,False,False
241.0,20498.764010008712,821.4103839681108,21116.693851341497,1036.4366003710572,20759.18883971207,759.72549913893,,183.85920282482218,False,True
241.5,20542.017123841666,821.4694577079964,21162.38349124285,1037.239613272864,20803.73514539642,759.6330905776676,,,False,False
242.0,20585.287104861258,821.540412823174,21208.091263681545,1038.0619978101317,20811.08946406683,782.8691278715152,13.38105654356382,177.21214432284967,True,True
242.5,20628.573762962256,821.6248322035922,21253.81672776814,1038.8911135743463,20855.484635406392,782.8919748569537,,,False,False
243.0,20671.876902959422,821.7242524416483,21299.56256790426,1039.7265525175196,20928.019113376395,788.8217524190592,,160.83978488421369,False,True
243.5,20715.196324646975,821.8401609065974,21345.323181127627,1040.5766382379984,20972.600884447704,788.9333321401825,,,False,False
244.0,20758.53182285957,821.9739930266193,21391.100077075964,1041.4445113922486,21046.48104766939,763.9455812429234,10.687796487818005,171.83033539591048,True,True
244.5,20801.883187534808,822.1271297879972,21436.904892832197,1042.3316037593684,21091.242662304925,763.9813181307953,,,False,False
245.0,20845.250203777196,822.3008954598951,21482.732935159085,1043.24724474381,21117.687869867375,764.9421482970752,,177.5211266185209,False,True
245.5,20888.632651923628,822.4965555522282,21528.57893386347,1044.1974509586964,21162.38975450697,765.0202586736784,,,False,False
246.0,20932.030307610294,822.7153150130935,21574.445600610292,1045.1823744250837,21281.306158602216,695.8988416144483,8.392089756684468,171.46598952823803,True,True
246.5,20975.442941841015,822.958316671172,21620.34051128002,1046.1951580471716,21326.400321885398,695.7259118277221,,,False,False
247.0,21018.870321057006,823.2266399274405,21666.263710379546,1047.2269943084464,21327.315820121086,704.3978492566025,,183.5234225964449,False,True
247.5,21062.31220720802,823.5212996994311,21712.20435652879,1048.287884187812,21372.222502475575,704.2623497850576,,,False,False
248.0,21105.768357824847,823.8432456201774,21758.15628283162,1049.3798168506753,21447.685420379607,656.1292888611056,8.795988420723718,177.4715558795061,True,True
248.5,21149.23852609319,824.1933614928644,21804.11820454998,1050.4954081904118,21492.737072357682,655.8025551293364,,,False,False
249.0,21192.722460928842,824.572465001085,21850.091711297686,1051.6412218014993,21542.775494825648,654.5314742085433,,165.7357577021033,False,True
249.5,21236.219907054154,824.9813076734927,21896.082282878106,1052.8221458546884,21587.879529289534,654.2658626391103,,,False,False
250.0,21279.73060507582,825.4205751005269,21942.091785580473,1054.0331502923175,21598.36753819025,688.7112761871579,11.96311322900456,165.5973630476347,True,True
250.5,21323.254291563873,825.890887399796,21988.121245023744,1055.268413427458,21643.34964631345,688.6509013882584,,,False,False
251.0,21366.790699131936,826.3927999256217,22034.175925122785,1056.5360344049864,21675.09293527088,691.1602822949876,,170.26972482316356,False,True
251.5,21410.33955651866,826.9268042171897,22080.250125025686,1057.8393293312538,21720.047247939605,691.159736177309,,,False,False
252.0,21453.900588670367,827.4933291787247,22126.338753272503,1059.1760713761432,21719.518725494672,728.825214658901,11.691863676636363,167.65616353345612,True,True
252.5,21497.473516824833,828.0927424841046,22172.445343625197,1060.5419365033915,21764.287883222565,729.0391957234592,,,False,False
253.0,21541.058058596183,828.7253521973632,22218.570838719625,1061.9360649990645,21800.680094304887,730.9154413310238,,167.06508558127817,False,True
253.5,21584.653928060932,829.3914085996106,22264.71205889294,1063.3699205960675,21845.435536822384,731.1910042148493,,,False,False
254.0,21628.260835845067,830.0911062120149,22310.867744996798,1064.8455694599218,21864.63342906569,757.7862867730945,10.970725605994238,162.70277697065146,True,True
254.5,21671.87848921219,830.8245860036586,22357.038377599813,1066.3600118111249,21909.298128563143,758.2553879421457,,,False,False
255.0,21715.50659215271,831.5919377722992,22403.217920373452,1067.914877174547,21928.746799029148,761.2442113895098,,172.21898330269687,False,True
255.5,21759.144845473977,832.3932026853386,22449.4000717458,1069.5099656789575,21973.28338481997,761.7681631135482,,,False,False
256.0,21802.792946891448,833.2283759676369,22495.585951959103,1071.145680681079,22015.84433126247,781.7115971193502,10.341782614982515,154.3089432095837,True,True
256.5,21846.450591120745,834.0974097221963,22541.778161094753,1072.8206070326169,22060.391856971317,782.4219083886401,,,False,False
257.0,21890.117469970668,835.0002158692004,22587.97847185956,1074.537037890645,22131.31845213694,783.8133830456444,,149.17440713704238,False,True
257.5,21933.79327243706,835.9366691884143,22634.190737140692,1076.2958577986722,22176.024210483345,784.6472604528354,,,False,False
258.0,21977.477684797534,836.9066104495411,22680.413179330466,1078.090311722759,22332.225504933278,705.9525846299597,6.0566454567778525,144.14532161367134,True,True
258.5,22021.170390707055,837.9098496147932,22726.643510552385,1079.9152745592253,22377.47739843152,706.5532479853856,,,False,False
259.0,22064.871071294296,838.9461690976661,22772.888824469832,1081.7655645175732,22399.604564943962,713.9624498960831,,165.81725321970632,False,True
259.5,22108.57940525875,840.0153270617095,22819.15103027114,1083.644422350082,22444.76640582662,714.6176788246034,,,False,False
260.0,22152.29506896864,841.1170607429668,22865.424971693315,1085.5592772701189,22500.68014813979,717.4908400652774,8.789729079531735,150.73646550892238,True,True
260.5,22196.017736559457,842.251089779709,22911.7059380415,1087.5023708519793,22545.91830881655,718.2352655559421,,,False,False
261.0,22239.747080033252,843.4171195331115,22957.993892982835,1089.4775705801428,22587.40165705061,720.1523887458021,,157.2362509071622,False,True
261.5,22283.482769358532,844.6148443826278,23004.2928676046,1091.4873859999773,22632.63578196509,720.9606191101315,,,False,False
262.0,22327.224472570804,845.8439509799836,23050.6021957916,1093.5230701688483,22654.561024773233,733.948521749157,8.38382204626355,160.90049591593643,True,True
262.5,22370.971855873682,847.1041214459644,23096.920866382206,1095.590325955339,22699.696618852544,734.8448195642721,,,False,False
263.0,22414.72458374057,848.395036494487,23143.253786711797,1097.691244692299,22746.40178611859,735.2934082876511,,153.62325950921624,False,True
263.5,22458.482319016868,849.7163784688341,23189.59481580899,1099.8320998712088,22791.56446933834,736.2592146697338,,,False,False
264.0,22502.244723022664,851.0678342753874,23235.948744102945,1102.009745204755,22814.29835701746,740.9497188001079,7.5321479825195485,162.90694055499023,True,True
264.5,22546.01145565591,852.449098200719,23282.31869430862,1104.2157174278102,22859.367754069426,741.9633386785439,,,False,False
265.0,22589.782175496017,853.8598745984863,23328.696457603855,1106.4514444915676,22880.1178865218,750.6471062750614,,161.30042807397112,False,True
265.5,22633.556539907855,855.299880433224,23375.078567181074,1108.719339679301,22925.070148757215,751.7247090040893,,,False,False
266.0,22677.33420514612,856.768847668835,23421.462594348,1111.0167121119914,22910.072294448906,829.6065347700702,10.663292978428492,146.72045171108223,True,True
266.5,22721.114826460045,858.2665254903402,23467.84992964052,1113.3444185323463,22954.77373429633,831.0856677085621,,,False,False
267.0,22764.898058198414,859.7926823482637,23514.241619497592,1115.7045858117096,22951.252329121802,837.7159041927264,,171.68348008219152,False,True
267.5,22808.68355391485,861.3471078158882,23560.647172861558,1118.091058975757,22995.70755434698,839.2048865043986,,,False,False
268.0,22852.470966473342,862.9296142505223,23607.06782655332,1120.5095578824275,23038.158681270175,839.2545783781605,7.108198801358936,152.0388233609524,True,True
268.5,22896.259948154002,864.5400382508647,23653.493582974195,1122.9635876122468,23082.614684636294,840.7966594300713,,,False,False
269.0,22940.05015075896,866.178241903533,23699.921826061967,1125.4433424982208,23107.880688746645,844.8825413460734,,157.74710443465267,False,True
269.5,22983.84122571845,867.8441138128352,23746.34907253399,1127.9447144855537,23152.22856644805,846.4529889472561,,,False,False
270.0,23027.632824196975,869.5375699089002,23792.777249988238,1130.465009331542,23285.97087267846,761.248813336435,3.2515047253334886,142.90412314794528,True,True
270.5,23071.424597199562,871.2585540303471,23839.209235553928,1133.0084149661188,23330.717397685272,762.5080955471208,,,False,False
271.0,23115.216195678084,873.0070382787469,23885.639411021533,1135.5791352333204,23360.55975396731,769.0150420709602,,152.90236535744953,False,True
271.5,23159.007270637576,874.7830231432237,23932.07141492132,1138.1725345217594,23405.22418122655,770.3256327129981,,,False,False
272.0,23202.797473242535,876.5865373946384,23978.51573239564,1140.7871299405524,23435.943109562057,782.3634964369819,6.681576173402997,148.9632113210881,True,True
272.5,23246.586454923196,878.4176377498992,24024.967957293382,1143.4262838028278,23480.556144769627,783.753386016618,,,False,False
273.0,23290.373867481692,880.2764083080389,24071.420416445937,1146.0878247292703,23510.337265197893,789.9234444634905,,151.39013324614697,False,True
273.5,23334.159363198127,882.1629597607913,24117.875000683754,1148.7689389478578,23554.869710284984,791.3539750445614,,,False,False
274.0,23377.942594936496,884.077428381477,24164.329610767447,1151.4712559379825,23631.119105703412,759.2416529718224,4.555792788803862,143.46930260638933,True,True
274.5,23421.723216250422,886.0199747970667,24210.778505914463,1154.1940814600732,23675.778258476992,760.5720443508774,,,False,False
275.0,23465.50088148869,887.9907825493312,24257.222414043215,1156.947824594553,23723.973220661566,760.4318290776929,,142.46434726560653,False,True
275.5,23509.275245900528,889.9900564520011,24303.665296860574,1159.7424481899134,23768.63813131836,761.8262408156289,,,False,False
276.0,23553.045965740635,892.0180207518338,24350.114159464367,1162.5707582725286,23809.833996589132,776.7936843844885,6.278461967980573,138.24799613009807,True,True
276.5,23596.81269837388,894.074917102437,24396.56799648349,1165.4183392814002,23854.49911424196,778.3057813516828,,,False,False
277.0,23640.575102379673,896.1610023606004,24443.014289149356,1168.2890603132169,23903.5609683222,777.9062449666018,,140.1830347953344,False,True
277.5,23684.33283765597,898.2765462157461,24489.44671655917,1171.1941597083635,23948.220864338215,779.4674485176228,,,False,False
278.0,23728.08556552286,900.4218286639265,24535.86248631863,1174.1287257101221,23930.59697923811,845.8029021621564,7.663350516843864,145.4451100932724,True,True
278.5,23771.83294882574,902.5971373385541,24582.268846474217,1177.0891452076555,23974.95109987168,847.6733159858003,,,False,False
279.0,23815.574652038016,904.8027647107604,24628.674025182492,1180.078477133046,24005.95267582129,855.0882032365549,,145.2647634606753,False,True
279.5,23859.3103413633,907.0390051729224,24675.076253175263,1183.1006106458137,24050.227790955963,857.0257820822268,,,False,False
280.0,23903.03968483709,909.3061520194902,24721.478552364013,1186.1517592103185,24120.576272919712,829.8418225010961,3.66990440863317,138.18861761948423,True,True
280.5,23946.762352427908,911.6044943397638,24767.8805691783,1189.2293600022679,24164.956053735055,831.7126326167655,,,False,False
281.0,23990.478016137797,913.9343138377316,24814.27698574663,1192.339428167292,24234.347729698307,822.4574733018147,,128.76374112570764,False,True
281.5,24034.186350102256,916.2958815944673,24860.672515951675,1195.4827238895473,24278.84018318049,824.368466586315,,,False,False
282.0,24077.887030689493,918.6894547889025,24907.05937313985,1198.6661505288334,24249.354765504806,896.4318308558185,6.984354387383927,147.29770101228942,True,True
282.5,24121.57973659902,921.1152733930365,24953.43635054447,1201.8937882647674,24293.49008528891,898.6879077971087,,,False,False
283.0,24165.264148959493,923.5735568578249,24999.809333335383,1205.1636626625805,24342.3539394746,898.7779123621101,,134.85911172529123,False,True
283.5,24208.939951425884,926.0645008060801,25046.169889623932,1208.476225142841,24386.488765309696,901.1112146277628,,,False,False
284.0,24252.60683027581,928.5882737487545,25092.518846040886,1211.82763931509,24382.609902007403,963.7288002501319,6.800663327342686,135.359516114622,True,True
284.5,24296.26447450511,931.1450138409192,25138.85814658287,1215.211379545785,24426.516549606622,966.3803077914353,,,False,False
285.0,24339.91257592258,933.7348256936368,25185.18517114211,1218.628276954904,24454.51493502031,976.873127719482,,141.06813454251244,False,True
285.5,24383.550829243846,936.3577772577296,25231.503843406103,1222.087566825233,24498.312983527092,979.6151260851351,,,False,False
286.0,24427.178932184364,939.0138967951748,25277.816310479884,1225.5845533631987,24445.880515918685,1118.9620177218185,10.137439788892646,126.81318512372306,True,True
286.5,24470.796585551492,941.7031699535224,25324.11812257368,1229.1141583635526,24489.271384630854,1122.3545565543072,,,False,False
287.0,24514.403493335627,944.4255369583196,25370.407489166886,1232.6842707760547,24527.969173768193,1127.8120289970318,,135.5589805537879,False,True
287.5,24557.999362800376,947.18088993805,25416.683352601598,1236.2949325675195,24571.299943153765,1131.2894176547022,,,False,False
288.0,24601.583904571726,949.9690703955508,25462.945580322066,1239.9477809173793,24632.874569755902,1097.229239606892,1.5350411480768509,140.14590829598743,True,True
288.5,24645.15683272619,952.7898668392653,25509.197763818447,1243.6478838992234,24676.230318446876,1100.6245652261828,,,False,False
289.0,24688.7178648779,955.6430125870169,25555.438997577214,1247.3955974494756,24713.060947125152,1107.5784287227489,,134.38080906429224,False,True
289.5,24732.266722264627,958.5281837542677,25601.663486851387,1251.1875052597602,24756.346394527412,1111.0736173469097,,,False,False
290.0,24775.803129832686,961.4449974380415,25647.870308306396,1255.0186308048412,24731.513418928786,1182.6489396631541,5.7764960111124015,140.97229434761303,True,True
290.5,24819.32681632074,964.3930101068572,25694.060412338047,1258.886645367179,24774.452305035036,1186.4743638659047,,,False,False
291.0,24862.837514342405,967.3717162061404,25740.238179565145,1262.7915779897855,24792.6701357288,1201.7626139254646,,140.84517112478866,False,True
291.5,24906.33496046772,970.3805469876534,25786.405787098283,1266.7359288302055,24835.450262250506,1205.6870865003762,,,False,False
292.0,24949.818895303368,973.4188695705238,25832.561609012188,1270.714370811491,24864.396002185982,1223.1911756311697,3.580377075744758,132.09243254671424,True,True
292.5,24993.289063571712,976.485986240448,25878.70863496869,1274.7255676004604,24907.08155344238,1227.2328580038632,,,False,False
293.0,25036.74521418854,979.581133992617,25924.838379201734,1278.7770707101135,24947.534108046042,1232.4608913780542,,130.02972349360232,False,True
293.5,25080.187100339554,982.703484322856,25970.945913071788,1282.8639348073661,24990.15639422014,1236.5814985898392,,,False,False
294.0,25123.61447955555,985.8521432703882,26017.04087175827,1286.9797981607494,25048.613245010154,1211.8454489976127,1.0959056696564378,132.64443851313382,True,True
294.5,25167.02711378627,989.0261517145392,26063.1220885718,1291.121616859487,25091.251790474063,1215.8954320158007,,,False,False
295.0,25210.42476947293,992.2244859265893,26109.188788849333,1295.2891076335754,25132.512239215874,1220.8309245827934,,127.93581949827062,False,True
295.5,25253.80721761936,995.4460583768673,26155.247402943645,1299.489262271593,25175.1089588258,1224.941755966171,,,False,False
296.0,25297.174233861744,998.6897187960604,26201.29550796325,1303.7276709123469,25288.672473698512,1166.854046159583,1.1333217069489343,108.18372441792917,True,True
296.5,25340.52559853698,1001.9542554886032,26247.327576292,1307.9971056198083,25331.554118588047,1170.8192958945272,,,False,False
297.0,25383.86109674958,1005.2383968948985,26293.34119617431,1312.2914509752923,25357.40625231376,1188.1326180256133,,131.0539239874439,False,True
297.5,25427.180518437133,1008.5408133980345,26339.338274684018,1316.6073070939676,25400.16223703113,1192.1868687200326,,,False,False
298.0,25470.4836584343,1011.8601193695778,26385.32224463208,1320.9394173842165,25441.603828578922,1191.856563532065,1.3632103939007383,128.29405895456068,True,True
298.5,25513.770316535298,1015.1948754479785,26431.289425586863,1325.2903232344001,25484.30612749876,1195.9209937657479,,,False,False
299.0,25557.040297554893,1018.5435910420875,26477.242718360212,1329.6587720932787,25541.455498463674,1188.603396818091,,118.69325940994253,False,True
299.5,25600.293411387844,1021.9047270512964,26523.185472225123,1334.043036236908,25584.18924558637,1192.6637137877674,,,False,False
300.0,25643.52947306683,1025.276698792849,26569.113403189225,1338.439898842203,25618.358611966916,1199.6697774573468,1.065577710452411,128.55751600861163,True,True
300.5,25686.748302818767,1028.6578791259553,26615.015974739024,1342.8505275898988,25660.99663067338,1203.7582196908663,,,False,False
301.0,25729.949726119597,1032.046601761465,26660.89780591926,1347.2688405388672,25690.19434016396,1219.6162806682664,,126.56374477881565,False,True
301.5,25773.133573747426,1035.441164745029,26706.765738364596,1351.6942920747451,25732.724901152375,1223.7588277489913,,,False,False
302.0,25816.299681834087,1038.8398341009095,26752.608595881513,1356.1279181526302,25743.19543985771,1265.7583549221001,2.5527810327581095,125.75101412731321,True,True
302.5,25859.447891915042,1042.2408476228711,26798.428110121902,1360.5669637301046,25785.53058420462,1270.0582013614144,,,False,False
303.0,25902.578050977667,1045.642418797938,26844.2279382942,1365.02299918963,25761.61145121002,1334.9143441857366,,142.53559873740036,False,True
303.5,25945.690011507842,1049.042740848191,26890.013016298348,1369.4951980961323,25803.60008355227,1339.4561232970984,,,False,False
304.0,25988.78363153491,1052.4399908752564,26935.787705152426,1373.9726210721085,25835.28257452077,1351.8907895945636,0.9639332320790974,124.75141084312675,True,True
304.5,26031.858774674893,1055.8323340916643,26981.547766877196,1378.44727276535,25877.184145145413,1356.460456205456,,,False,False
305.0,26074.915310172066,1059.2179281228568,27027.29376115152,1382.928610022006,25905.12615455665,1373.9512694803343,,124.29106026476188,False,True
305.5,26117.953112938765,1062.594927363302,27073.02661772405,1387.4241403884519,25946.92365597138,1378.5870943042974,,,False,False
306.0,26160.972063593505,1065.961487369912,27118.739618934524,1391.9248176215915,26017.755759802465,1353.7591491372593,0.5929329815620261,110.60143518594694,True,True
306.5,26203.972048497322,1069.3157692757795,27164.43287520092,1396.421128258018,26059.627598143503,1358.2913560741686,,,False,False
307.0,26246.952959788418,1072.655944207143,27210.109866597915,1400.91337562039,26105.94499007371,1358.5156194606695,,116.49804694453029,False,True
307.5,26289.914695414995,1075.9801976864528,27255.773332553417,1405.395684805314,26147.79330688289,1363.0192850173837,,,False,False
308.0,26332.85715916635,1079.2867340044559,27301.42617404978,1409.8652380791677,26183.7022975364,1368.2901344268719,-0.48050070511903886,123.5669615751184,True,True
308.5,26375.780260702177,1082.573780544327,27347.065219263553,1414.3242983057442,26225.48052795839,1372.7667823035817,,,False,False
309.0,26418.683915580095,1085.8395920410692,27392.687595986867,1418.7681278769319,26250.371239420605,1394.924159884189,,121.95278511405614,False,True
309.5,26461.568045281358,1089.0824547596656,27438.292039975844,1423.1976380114763,26292.027347941723,1399.435129970672,,,False,False
310.0,26504.432577234777,1092.3006905758004,27483.877464399826,1427.6068494522615,26286.044752080103,1461.5596787593615,1.6859887264689724,124.98382066741348,True,True
310.5,26547.277444838834,1095.4926609433744,27529.438961472202,1431.9924545932347,26327.44426491719,1466.2432620714756,,,False,False
311.0,26590.102587481953,1098.6567707335084,27574.977792958427,1436.3564186444307,26357.650884560422,1482.9054836662096,,119.01475230252716,False,True
311.5,26632.90795056098,1101.7914719302787,27620.49570430669,1440.6980325478257,26398.9433648382,1487.5896602701573,,,False,False
312.0,26675.693485497803,1104.8952671690224,27665.995022793664,1445.0175985293129,26446.672434575023,1482.7061487475996,-0.5139177899937578,114.9476989386685,True,True
312.5,26718.459149754155,1107.9667131037293,27711.48173469814,1449.3062571627972,26487.94371058493,1487.3015196453168,,,False,False
313.0,26761.204906844574,1111.0044235907494,27756.95340173713,1453.5633237743823,26614.44158378959,1393.4489541513117,,87.63091400497906,False,True
313.5,26803.930726347506,1114.0070726768402,27802.413136757707,1457.7901038528298,26656.033678338386,1397.6233991974211,,,False,False
314.0,26846.63658391459,1116.9733973803957,27847.854824176415,1461.9867352741294,26713.825735015456,1378.5320321101672,-1.667765371346844,112.51354647920292,True,True
314.5,26889.322461278054,1119.902200255595,27893.270861270183,1466.1525588218096,26755.424648404805,1382.5558106733145,,,False,False
315.0,26931.988346256298,1122.7923517301238,27938.66876237747,1470.2810692120472,26786.25916992419,1400.1973548472793,,115.09085694414854,False,True
315.5,26974.63423275759,1125.6427922080884,27984.047519927753,1474.3661130958114,26827.76323879018,1404.1912566336384,,,False,False
316.0,27017.26012078193,1128.452533930753,28029.40906301608,1478.402745548472,26861.569263517733,1415.5335596942803,-2.2352862294113143,118.9502510521696,True,True
316.5,27059.86601642105,1131.2206625887516,28074.757005141997,1482.3927216598372,26902.994774126062,1419.4576734508935,,,False,False
317.0,27102.45193185655,1133.946338680497,28120.090154427766,1486.3382151128665,26922.625935002456,1452.4023475834695,,116.87209234221058,False,True
317.5,27145.017885356203,1136.6287986125838,28165.401393749285,1490.246790927125,26963.91279459892,1456.3546542722363,,,False,False
318.0,27187.56390126837,1139.2673555390886,28210.68462835032,1494.1257808242929,27041.12933284634,1411.3879747838882,-0.9915351957473824,99.93729248129013,True,True
318.5,27230.090010014606,1141.8613999377828,28255.945456053265,1497.9720264292596,27082.49687107752,1415.0938755006318,,,False,False
319.0,27272.596248080372,1144.4103999223853,28301.185817327492,1501.7783783577202,27101.39567332528,1450.6108521431013,,115.28607671823681,False,True
319.5,27315.082658003932,1146.9139012911203,28346.407549569572,1505.5429837250708,27142.62171558437,1454.3559611999217,,,False,False
320.0,27357.549288363396,1149.3715273129533,28391.614639179785,1509.266344014181,27205.521637828468,1428.4319641148697,0.6123642646687568,96.40668934123751,True,True
320.5,27399.996193761926,1151.782978253997,28436.812039170367,1512.954528765039,27246.797049007622,1431.989548937652,,,False,False
321.0,27442.42343481109,1154.148030647682,28481.992190643676,1516.6080979427118,27295.957164110423,1423.8934643000127,,105.53896680578379,False,True
321.5,27484.831078112413,1156.4665363133677,28527.14953448352,1520.226129156419,27337.21014492184,1427.3364744054638,,,False,False
322.0,27527.21919623708,1158.7384211291348,28572.286171641397,1523.8092262345797,27355.7211760406,1464.6295792680144,-0.9502277591571229,111.72971371349975,True,True
322.5,27569.587867703838,1160.963683565534,28617.412471268046,1527.3473097386454,27396.84142540303,1468.121357078581,,,False,False
323.0,27611.93717695507,1163.1423929880696,28662.534475375283,1530.84131593821,27439.13337355898,1469.7582530003267,,106.20486357016979,False,True
323.5,27654.26721433108,1165.2746877371724,28707.644580655655,1534.2988412738684,27480.228405569644,1473.162693689331,,,False,False
324.0,27696.578076042573,1167.3607729953358,28752.749489279166,1537.7188115964634,27525.926625182004,1468.0245534856022,-0.5142703873337617,101.05131477831048,True,True
324.5,27738.869864141343,1169.4009184519819,28797.842380797196,1541.0984981914626,27567.007110687537,1471.3178358909634,,,False,False
325.0,27781.142686489195,1171.3954557774593,28842.917275236003,1544.4350092628947,27669.937098321985,1374.9856598686197,,88.63783348820836,False,True
325.5,27823.39665672508,1173.3447759183578,28887.977143841104,1547.7292904240503,27711.20457615103,1377.8119918700074,,,False,False
326.0,27865.631894230493,1175.2493262270611,28933.0204192963,1550.9808832092303,27779.640000895462,1334.2340474537689,-1.7408588610015858,96.26807837204962,True,True
326.5,27907.848524093097,1177.109607439127,28978.04710570517,1554.189523244666,27820.96159389115,1336.794427152779,,,False,False
327.0,27950.04667706862,1178.9261705126958,29023.05251180433,1557.357665465956,27860.886376356917,1341.6803731597422,,103.60345150065478,False,True
327.5,27992.226489541034,1180.6996133446783,29068.040327404953,1560.4883364485472,27902.15187746104,1344.1697983358438,,,False,False
328.0,28034.388103481,1182.4305773789526,29113.01426994214,1563.5878877490402,27926.31751087463,1369.5513318313979,0.05679246658352133,101.38215079701301,True,True
328.5,28076.531666402632,1184.1197441222143,29157.978525932296,1566.6583216409338,27967.47769242839,1372.0625492486333,,,False,False
329.0,28118.65733131856,1185.7678315834619,29202.93002249845,1569.692030169152,28037.87000577359,1322.4786621058868,,94.50506410290359,False,True
329.5,28160.765256693317,1187.3755906533788,29247.87042242819,1572.696157288948,28079.099276310488,1324.721336307077,,,False,False
330.0,28202.85560639507,1188.9438014400619,29292.802895639437,1575.6759841718208,28135.756276689717,1292.8254496316342,-0.9151662848531423,93.47473387180403,True,True
330.5,28244.928549645716,1190.4732695776777,29337.718241614493,1578.6177382259998,28176.99705970079,1294.868435296759,,,False,False
331.0,28286.98426096932,1191.964822524672,29382.619738734145,1581.5246757030661,28191.01602628456,1347.7838769096675,,107.33018614033172,False,True
331.5,28329.022920138952,1193.41930586814,29427.50879902662,1584.4015599888671,28232.12285682968,1349.9552857758745,,,False,False
332.0,28371.044712121944,1194.8375796508617,29472.38742891326,1587.2449326284807,28246.596082713193,1386.3425316607843,1.0722209190523575,98.26865231139331,True,True
332.5,28413.049827023533,1196.2205147373325,29517.256218031776,1590.060113600323,28287.56016749332,1388.5734318518876,,,False,False
333.0,28455.03846002895,1197.5689892348832,29562.113386406407,1592.8492931289868,28345.633838836064,1357.9373885875705,,95.32691703628204,False,True
333.5,28497.010811343982,1198.883884985656,29606.95757802773,1595.6071628610343,28386.620143729404,1359.982758685292,,,False,False
334.0,28538.96708613397,1200.1660841448213,29651.787404656472,1598.3317463647027,28418.68872273365,1379.911704693415,-3.1214239621913027,101.38801321535621,True,True
334.5,28580.90749446132,1201.4164658599664,29696.605652165934,1601.0341507752314,28459.606386385884,1381.9684301962986,,,False,False
335.0,28622.83225122152,1202.635903066058,29741.4081516313,1603.7147739947484,28435.380817865193,1513.84295654408,,115.10665455591038,False,True
335.5,28664.74157607767,1203.8252594098037,29786.19173241213,1606.3671649065648,28476.02888188917,1516.3467657767198,,,False,False
336.0,28706.63569339359,1204.9853863165788,29830.96698571679,1608.9918780492192,28571.120500911726,1415.7895127354254,-4.509266268718605,86.24151632549491,True,True
336.5,28748.514832165452,1206.1171202123912,29875.73828964321,1611.5912066119554,28611.934757161973,1417.8475697950169,,,False,False
337.0,28790.37922595205,1207.2212799125841,29920.50055924915,1614.1671259341258,28678.121622045834,1367.3775760940273,,90.54186757942095,False,True
337.5,28832.229112803623,1208.2986641881728,29965.25315832939,1616.7189523065842,28718.98946370243,1369.184854147947,,,False,False
338.0,28874.064735189382,1209.3500495198437,30009.99967796439,1619.2509435855488,28703.388987548347,1487.1908713138912,-2.9146443412565324,110.38932871754024,True,True
338.5,28915.886339923625,1210.3761880487411,30054.739839115744,1621.7645012325145,28744.041825053933,1489.4022457571987,,,False,False
339.0,28957.69417809056,1211.3778057322254,30099.479732705106,1624.25226899889,28826.67723949255,1402.1198238428572,,85.04607137193382,False,True
339.5,28999.488504967838,1212.3556007117948,30144.219719160024,1626.7169644271023,28867.45540069707,1403.938793702572,,,False,False
340.0,29041.26957994876,1213.3102418993633,30188.951625474736,1629.1631971711904,28882.770506328936,1460.6968527427184,-3.541990849545411,102.03857788346947,True,True
340.5,29083.03766646329,1214.2423677870347,30233.670640581713,1631.5850948295483,28923.431549991947,1462.6812530757375,,,False,False
341.0,29124.793031897814,1215.1525854844608,30278.37343106885,1633.9877623942361,29045.496424109,1284.3665838378865,,73.23358844817072,False,True
341.5,29166.535947513676,1216.0414699867877,30323.06015025321,1636.3674304567749,29086.375614135126,1285.617845148862,,,False,False
342.0,29208.266688364554,1216.9095636751006,30367.73407554705,1638.7214826145703,29153.742508964213,1243.2920043828449,-6.304251901483198,90.88693799528106,True,True
342.5,29249.985533212675,1217.7573760501855,30412.401737492644,1641.050680106693,29194.691604219377,1244.3283954958504,,,False,False
343.0,29291.69276444391,1218.585383699313,30457.05830088016,1643.3533215691427,29320.62563401514,1045.6069740005314,,70.10822068587039,False,True
343.5,29333.388667981748,1219.3940304946616,30501.706854403397,1645.6374456396409,29361.809072554835,1045.8297140331165,,,False,False
344.0,29375.0735332002,1220.1837280208956,30546.353782738122,1647.9130322396127,29390.357038851147,1069.5473699161548,-3.2939114596806096,93.51342983529726,True,True
344.5,29416.74765283566,1220.954856228338,30590.996321146027,1650.1774862663256,29431.478096006493,1069.8308559969018,,,False,False
345.0,29458.41132289773,1221.7077643071127,30635.635727123863,1652.4373181181104,29503.907227657284,993.6191287358997,,82.8437712908892,False,True
345.5,29500.06484257905,1222.442771776591,30680.274655318237,1654.700642494115,29545.109201940715,993.6025150366003,,,False,False
346.0,29541.708514164166,1223.16016978346,30724.914264683124,1656.9583071715633,29623.463519752175,896.0353910599694,-3.788721264526481,79.42294862180853,True,True
346.5,29583.342642937456,1223.8602226007488,30769.54565157617,1659.210530889263,29664.75445464391,895.6261310891774,,,False,False
347.0,29624.96753709012,1224.5431693191963,30814.168797291135,1661.45173406189,29734.621489509245,822.8182268232749,,81.64899299349288,False,True
347.5,29666.583507626317,1225.2092257214438,30858.791560328486,1663.6809385595382,29775.978841356988,822.1008362387282,,,False,False
348.0,29708.19086826843,1225.8585863286594,30903.41938344001,1665.9005678070237,29832.97352693716,810.6183872154766,-8.1816396047949,88.81009281463861,True,True
348.5,29749.789935361492,1226.4914266083947,30948.055032416927,1668.1065380188872,29874.40804930543,809.8346059482246,,,False,False
349.0,29791.38102777684,1227.1079053317012,30992.682719607576,1670.3094567573246,29952.358760898704,711.8080259138417,,77.32950643210103,False,True
349.5,29832.964466814967,1227.7081670668304,31037.2988522958,1672.5134353908804,29993.86959258164,710.6419045102932,,,False,False
350.0,29874.540576107665,1228.2923447961798,31081.908695389477,1674.7064853501186,30058.66129675547,657.2942168877576,-5.945102470896999,81.45580633026741,True,True
350.5,29916.109681519436,1228.860562642566,31126.512547335118,1676.8877813557845,30100.227284070425,655.8981173645393,,,False,False
351.0,29957.672111048225,1229.4129386903703,31171.109176635073,1679.0638231378405,30122.258106951158,708.694375703164,,91.17391563414144,False,True
351.5,29999.22819472553,1229.9495878866433,31215.699905539106,1681.2379556149497,30163.74687446523,707.4842783092269,,,False,False
352.0,30040.778264515844,1230.470625006863,31260.288536748496,1683.401886354387,30219.72813681908,649.1441676818127,-3.528902582091555,79.21636208565884,True,True
352.5,30082.322654215553,1230.9761676697171,31304.877601229844,1685.548129096996,30261.231390443976,647.674231817159,,,False,False
353.0,30123.86169935125,1231.4663393850235,31349.47070390079,1687.6876709056232,30311.613120766368,620.8167785117005,,81.88795870605665,False,True
353.5,30165.395737077542,1231.9412726187306,31394.070051518032,1689.829326101321,30353.14194516899,619.2336037188712,,,False,False
354.0,30206.925106074334,1232.4011118588303,31438.671698016118,1691.9695276423317,30348.93565742112,747.9163139290808,-4.657497233065505,97.50679660924162,True,True
354.5,30248.450146443673,1232.84601666598,31483.272190204065,1694.1084290767592,30390.328426693402,746.8091793919242,,,False,False
355.0,30289.97119960615,1233.2761646926792,31527.869142255957,1696.2497969481772,30440.36924351074,719.5134818795766,,81.03191624016088,False,True
355.5,30331.488608196898,1233.6917546549594,31572.465382722752,1698.3899494144398,30481.77114506329,718.2974676847693,,,False,False
356.0,30373.00271596122,1234.0930092407289,31617.06675482901,1700.5253727591273,30499.485882170833,816.6141565881369,-7.595404654330198,93.87926755429315,True,True
356.5,30414.51386764988,1234.48017793919,31661.663969227215,1702.6525702478757,30540.840570555956,815.7541790588416,,,False,False
357.0,30456.022408914097,1234.8535397760636,31706.255911873126,1704.7716421457196,30559.74349539181,883.7667309131789,,90.890724274455,False,True
357.5,30497.528686200247,1235.2134059397708,31750.84663971755,1706.8817468502086,30601.022479554475,883.1388839483897,,,False,False
358.0,30539.033046644337,1235.5601222841872,31795.435590026427,1708.984150839942,30666.58757013286,842.6651646037775,-8.746593219839479,78.78984455291977,True,True
358.5,30580.53583796626,1235.8940716941245,31840.024784540987,1711.0886145141603,30707.950671433147,841.8788063851426,,,False,False
359.0,30622.037408363885,1236.2156763002945,31884.618367304294,1713.1993110234303,30711.690807860956,960.5337491859475,,95.76620091036878,False,True
359.5,30663.53810640698,1236.5253995311723,31929.224548007856,1715.3093649467353,30752.963363199517,960.1918351050123,,,False,False
360.0,30705.038280931043,1236.8237479898987,31973.84219635713,1717.4125017304764,30790.081705611334,948.6317435083306,-3.414762056247267,80.53474163764335,True,True
360.5,30746.538280931043,1237.1112731451303,32018.46558605674,1719.517302530101,30831.330082531946,948.2307184190207,,,False,False
361.0,30788.03845545511,1237.3885728255807,32063.096264678785,1721.6349460462166,30832.06221493528,1080.9000549539708,,97.22709040566608,False,True
361.5,30829.539153498205,1237.65629250886,32107.730565108104,1723.7564641547967,30873.20786189236,1081.005959047869,,,False,False
362.0,30871.04072389583,1237.9151263961485,32152.367765086965,1725.8779338495167,30895.565715387613,1106.8691454768898,-2.6503794173456385,84.56918445932561,True,True
362.5,30912.543515217752,1238.1658182651906,32197.006417206827,1728.003639552288,30936.627049618048,1107.064134539773,,,False,False
363.0,30954.04787566184,1238.4091620950862,32241.649280662346,1730.1303273875264,30941.185779248954,1232.9881494862761,,96.63693148560861,False,True
363.5,30995.55415294799,1238.6460024573912,32286.304126292576,1732.2568973236707,30982.16240342866,1233.6479558358924,,,False,False
364.0,31037.062694212203,1238.877234669075,32330.971250666542,1734.3775688072944,31030.151770967354,1237.7706445332817,-8.213038151900808,81.90232178019089,True,True
364.5,31078.573845900864,1239.1038047039674,32375.648612245583,1736.486691979979,31071.180423159058,1238.424902925273,,,False,False
365.0,31120.087953665185,1239.3267088604068,32420.33626820248,1738.5908390588045,31105.893133949663,1262.5939736564233,,83.9320183151976,False,True
365.5,31161.60536225593,1239.5469931839077,32465.034003491033,1740.70385957159,31146.917164695435,1263.3356256238749,,,False,False
366.0,31203.12641541841,1239.765752644773,32509.73460317399,1742.8298602647112,31194.867144038028,1251.052270324728,-6.913229281260938,79.0094619336769,True,True
366.5,31244.65145578775,1239.984130071684,32554.437239270053,1744.9674738417823,31235.91203134215,1251.7672003199664,,,False,False
367.0,31286.18082478454,1240.203314843411,32599.1492728688,1747.1125903699353,31268.814291264087,1283.923194005629,,84.05882040912311,False,True
367.5,31327.71486251083,1240.4245413418869,32643.875845348713,1749.262380981751,31309.85436712746,1284.7632181667632,,,False,False
368.0,31369.25390764653,1240.6490871709711,32688.62483376101,1751.4256505432093,31340.96111677154,1325.4086352758516,-6.016756071408311,84.83002371741067,True,True
368.5,31410.798297346235,1240.878271146302,32733.38869006054,1753.6055416168965,31382.00637916409,1326.4231238575828,,,False,False
369.0,31452.348367136547,1241.1134510626832,32778.15786371407,1755.7970314232539,31433.480074809126,1285.4760784711493,,74.2493139621819,False,True
369.5,31493.90445081385,1241.3560212464668,32822.93373660475,1758.0012518754588,31474.549889612153,1286.355641973328,,,False,False
370.0,31535.466880342643,1241.60740990139,32867.71409720357,1760.2153483991042,31527.31203172402,1222.7389544911082,-4.929897901615634,70.80025271666881,True,True
370.5,31577.03598575441,1241.8690762572655,32912.50538557497,1762.4422234656283,31568.39981606923,1223.3966106714652,,,False,False
371.0,31618.61209504711,1242.142507531848,32957.310424279094,1764.6865412472014,31593.67816044749,1291.5088466573452,,86.7448006111683,False,True
371.5,31660.195534085236,1242.4292157170557,33002.12699443561,1766.9499721010072,31634.747793653027,1292.4486107023974,,,False,False
372.0,31701.786626500583,1242.7307342015565,33046.951441902354,1769.2336167702902,31686.156986084956,1260.4213958549526,-7.239090006751247,73.72375398308232,True,True
372.5,31743.385693593646,1243.048614242486,33091.78759810556,1771.5347415569831,31727.265910043167,1261.273588295248,,,False,False
373.0,31784.993054235754,1243.3844212997803,33136.63812507433,1773.85155205253,31790.8044920461,1159.0034344841183,,64.14883858652111,False,True
373.5,31826.60902477195,1243.7397312472608,33181.49058777497,1776.1876417820424,31831.962414814618,1159.5043220157133,,,False,False
374.0,31868.233918924612,1244.1161264751975,33226.347964703586,1778.551340836713,31893.722245356443,1079.9322825796573,-7.392591264500719,66.05015170936662,True,True
374.5,31909.8680476979,1244.5151918996048,33271.21830359719,1780.9475584471886,31934.93866301124,1080.1921691287073,,,False,False
375.0,31951.51171928302,1244.9385108939846,33316.101208917156,1783.378285562705,31967.610278830176,1120.4614833375026,,80.86714760225522,False,True
375.5,31993.16523896434,1245.387661159624,33361.00409165899,1785.8385502325639,32008.832409520674,1120.9265238979285,,,False,False
376.0,32034.828909026408,1245.8642105508754,33405.92885539815,1788.3300828817673,32049.405842797532,1105.5656332144747,-5.116266581210107,73.50991824704931,True,True
376.5,32076.503028661868,1246.3697128720958,33450.86714315774,1790.8551114907095,32090.63870436453,1106.0299784960241,,,False,False
377.0,32118.18789388032,1246.9057036630986,33495.81866581554,1793.4171990656287,32136.22854840294,1085.3449956650295,,72.13604681800074,False,True
377.5,32159.88379741816,1247.4736959900747,33540.77928991125,1796.014944372147,32177.481751919157,1085.7976008586859,,,False,False
378.0,32201.591028649396,1248.0751762589637,33585.747712172626,1798.6487015793161,32220.83359750158,1071.9702264204223,-6.239416052100067,72.51572468838533,True,True
378.5,32243.309873497517,1248.7116000682145,33630.72965160229,1801.3214029364149,32262.09918461884,1072.4383063624314,,,False,False
379.0,32285.040614348392,1249.3843881177484,33675.72627113955,1804.0348589865253,32303.364432906415,1072.9986272841888,,73.91788169696031,False,True
379.5,32326.783529964254,1250.094922190745,33720.73927775947,1806.795316372038,32344.650805986636,1073.5478752030738,,,False,False
380.0,32368.53889539878,1250.8445412246022,33765.76907634609,1809.6029746770669,32381.668807884216,1085.9665035809805,-5.6621642354013115,75.21263990233507,True,True
380.5,32410.306981913312,1251.6345374870837,33810.81856434612,1812.4583144009987,32422.966790615024,1086.6470797589825,,,False,False
381.0,32452.08805689423,1252.46615287325,33855.892990803135,1815.363900689642,32463.61066513238,1091.2741315755022,,73.70477992304698,False,True
381.5,32493.882383771503,1253.3405753382985,33900.98579402238,1818.3245948465765,32504.940629601333,1092.06776984785,,,False,False
382.0,32535.690221938443,1254.2589354808874,33946.09088707197,1821.3365040807737,32554.53060699309,1051.3412421539742,-7.101044974968686,66.98166278554574,True,True
382.5,32577.511826672686,1255.2223032909037,33991.210547199014,1824.39458855189,32595.89386955031,1052.0730286605326,,,False,False
383.0,32619.347449058445,1256.2316850749758,34036.34320414188,1827.4992599966656,32639.48999803927,1039.5142007078941,,70.29639490685769,False,True
383.5,32661.19733591002,1257.2880205722886,34081.4928812187,1830.6577132989235,32680.87630672505,1040.290257036535,,,False,False
384.0,32703.061729696612,1258.3921802724815,34126.66298375248,1833.8709977850426,32709.09783816163,1123.2026790003658,-6.782881975971567,83.22467166290491,True,True
384.5,32744.94086846848,1259.5449629465697,34171.857790583505,1837.1419151259938,32750.500414433718,1124.3851720173602,,,False,False
385.0,32786.8349857844,1260.7470934009434,34217.073311603024,1840.4743656267526,32800.01545101975,1074.0451781462687,,64.37372510243283,False,True
385.5,32828.744310640555,1261.99922046357,34262.3061902663,1843.8579350229136,32841.457054212144,1075.1448985948903,,,False,False
386.0,32870.669067400755,1263.301915210557,34307.5598047765,1847.290697896341,32880.76260237388,1061.4621625793109,-4.363038247352998,69.14513707542588,True,True
386.5,32912.60947572811,1264.6556694402227,34352.83349561249,1850.7799215586683,32922.21498336981,1062.6061151647473,,,False,False
387.0,32954.5657505181,1266.0608944007902,34398.126301226876,1854.3243145547885,32964.22154185384,1059.7066309403142,,70.02621667649606,False,True
387.5,32996.53810183313,1267.5179197767527,34443.442376787985,1857.921226867665,33005.706361720426,1060.9361674536378,,,False,False
388.0,33038.52673483855,1269.0269929378721,34488.790424248844,1861.569421936408,33046.266241729485,1091.143684937655,-8.34328558921365,74.29359085760159,True,True
388.5,33080.531849740146,1270.5882784536732,34534.17257811591,1865.27065065763,33087.818012877506,1092.5763380470175,,,False,False
389.0,33122.55364172314,1272.2018578751738,34579.57717354399,1869.0291309626473,33129.68829311076,1091.6474173821744,,69.64022000777047,False,True
389.5,33164.59230089277,1273.8677297844758,34624.99615361774,1872.84166844825,33171.26679957257,1093.1757630918844,,,False,False
390.0,33206.64801221638,1275.5858101117085,34670.430947997665,1876.7055952841822,33233.15057719202,986.6063571090564,-10.75062550396666,53.155495455017515,True,True
390.5,33248.720955467026,1277.3559327176968,34715.884687162245,1880.62216960873,33274.79979458435,987.8360881478541,,,False,False
391.0,33290.811305168776,1279.1778502396112,34761.362102948166,1884.5966653219339,33308.77348203152,1051.863252096315,,78.05522705213086,False,True
391.5,33332.91923054353,1281.05123519575,34806.867821250875,1888.6247968904052,33350.45789283838,1053.4257858149115,,,False,False
392.0,33375.044895459454,1282.9756813445208,34852.40465869338,1892.702487007247,33385.32756779628,1103.033516221089,-6.2332626995983595,75.95574989029166,True,True
392.5,33417.18845838108,1284.950705291621,34897.96425561807,1896.8321565124636,33427.04522973445,1104.8657367014866,,,False,False
393.0,33459.350072321045,1286.9757483383846,34943.54394624208,1901.012883377778,33478.850617302094,1006.563200223523,,53.19333353656292,False,True
393.5,33501.529884793454,1289.050178563248,34989.14068043008,1905.2498356740284,33520.596658758564,1008.1298942135298,,,False,False
394.0,33543.728037768975,1291.1732931273273,35034.75904364728,1909.5447643566567,33559.05551477504,1080.179107441526,-10.272398900704289,78.38352757729416,True,True
394.5,33585.94466763157,1293.34432079416,35080.41118510204,1913.8972673345193,33600.864171644236,1082.1102015829363,,,False,False
395.0,33628.17990513698,1295.562424652785,35126.09111852356,1918.30508363288,33642.25011927515,1089.4240029539003,,68.46415575969772,False,True
395.5,33670.433875372866,1297.8267050324891,35171.78876313475,1922.7657100520496,33684.094420391004,1091.475520133113,,,False,False
396.0,33712.706697720714,1300.1362025967721,35217.509662651064,1927.2784482223458,33724.033535183786,1096.1178508056732,-5.005168629110673,67.74366414672228,True,True
396.5,33754.99848581948,1302.4899016033398,35263.25423066805,1931.8377054308266,33765.906043338124,1098.2703951688272,,,False,False
397.0,33797.30934753097,1304.88673331627,35309.02066610742,1936.4434682658625,33803.72594491438,1152.5567435625883,,75.30415170024682,False,True
397.5,33839.63938490698,1307.3255795558835,35354.815132386444,1941.1037180529115,33845.64101716464,1154.9933207961074,,,False,False
398.0,33881.988694158215,1309.8052763713001,35400.63461201939,1945.818085905163,33890.42168167278,1092.5281497301632,-4.830250337258782,56.53951749492512,True,True
398.5,33924.35736562497,1312.3246178201885,35446.48964562245,1950.5764778028,33932.37316005759,1094.8197833769173,,,False,False
399.0,33966.74548374964,1314.8823598397946,35492.38068510795,1955.3728874073963,33972.16964922836,1126.8601764576492,,71.12648999146263,False,True
399.5,34009.153127050966,1317.4772241930036,35538.29911283801,1960.204444187027,34014.175911011465,1129.3261814194839,,,False,False
400.0,34051.580368100134,1320.1079024729106,35584.24693466328,1965.077097648963,34055.249291043154,1137.6671778039567,-6.382523265236427,67.08626447784222,True,True
400.5,34094.027273498665,1322.7730601491855,35630.22579974739,1970.0024647302369,34097.30338359007,1140.2415553582841,,,False,False
401.0,34136.49390385813,1325.4713406393912,35676.23918056416,1974.978872520674,34138.26479958398,1170.0899578728247,,70.3085076883474,False,True
401.5,34178.980313781685,1328.201369388365,35722.28395216115,1979.9955392880674,34180.37986778096,1172.84809272885,,,False,False
402.0,34221.486551847454,1330.9617579388016,35768.35690299698,1985.0496768533453,34221.06380693122,1197.9313191491165,-9.509298974214364,69.69931139777358,True,True
402.5,34264.01266059369,1333.7511079762749,35814.456352999914,1990.1401915335557,34263.2247437035,1200.8382554483733,,,False,False
403.0,34306.55867650586,1336.56801533211,35860.58381204629,1995.271295153754,34306.57553238067,1170.781574778102,,59.97536324534487,False,True
403.5,34349.12463000551,1339.4110739277653,35906.741411589195,2000.4429683800834,34348.7779196494,1173.6432720014461,,,False,False
404.0,34391.71054544102,1342.2788796447005,35952.92973586242,2005.6442471136652,34387.51077178086,1265.0326693884313,-8.56144084378175,80.30892109457213,True,True
404.5,34434.31644108014,1345.1700341041014,35999.142775787346,2010.875916694881,34429.77308618268,1268.2705669139712,,,False,False
405.0,34476.94232910449,1348.0831483412867,36045.37945732897,2016.1370118387788,34474.00287178204,1204.2503812093648,,53.674321968856944,False,True
405.5,34519.588215605785,1351.0168463601462,36091.64165761132,2021.4263645021622,34516.2903798314,1207.2952619675025,,,False,False
406.0,34562.25410058403,1353.969768553556,36137.92464733281,2026.7453895666347,34556.49108798894,1287.442927312197,-6.251308761142088,77.89899709584607,True,True
406.5,34604.9399779475,1356.940574976354,36184.23601633041,2032.0922749616514,34598.833200851455,1290.820160380315,,,False,False
407.0,34647.64583551459,1359.9279484581853,36230.57428944122,2037.4608392221885,34641.934060382686,1264.027496251974,,59.400915536026716,False,True
407.5,34690.37165501752,1362.930597544276,36276.92883062546,2042.851110142086,34684.30309587091,1267.332713941202,,,False,False
408.0,34733.117412107946,1365.94725925302,36323.29942389026,2048.2619787640965,34724.09484712528,1343.161291588758,-8.669301268303812,77.45999781646084,True,True
408.5,34775.8830763643,1368.976701640128,36369.68732650903,2053.6908477902043,34766.49700062691,1346.7643443582501,,,False,False
409.0,34818.668611301124,1372.0177261599906,36416.08833857115,2059.14000514956,34809.111752094606,1391.1033012228459,,71.63135508053502,False,True
409.5,34861.47397438015,1375.0691698158653,36462.50308285416,2064.60246670484,34851.5439766104,1394.883584286044,,,False,False
410.0,34904.29911702327,1378.1299070914786,36508.941943749705,2070.0820304515305,34895.131189056345,1314.8275568256079,-5.84471404622605,48.982401874184426,True,True
410.5,34947.14398462732,1381.1988516576503,36555.40823777489,2075.582170425551,34937.58641611079,1318.3351256550989,,,False,False
411.0,34990.00851658074,1384.2749578485952,36601.89651417936,2081.100711591785,34980.45886712587,1392.5202349879837,,76.49758214568159,False,True
411.5,35032.892646282,1387.3572219036228,36648.40742698034,2086.6382519965905,35022.97012099042,1396.317701195468,,,False,False
412.0,35075.79630115992,1390.4446829710346,36694.94702910557,2092.1885788907052,35062.977193531486,1426.0940738663132,-8.56148890822431,69.0703773144783,True,True
412.5,35118.71940269575,1393.5364238721265,36741.51673359959,2097.752142654774,35105.53164333814,1430.008938490094,,,False,False
413.0,35161.6618664471,1396.6315716242957,36788.10965735551,2103.3333643821297,35148.728664313734,1487.2475568263515,,73.59624988502233,False,True
413.5,35204.623602073676,1399.729297723367,36834.728609626945,2108.929278449525,35191.33883384589,1491.3854170558218,,,False,False
414.0,35247.60451336477,1402.8288181863577,36881.37066444306,2114.5311993002742,35231.43818107361,1514.733269548613,-8.484570266175263,67.86417445450182,True,True
414.5,35290.60449826859,1405.929393356994,36928.03327346305,2120.1363306566054,35274.074256360516,1518.948246699187,,,False,False
415.0,35333.623448923325,1409.0303274773821,36974.718531781495,2125.7488128697864,35318.03103331517,1599.808529668682,,78.34446508916957,False,True
415.5,35376.66125169003,1412.130968030304,37021.42305756437,2131.3709152507063,35360.72281223734,1604.3176233148363,,,False,False
416.0,35419.7177871872,1415.2307048576577,37068.15022069035,2137.0013740273353,35408.25324434535,1642.341957457007,-5.33305284863934,70.02164998714096,True,True
416.5,35462.792930327174,1418.3289690615763,37114.90269823829,2142.63495419453,35451.01390687235,1646.9814057433796,,,False,False
417.0,35505.88655035423,1421.4252316957609,37161.68418135888,2148.2694650622425,35494.12599312848,1641.0239783557997,,61.223525103454534,False,True
417.5,35548.998510884405,1424.5190022555032,37208.491482772566,2153.904149521804,35536.93125630682,1645.6238679322532,,,False,False
418.0,35592.12866994703,1427.6098269758031,37255.32493466244,2159.541252272033,35581.56952025907,1753.0199570753425,-5.50873508683886,85.92201285962656,True,True
418.5,35635.27688002798,1430.6972869478434,37302.1886474679,2165.1820708006803,35624.44978585296,1758.0011543761987,,,False,False
419.0,35678.44298811464,1433.7809960649183,37349.07543650843,2170.8277536436017,35666.61466068197,1785.0109103407215,,68.75796293831274,False,True
419.5,35721.62683574247,1436.8605988096767,37395.98617157601,2176.4761564708692,35709.53271788784,1790.0806048777404,,,False,False
420.0,35764.8282590433,1439.9357678952647,37442.92270525176,2182.1206062846913,35750.421249020634,1802.8672077277797,-7.178134337811188,65.71689616764654,True,True
420.5,35808.04708879524,1443.006201773604,37489.88387760154,2187.7585292365916,35793.37150554224,1807.9556417258052,,,False,False
421.0,35851.28315047423,1446.071622024646,37536.871369717424,2193.393428617466,35836.3675423004,1812.3787419650737,,63.1578698368079,False,True
421.5,35894.53626430718,1449.1317706409739,37583.87998264521,2199.0320887031385,35879.35565592468,1817.4654411119427,,,False,False
422.0,35937.80624532678,1452.1864072225937,37630.90645539631,2204.6706320893777,35917.05063749364,1793.7232763674726,-8.184947422202997,57.60501850811427,True,True
422.5,35981.09290342778,1455.2353060971557,37677.947844956674,2210.307191456909,35960.03221869352,1798.7039125898048,,,False,False
423.0,36024.396043424946,1458.2782533811758,37725.011473384184,2215.9490747157115,36003.36918473286,1790.3980670617213,,59.527995993208954,False,True
423.5,36067.715465112495,1461.3150439980898,37772.10184861562,2221.5935793031977,36046.38993325982,1795.3369683935439,,,False,False
424.0,36111.05096332509,1464.345478669154,37819.21847702319,2227.2357860529382,36066.07571357903,1798.7504612026269,-10.551120248683006,66.75271219875383,True,True
424.5,36154.402328000324,1467.369360893324,37866.35401566239,2232.878610998221,36109.01936551032,1803.6928861739887,,,False,False
425.0,36197.769344242704,1470.3864939322787,37913.50523721436,2238.5168046383974,36152.85739528946,1781.4787565162,,55.606953718906,False,True
425.5,36241.15179238914,1473.3966778167228,37960.67966588008,2244.15139464621,36195.831077524555,1786.311389476431,,,False,False
426.0,36284.549448075806,1476.3997063899938,38007.87831891828,2249.7841643475485,36235.684374582415,1764.2618568218165,-7.251993916483952,56.053074932557394,True,True
426.5,36327.96208230653,1479.3953644048145,38055.099659406646,2255.41067171826,36278.67717887479,1768.9874069221914,,,False,False
427.0,36371.38946152252,1482.3834246887777,38102.3463485895,2261.0319479036043,36323.15832255294,1736.7623014798737,,52.284317630978244,False,True
427.5,36414.83134767353,1485.3636453938268,38149.625190763734,2266.6470912539844,36366.20228091983,1741.3372701216103,,,False,False
428.0,36458.28749829035,1488.3357673445935,38196.92990670754,2272.263548746634,36406.845514347166,1791.4406290921484,-6.60202347334652,72.60529684081745,True,True
428.5,36501.7576665587,1491.299511499997,38244.25451006808,2277.8852378400234,36449.91672719731,1796.1909687861594,,,False,False
429.0,36545.24160139435,1494.254576541972,38291.60318555656,2283.507887220464,36493.87675195631,1783.032936830446,,56.50600945030037,False,True
429.5,36588.739047519666,1497.200636604604,38338.97077101938,2289.125835049542,36536.98368954667,1787.711260411644,,,False,False
430.0,36632.24974554134,1500.1373391562884,38386.34409540223,2294.732844785394,36566.798045751704,1749.8243224994303,-8.384208283084437,52.78668751665006,True,True
430.5,36675.7734320294,1503.0643030468282,38433.72272869962,2300.3350710531804,36609.84053849771,1754.334201700144,,,False,False
431.0,36719.30983959745,1505.981116730602,38481.12044646718,2305.9340278828136,36651.138560262676,1795.716955698135,,69.84874455336752,False,True
431.5,36762.85869698418,1508.8873366761288,38528.54297250408,2311.5267529687444,36694.20751951974,1800.3540562902551,,,False,False
432.0,36806.41972913589,1511.782485971479,38575.9773235154,2317.1168172548314,36716.94609723239,1778.5590911994689,-8.89375872100013,57.52841889112491,True,True
432.5,36849.99265729035,1514.6660531340747,38623.41757124379,2322.705962806695,36759.92538526931,1783.1039575335838,,,False,False
433.0,36893.5771990617,1517.537491132471,38670.87104274925,2328.291600578211,36806.075806333196,1736.190991273904,,46.343122970686686,False,True
433.5,36937.17306852645,1520.396216626722,38718.34080777717,2333.8736319181303,36849.087598344835,1740.5326763319408,,,False,False
434.0,36980.77997631058,1523.2416094329217,38765.823434073696,2339.4565650840595,36890.992653514586,1694.1636018819538,-6.816125879701632,46.737075888350645,True,True
434.5,37024.397629677704,1526.0730122164591,38813.318346008564,2345.0348288108694,36934.01306116852,1698.309746037989,,,False,False
435.0,37068.02573261822,1528.889730417473,38860.8200728862,2350.6046270129764,36974.90744481506,1732.5861812590017,,67.13167893404699,False,True
435.5,37111.663985939485,1531.691032410896,38908.33357194147,2356.1605010865637,37017.925445447036,1736.8211800696545,,,False,False
436.0,37155.31208735695,1534.4761499023925,38955.862765770464,2361.6998120162357,37054.0351041185,1696.7876542234578,-7.350748182290191,48.763078180580095,True,True
436.5,37198.96973158625,1537.2442785603912,39003.40278840229,2367.2282833747913,37097.036871091375,1700.830495617696,,,False,False
437.0,37242.63661043618,1539.9945788833043,39050.95592029376,2372.7521483299884,37140.3750751324,1700.998989216069,,57.380158339418074,False,True
437.5,37286.31241290257,1542.7261772999323,39098.522204328496,2378.269842232168,37183.393630249855,1705.0130399854675,,,False,False
438.0,37329.99682526304,1545.438167499952,39146.101215062474,2383.7752525841215,37277.80022496379,1725.5692874131291,-1.607244304048649,52.93510673137982,True,True
438.5,37373.68953117257,1548.1296119903081,39193.691463999625,2389.27305060285,37321.07029612277,1729.5907615569488,,,False,False
439.0,37417.390211759805,1550.7995438722664,39241.295260249346,2394.7563784066765,37363.41920162093,1742.1419463196835,,60.31284846305865,False,True
439.5,37461.098545724264,1553.4469688328409,39288.91536787416,2400.2158537594446,37406.70435709522,1746.1546294846314,,,False,False
440.0,37504.814209434146,1556.0708673432978,39336.55230613912,2405.6541850895783,37457.00395219666,1727.6045341769538,-5.680952957713574,50.29617588940766,True,True
440.5,37548.53687702496,1558.6701970564525,39384.20906938563,2411.0650846352883,37500.34929058377,1731.4759513607369,,,False,False
441.0,37592.26622049876,1561.243895393531,39431.88223805143,2416.4501095261303,37539.363741562855,1768.4565814406137,,67.07295323585068,False,True
441.5,37636.00190982404,1563.7908823104601,39479.56933519042,2421.8186198203393,37582.7073110343,1772.4101671211126,,,False,False
442.0,37679.743613036306,1566.3100632325877,39527.267247073156,2427.169075366232,37636.47382488404,1740.6378419210514,-5.5219882571987275,45.511461140032594,True,True
442.5,37723.490996339184,1568.8003321460212,39574.97685409877,2432.49643341145,37679.88043646749,1744.4053632314024,,,False,False
443.0,37767.24372420607,1571.2605748330072,39622.70674006293,2437.7982393830625,37724.79779229349,1738.5706205424676,,53.84567241659944,False,True
443.5,37811.001459482366,1573.6896722380743,39670.45243707563,2443.0730776138616,37768.23831481543,1742.244803562154,,,False,False
444.0,37854.76386348816,1576.0865039510047,39718.20778052223,2448.322566624648,37796.272602731646,1723.7007062268058,-7.1659550419194105,53.2199206404449,True,True
444.5,37898.5305961214,1578.4499517921186,39765.97831516051,2453.5458131468245,37839.65948828645,1727.2456069954305,,,False,False
445.0,37942.30131596151,1580.7789034848324,39813.76290422301,2458.7384262736923,37876.64911789279,1763.3125381365605,,66.44305501387342,False,True
445.5,37986.075680373346,1583.0722563999916,39861.5520344749,2463.8984433465143,37920.01196232409,1766.9182125424404,,,False,False
446.0,38029.85334561161,1585.328921356095,39909.347907547955,2469.021675083621,37980.925857616225,1747.8374546016007,-4.932081328968802,46.38591480336209,True,True
446.5,38073.63396692553,1587.5478264592077,39957.154447795154,2474.111727436811,38024.37844432222,1751.2717180006455,,,False,False
447.0,38117.4171986639,1589.7279209661153,40004.9722354553,2479.171167110733,38078.312818870756,1710.270615577636,,41.045199109625365,False,True
447.5,38161.202694380336,1591.868179154099,40052.79642440852,2484.195122897266,38121.82609521657,1713.4587282674177,,,False,False
448.0,38204.990106938836,1593.9676041806113,40100.6307729904,2489.189045771391,38226.18943714665,1725.3367663685387,-1.7920860127831717,46.00199603636114,True,True
448.5,38248.77908861949,1596.0252319161107,40148.477093778194,2494.1528200527387,38269.99042775257,1728.4515415348912,,,False,False
449.0,38292.569291224456,1598.0401347333595,40196.32893039258,2499.0739265095563,38313.16310578395,1733.7887202994161,,55.511044828851816,False,True
449.5,38336.360366183944,1600.0114252366154,40244.180498502275,2503.94721349008,38356.95769785022,1736.8174545248078,,,False,False
450.0,38380.151964662466,1601.9382599143455,40292.03171452823,2508.7774381704517,38398.05845486467,1752.1687730990225,-5.374348843653313,58.624070136504166,True,True
450.5,38423.94373766505,1603.819842699361,40339.88349841095,2513.570394838091,38441.830838586524,1755.1616977551164,,,False,False
451.0,38467.735336143574,1605.6554284206159,40387.73198746124,2518.326645402981,38478.60257733601,1776.8693409096932,,61.1609011558171,False,True
451.5,38511.52641110306,1607.4443261313204,40435.584954275015,2523.0447533510487,38522.33321966779,1779.8596490623677,,,False,False
452.0,38555.31661370802,1609.1859022985095,40483.43768293435,2527.7250011468263,38487.9615692399,1741.8058107917723,-9.87610325795775,56.99907324056628,True,True
452.5,38599.10559538868,1610.8795838397473,40531.286782592884,2532.3682384988742,38531.335075096955,1744.615806204328,,,False,False
453.0,38642.893007947176,1612.5248609932626,40579.13640139213,2536.9731898340533,38590.72904663534,1707.3814760011428,,38.902227890385596,False,True
453.5,38686.678503663614,1614.1212900084859,40626.97632400073,2541.529394634804,38634.16181781617,1709.9352710801888,,,False,False
454.0,38730.46173540199,1615.6684956446854,40674.80713628954,2546.032504359638,38731.48012677088,1736.3804000666514,-2.241562883399299,50.09518264481137,True,True
454.5,38774.24235671591,1617.1661734661907,40722.64270808362,2550.4889841917343,38775.13566462916,1738.882288492775,,,False,False
455.0,38818.02002195417,1618.6140919235256,40770.4828404536,2554.902185582926,38800.77243151703,1779.348948947183,,68.26456416516025,False,True
455.5,38861.79438636601,1620.0120942106648,40818.31690695827,2559.268064068498,38844.330316181855,1781.914378219318,,,False,False
456.0,38905.56510620612,1621.3600998895508,40866.145552223665,2563.580064046279,38909.80386918673,1834.3582150262,-2.945753544920348,64.06925166217323,True,True
456.5,38949.33183883937,1622.6581062739872,40913.97383473692,2567.8426884423916,38953.43483768605,1836.9918634928922,,,False,False
457.0,38993.09424284516,1623.9061895660197,40961.80201059053,2572.0630748099265,38991.913896847924,1848.4683140832585,,56.6737934863351,False,True
457.5,39036.85197812145,1625.1045057389645,41009.63080514495,2576.244069821998,39035.51190163266,1851.0546483147673,,,False,False
458.0,39080.604705988335,1626.253291162297,41057.45265964618,2580.3801391304833,39046.34350174127,1819.0477522077504,-6.966937369108829,48.41079548094066,True,True
458.5,39124.35208929121,1627.352862964709,41105.26391050277,2584.4698619048186,39089.77705018509,1821.4307210783159,,,False,False
459.0,39168.09379250349,1628.4036191327345,41153.06797707443,2588.516917903943,39146.52003659043,1805.958315609912,,44.03373476671298,False,True
459.5,39211.82948182877,1629.406038343472,41200.86990605052,2592.524427084488,39189.997357715954,1808.1766194855165,,,False,False
460.0,39255.55882530256,1630.3606795310404,41248.67929123087,2596.4875030499265,39290.30215239148,1858.211103199146,-1.4889260468462546,55.61423397076815,True,True
460.5,39299.28149289338,1631.2681811875439,41296.49136607618,2600.3990797448273,39334.02019559215,1860.4709410930486,,,False,False
461.0,39342.99715660327,1632.1292604004286,41344.30354197466,2604.261576399012,39372.85275398923,1867.9887459360027,,54.35081222669611,False,True
461.5,39386.70549056772,1632.9447116292408,41392.11930779172,2608.076728764745,39416.54353023401,1870.1725956187718,,,False,False
462.0,39430.40617115496,1633.7154052258918,41439.93364992222,2611.8465686317168,39446.87338654588,1880.0084470502197,-4.784356337489568,56.677047179307564,True,True
462.5,39474.098877064476,1634.4422857036207,41487.74336306859,2615.581344765417,39490.489382798216,1882.1481823462175,,,False,False
463.0,39517.78328942495,1635.1263697609088,41535.54677962123,2619.2879608431144,39521.9928689967,1895.830915290092,,57.51612618163938,False,True
463.5,39561.459091891345,1635.7687440676334,41583.34447122675,2622.962138716739,39565.53251797422,1897.9605621993735,,,False,False
464.0,39605.12597074127,1636.3705628217563,41631.140764449956,2626.6034445456094,39684.689533038814,1890.046110823777,-2.608802642271658,31.333562701574923,True,True
464.5,39648.78361497057,1636.9330450858051,41678.93365539643,2630.2154005419425,39728.54769326905,1892.0132457949396,,,False,False
465.0,39692.43171638804,1637.4574719133363,41726.72761039206,2633.794886844134,39757.66257985717,1903.3557782890744,,56.70467704274359,False,True
465.5,39736.06996970931,1637.9451832764544,41774.52569191884,2637.3427277748506,39801.451902070505,1905.302878460032,,,False,False
466.0,39779.69807264983,1638.3975748062892,41822.32131625303,2640.865476154765,39813.46526977255,1897.199410651751,-5.382917758287563,53.59736913858394,True,True
466.5,39823.315726016954,1638.8160943591272,41870.11067453779,2644.3655267836284,39857.10280072458,1899.0811770729565,,,False,False
467.0,39866.922633801085,1639.2022384216102,41917.89177588751,2647.8442809202793,39903.3908241597,1899.4151830033434,,48.70699614486818,False,True
467.5,39910.518503265834,1639.557548369091,41965.66896588176,2651.301301618079,39947.0197582149,1901.2423936746457,,,False,False
468.0,39954.10304503719,1639.883606591839,42013.44092004739,2654.7368139685937,40022.805672612005,1950.6612474331012,-1.494566159542118,59.008449996345256,True,True
468.5,39997.67597319166,1640.1820325043377,42061.209016110224,2658.141210602509,40066.54322351096,1952.5913028465234,,,False,False
469.0,40041.23700534337,1640.4544784533837,42108.97515598144,2661.5169240138634,40149.38375441387,1936.9668801226899,,33.969679855510364,False,True
469.5,40084.78586273009,1640.7026255411126,42156.73038946036,2664.8715514235178,40193.273819795446,1938.7453174470354,,,False,False
470.0,40128.32227029815,1640.9281793794153,42204.46712183928,2668.2046790913478,40181.047682312026,1919.908812799351,-5.877106008889902,54.34377164481153,True,True
470.5,40171.8459567862,1641.1328657924626,42252.185413873274,2671.5169198158087,40224.65851185967,1921.6061896736621,,,False,False
471.0,40215.35665480787,1641.3184264842655,42299.89393499368,2674.806110417614,40263.44183283779,1925.1098366332994,,50.30529189751277,False,True
471.5,40258.85410093318,1641.4866146883005,42347.59816496492,2678.0820387318618,40307.009395593894,1926.7783372194406,,,False,False
472.0,40302.33803576883,1641.6391908162825,42395.30284036332,2681.348600648724,40431.9867249858,1944.6338324711446,-2.004497005231948,34.57703324493902,True,True
472.5,40345.808204037174,1641.7779181231356,42443.002528783225,2684.6026295640263,40475.88483968117,1946.2745235121617,,,False,False
473.0,40389.264354654,1641.9045584051028,42490.68886820183,2687.84965265087,40548.40001999635,1942.3881529020357,,38.35522672517104,False,True
473.5,40432.70624080501,1642.020867747763,42538.355953637234,2691.0935317066815,40592.382448176264,1943.9706577895643,,,False,False
474.0,40476.133620021,1642.1285923404625,42585.999871155545,2694.33435435236,40696.66970442593,1940.2041670155143,-3.2987911232552487,29.593528696071917,True,True
474.5,40519.54625425172,1642.2294643733512,42633.630405276104,2697.5732674209025,40740.86747626004,1941.7084317113954,,,False,False
475.0,40562.94390993838,1642.3251980328143,42681.24580356629,2700.8209446707033,40789.39962040533,1942.7668694754934,,45.14929436247082,False,True
475.5,40606.326358084814,1642.4174856106267,42728.844106969605,2704.0849971864072,40833.57848057477,1944.2868177491282,,,False,False
476.0,40649.6933743272,1642.5079937416292,42776.427324289296,2707.356462915822,40887.70879285448,1937.9061596964975,-3.7289505105211203,40.18587959079392,True,True
476.5,40693.044739002435,1642.598359784126,42823.99829347238,2710.6292170686665,40931.89976211759,1939.3918364531135,,,False,False
477.0,40736.38023721503,1642.690188356549,42871.56449475478,2713.908342084608,41020.19391404818,1941.49646736383,,33.76211523557732,False,True
477.5,40779.69965890259,1642.785048043222,42919.12362373329,2717.198364256581,41064.55406543685,1942.9614139977396,,,False,False
478.0,40823.00279889975,1642.8844682812785,42966.66734859226,2720.4965447243394,41026.276376912676,1881.2586985888706,-7.238960262579783,41.513175609048595,True,True
478.5,40866.28945700075,1642.9899364399726,43014.19675710669,2723.8076824236114,41070.27473972502,1882.5629155003119,,,False,False
479.0,40909.55943802034,1643.1028951027488,43061.71562883707,2727.133386140972,41089.03699079411,1883.0228224671241,,51.824172509229186,False,True
479.5,40952.8125518533,1643.2247395615154,43109.22355171706,2730.4728388596614,41132.90263701257,1884.3676778562742,,,False,False
480.0,40996.04861353228,1643.3568155316177,43156.72652834311,2733.828213900093,41262.301245171024,1926.3831708245489,-0.4519097524357445,37.36079267734942,True,True
480.5,41039.26744328422,1643.5004170950099,43204.21974205368,2737.192119569259,41306.491482222744,1927.834590569333,,,False,False
481.0,41082.46886658505,1643.6567848781042,43251.694411661185,2740.5708736648703,41322.00190860949,1926.2044245560419,,51.49254184472896,False,True
481.5,41125.65271421288,1643.8271044697212,43299.15398445414,2743.9759790764756,41366.03504558419,1927.7039510214206,,,False,False
482.0,41168.818822299545,1644.0125050834954,43346.60059744495,2747.4083190763513,41330.590251787144,1879.2651072303154,-6.073131300165045,45.38784346813431,True,True
482.5,41211.967032380504,1644.2140584679962,43394.03259641558,2750.8617587991744,41374.27599465367,1880.680557727769,,,False,False
483.0,41255.09719144312,1644.4327780667243,43441.45649766789,2754.3407432402155,41432.04655803166,1883.619422240211,,39.941036074604895,False,True
483.5,41298.2091519733,1644.6696184290292,43488.871773182516,2757.8513566129495,41475.767490592356,1885.0810907207206,,,False,False
484.0,41341.30277200037,1644.9254748718809,43536.27902650471,2761.3888707825236,41537.27702002097,1895.8476552908835,-2.1119243826906686,41.90989286656322,True,True
484.5,41384.37791514035,1645.2011833913145,43583.68275698941,2764.957581347477,41581.05110733854,1897.3834244604432,,,False,False
485.0,41427.43445063752,1645.4975208212684,43631.07748222582,2768.55529613258,41570.81063063648,1887.9440981874473,,55.56257275012404,False,True
485.5,41470.472253404216,1645.8152052364312,43678.45924453433,2772.1770213289165,41614.337019410224,1889.5303634941345,,,False,False
486.0,41513.491204058955,1646.1548965946524,43725.82663646007,2775.8312465146923,41556.20514015372,1848.5683364388435,-4.684880754682237,55.76268091493262,True,True
486.5,41556.49118896277,1646.5171976134027,43773.179925548706,2779.518443093421,41599.29115914196,1850.1355115877182,,,False,False
487.0,41599.472100253864,1646.9026548737536,43820.515248781565,2783.2327262416825,41635.00930924811,1850.3531110359622,,44.42995376410692,False,True
487.5,41642.43383588044,1647.3117601443407,43867.83433338375,2786.9831656831398,41678.02317673508,1851.9793044006858,,,False,False
488.0,41685.37629963179,1647.7449519168185,43915.14812461045,2790.7666420583137,41696.44418113964,1856.4892487189168,-1.7096962105747182,52.32140279300069,True,True
488.5,41728.29940116761,1648.2026171433927,43962.453346071685,2794.574568107351,41739.33372723932,1858.19955318132,,,False,False
489.0,41771.20305604553,1648.685093166134,44009.74227830788,2798.413257028968,41776.58913937915,1858.7037008684133,,43.388755430639094,False,True
489.5,41814.087185746794,1649.192669826952,44057.018682375616,2802.281356497514,41819.418617606876,1860.4692395574202,,,False,False
490.0,41856.95171770021,1649.7255917463256,44104.28187685986,2806.1838464529555,41850.947761287134,1842.1659060314314,-4.025319270207184,35.35000296708696,True,True
490.5,41899.79658530427,1650.2840607581657,44151.534234996136,2810.126286478222,41893.70554439203,1843.9328565304886,,,False,False
491.0,41942.621727947386,1650.8682384875149,44198.77114117054,2814.1003873371405,41922.05933481418,1842.0600019491133,,44.791183920613676,False,True
491.5,41985.42709102642,1651.4782490571902,44245.98703143497,2818.1026048667777,41964.71431658709,1843.8796097193047,,,False,False
492.0,42028.212625963235,1652.1141819089275,44293.185029597866,2822.135762656815,42018.582782906065,1849.1833589261587,-2.1125966501157976,38.521566032070716,True,True
492.5,42070.97829021959,1652.7760947241177,44340.36237360824,2826.2019910688964,42061.23472461766,1851.0656789066957,,,False,False
493.0,42113.72404731,1653.4640164288119,44387.518586586724,2830.3003976023892,42141.719525768174,1864.2367014930055,,31.560602425687122,False,True
493.5,42156.44986681294,1654.1779502673392,44434.65838091453,2834.426756412473,42184.47499857786,1866.1853137056166,,,False,False
494.0,42199.15572438002,1654.917876928615,44481.78233355168,2838.5766404863284,42215.129080973245,1865.1539904029696,-1.754276007655123,43.5115060845388,True,True
494.5,42241.84160174349,1655.6837577090237,44528.88910833636,2842.749370696416,42257.79522036437,1867.1425432348271,,,False,False
495.0,42284.507486721726,1656.4755376956414,44575.979230235316,2846.950883128135,42305.3130467996,1870.9825127741874,,38.630558742385574,False,True
495.5,42327.15337322302,1657.2931489535188,44623.04756516148,2851.1848966280095,42347.95129796077,1873.030107228502,,,False,False
496.0,42369.77926124736,1658.1365137007715,44670.09846844435,2855.443145202984,42396.87323022498,1869.6396473607338,-2.938516469233008,32.50917149257005,True,True
496.5,42412.38515688648,1659.005547455331,44717.13780773368,2859.726618496371,42439.501627375954,1871.7052743898087,,,False,False
497.0,42454.971072321976,1659.9001621373807,44764.1547993484,2864.0405175067535,42485.55380358995,1875.2457415056667,,38.09215179781298,False,True
497.5,42497.53702582163,1660.8202691117565,44811.1591225515,2868.38460409386,42528.15222972477,1877.3693727919572,,,False,False
498.0,42540.08304173379,1661.765782154906,44858.15395057584,2872.755406946756,42682.44815049274,1959.5846641214307,4.195842409741264,38.862274931667805,True,True
498.5,42582.60915048003,1662.7366203313932,44905.12701479065,2877.156372786407,42725.426635602336,1961.9715917966873,,,False,False
499.0,42625.11538854579,1663.7327107653946,44952.08577106631,2881.594543237935,42806.44685254125,1983.6678547527522,,29.926814196464846,False,True
499.5,42667.60179846935,1664.753991293158,44999.034271658245,2886.0732594357396,42849.539688193276,1986.1692590018438,,,False,False
500.0,42710.06842882882,1665.8004129829799,45045.968920212894,2890.5935695553003,42935.64415896354,2015.7159487845215,-0.10445309643439749,32.70622336850499,True,True
500.5,42752.51533422735,1666.8719425099118,45092.88223675732,2895.1467209493094,42978.85788531654,2018.353820851187,,,False,False
501.0,42794.94257527652,1667.9685643731123,45139.768826330765,2899.731114337966,43080.32528162942,2054.516393546811,,25.066868590534078,False,True
501.5,42837.35021857784,1669.0902829445213,45186.637909630954,2904.3481427571314,43123.70968332896,2057.291997784782,,,False,False
502.0,42879.73833670251,1670.2371243383534,45233.50350865125,2908.9978951778726,43076.71079509516,1997.2320758519324,-5.406998235407835,37.07988973580791,True,True
502.5,42922.10700816927,1671.4091380917632,45280.35810812439,2913.6783145563086,43119.738847752444,1999.9042235177822,,,False,False
503.0,42964.456317420496,1672.6063986479462,45327.196503178486,2918.383813881511,43180.173803433376,2013.1596522730817,,32.12098087986548,False,True
503.5,43006.78635479651,1673.829006633883,45374.02110300637,2923.1093850999932,43223.23123449929,2015.897700719039,,,False,False
504.0,43049.097216507995,1675.0770899259155,45420.832703465,2927.864252155595,43212.753049229046,1984.53147709798,-1.1330099193998138,44.54087620152448,True,True
504.5,43091.38900460676,1676.3508044973596,45467.632398487796,2932.657547362664,43255.57982913775,1987.2484895741945,,,False,False
505.0,43133.66182695461,1677.6503350433954,45514.4175651291,2937.47725752555,43294.400541940086,1987.4456266447162,,35.65829841760586,False,True
505.5,43175.91579719049,1678.9758953795367,45561.18855323849,2942.317938430739,43337.17719560798,1990.198985796314,,,False,False
506.0,43218.151034695904,1680.3277286110651,45607.94783736224,2947.1896786671205,43274.83296186002,1923.6742367653594,-1.1321986934134096,54.16136768455677,True,True
506.5,43260.36766455851,1681.7061070718985,45654.70232009844,2952.096350616228,43317.19640842012,1926.3154109099362,,,False,False
507.0,43302.56581753403,1683.111332032466,45701.454522377,2957.028825782689,43299.24063721289,1889.832607125522,,47.23883444747443,False,True
507.5,43344.745630006444,1684.543733177261,45748.19294376611,2961.9907414912873,43341.35636132939,1892.4268170193795,,,False,False
508.0,43386.90724394641,1686.003667853839,45794.91154736641,2966.9927737412595,43309.837087741325,1845.897084855444,-2.94686025288695,42.39865018776168,True,True
508.5,43429.050806868036,1687.4915200961254,45841.61787865203,2972.0332319490963,43351.64002228211,1848.4409811844082,,,False,False
509.0,43471.17647178396,1689.007699425964,45888.31763699858,2977.1058870283223,43397.45156007728,1853.645758773571,,33.49913419546963,False,True
509.5,43513.28439715872,1690.55263943791,45935.01290093251,2982.2062084896743,43439.24849218193,1856.250201481781,,,False,False
510.0,43555.37474686048,1692.1267961733033,45981.69817714338,2987.3363921307646,43427.597305217896,1822.5558161296312,-2.2207845571523332,39.70231721232273,True,True
510.5,43597.44769011112,1693.7306462906674,46028.370764606225,2992.5026637833407,43469.1654523546,1825.1287492202187,,,False,False
511.0,43639.50340143472,1695.3646850404707,46075.029010282735,2997.7070888415938,43498.14588568311,1819.0818377506482,,36.438521412488804,False,True
511.5,43681.542060604355,1697.029424053216,46121.676010086354,3002.948975705634,43539.631953103155,1821.7023814313827,,,False,False
512.0,43723.563852587344,1698.7253889507435,46168.320655898606,3008.2255365688693,43568.6433258836,1815.7500922465213,-0.9527641265687012,34.446747548692954,True,True
512.5,43765.56896748893,1700.4531167914836,46214.95986947408,3013.539267362362,43610.06540722597,1818.4145564327137,,,False,False
513.0,43807.55760049435,1702.2131533612128,46261.588020671385,3018.897327513543,43714.75912814645,1867.511344544949,,19.15407689546829,False,True
513.5,43849.52995180939,1704.0060503216257,46308.20379339919,3024.294712161315,43756.3770899369,1870.3738894960895,,,False,False
514.0,43891.48622659938,1705.8323622297405,46354.808669127815,3029.7283891531165,43760.55092260565,1849.7287461583885,-3.5726650697824724,29.61197656965463,True,True
514.5,43933.426634926735,1707.6926434418065,46401.40516234735,3035.201169758337,43802.00225814324,1852.6041916702613,,,False,False
515.0,43975.35139168694,1709.5874449159637,46447.99419970345,3040.7148916534024,43786.11739612686,1809.8330919787925,,44.5910129016451,False,True
515.5,44017.260716543096,1711.5173109284315,46494.581721752984,3046.2708248125723,43827.343066991816,1812.6630927997664,,,False,False
516.0,44059.154833859015,1713.482775718454,46541.16912708691,3051.870065281008,43962.490752613434,1885.818833654197,2.608899272003526,19.493598236623512,True,True
516.5,44101.03397263088,1715.4843600776214,46587.754395339594,3057.5133465627596,44004.04232813533,1888.9133575876845,,,False,False
517.0,44142.898366417474,1717.5225678995048,46634.3335909692,3063.2011503243884,44085.56979034958,1926.2731999088,,22.439164623045258,False,True
517.5,44184.74825326905,1719.597882705779,46680.90269257286,3068.9285688856094,44127.23776658459,1929.5400537415587,,,False,False
518.0,44226.583875654804,1721.7107641651944,46727.45986948541,3074.6955732410597,44071.92072587867,1862.858547937149,-4.085228224906707,38.64975588527524,True,True
518.5,44268.40548038904,1723.8616446218448,46774.008737803786,3080.50488806888,44113.20864213314,1866.0223965577864,,,False,False
519.0,44310.21331855597,1726.050925649213,46820.55590032211,3086.3512522950255,44164.37654275663,1878.070893291113,,28.12699232863046,False,True
519.5,44352.007645433245,1728.2789746464207,46867.09607745817,3092.2420460785943,44205.68006130102,1881.334788028173,,,False,False
520.0,44393.78872041416,1730.5461214929885,46913.62517010503,3098.1727291248876,44254.32841843619,1890.5146722271957,0.4999451433601199,28.75955239260766,True,True
520.5,44435.55680692869,1732.8526552782166,46960.14983695275,3104.144227272504,44295.63215727063,1893.8689647193032,,,False,False
521.0,44477.312172363214,1735.198821121022,47006.67833263084,3110.1696896206627,44302.53341050255,1864.1638546941886,,36.93745470454769,False,True
521.5,44519.055087979075,1737.584817095735,47053.20608212548,3116.2425413703872,44343.70921365539,1867.5195847626637,,,False,False
522.0,44560.78582882995,1740.0107912789351,47099.72445108716,3122.354992639838,44393.03308172641,1878.0272681340198,0.6073230519912124,27.630404284206172,True,True
522.5,44602.50467367807,1742.4768389319406,47146.232421709465,3128.507970696881,44434.20707331962,1881.4764389381642,,,False,False
523.0,44644.21190490931,1744.982999833009,47192.73593349358,3134.6990205168254,44509.36042272633,1919.6067375400646,,20.6374174083091,False,True
523.5,44685.90780844715,1747.5292557726998,47239.23592813851,3140.925002874481,44550.633721234546,1923.2224579858664,,,False,False
524.0,44727.5926736656,1750.1155282251846,47285.72507025228,3147.190252076083,44579.29049372944,1908.398687546734,1.4073225050347693,32.77116860111678,True,True
524.5,44769.26679330106,1752.741676207551,47332.21464901908,3153.497763553064,44620.50149628213,1912.032475218208,,,False,False
525.0,44810.93046336313,1755.407494338376,47378.717351938925,3159.852532565016,44667.75635629146,1922.180444652667,,26.024029031646663,False,True
525.5,44852.58398304445,1758.1127111059925,47425.22386499148,3166.256492841197,44708.994573580945,1925.9234589058303,,,False,False
526.0,44894.227654629576,1760.8569873560086,47471.72522257142,3172.7047841300364,44773.199331936004,1966.4577203051922,-0.702361061215198,17.4587686504625,True,True
526.5,44935.86178340286,1763.639915006696,47518.22078284282,3179.194355059484,44814.4904821486,1970.3962715589896,,,False,False
527.0,44977.48667755552,1766.4610159999033,47564.713708711715,3185.7260385677478,44909.03414924307,2035.6360330738619,,13.754131870844288,False,True
527.5,45019.10264809172,1769.3197414941544,47611.20245647738,3192.305959740193,44950.490003246356,2039.840223222902,,,False,False
528.0,45060.71000873383,1772.2154713055427,47657.68739607483,3198.9325486727007,45080.64008337862,2116.524663980165,5.105572109833466,14.569524194739083,True,True
528.5,45102.309075826895,1775.1475136009888,47704.17176815333,3205.6027815418224,45122.39618118545,2121.007151538693,,,False,False
529.0,45143.90016824224,1778.1151048473369,47750.6568668777,3212.314995869427,45164.78348022604,2126.3341420124457,,23.842447677849098,False,True
529.5,45185.48360728037,1781.1174100186702,47797.14198956776,3219.0669617897343,45206.5339881121,2130.896297259888,,,False,False
530.0,45227.059716573065,1784.153523063116,47843.62245011279,3225.862107086031,45304.648133696784,2205.3413602797864,1.6737033912658954,10.872470164883186,True,True
530.5,45268.628821984836,1787.2224676292876,47890.09340452881,3232.698699552898,45346.56619510672,2210.1925874500466,,,False,False
531.0,45310.19125151363,1790.3231980514006,47936.561698302976,3239.57336582347,45416.360356992285,2252.0697964331002,,15.82302194728101,False,True
531.5,45351.747335190936,1793.4546005909694,47983.04203742964,3246.4858918499403,45458.373097569696,2257.105212315475,,,False,False
532.0,45393.29740498125,1796.615494931896,48029.53587566185,3253.42832185331,45481.41278892766,2231.321100208903,2.0605579450651437,27.031466000488383,True,True
532.5,45434.84179468096,1799.8046359246498,48076.02824575942,3260.397883953553,45523.36886316025,2236.3133903114335,,,False,False
533.0,45476.38083981665,1803.0207155741746,48122.51702730443,3267.403472219988,45556.888593217554,2229.448358436948,,23.22390911602616,False,True
533.5,45517.91487754294,1806.2623652650852,48169.00591547995,3274.4436099050004,45598.805599291925,2234.4710796608247,,,False,False
534.0,45559.44424653973,1809.5281582167,48215.490616831245,3281.511324076,45662.21234358447,2296.5638094348574,-0.2962349529718913,10.10194509203994,True,True
534.5,45600.96928690907,1812.8166121594475,48261.979378939846,3288.6079518613487,45704.1823111914,2301.8279894423267,,,False,False
535.0,45642.490340071556,1816.126192223229,48308.472780691576,3295.726728661164,45762.11776929095,2332.264038844389,,15.630786515494897,False,True
535.5,45684.007748662305,1819.4553140273943,48354.96936234733,3302.862031672386,45804.13980374094,2337.641816023367,,,False,False
536.0,45725.521856426625,1822.802346961108,48401.48107988633,3310.0176639005267,45881.42799609399,2395.31426920159,3.206594167740294,12.54113385244625,True,True
536.5,45767.033008115286,1826.1656176420609,48448.009161787784,3317.1938564392362,45923.58996217829,2400.8906856838403,,,False,False
537.0,45808.5415493795,1829.5434135406958,48494.540589353084,3324.3916058958266,45954.954842485946,2382.056188105225,,20.710863374932593,False,True
537.5,45850.04782666565,1832.9339867564026,48541.0692049217,3331.611962239673,45997.077940787436,2387.5949313374163,,,False,False
538.0,45891.55218710974,1836.3355579314696,48587.593318316736,3338.8589966091977,46048.334952337056,2425.244856532949,1.713855663585388,13.563564134758103,True,True
538.5,45933.05497843167,1839.7463202879776,48634.12201785464,3346.128114827466,46090.47417677414,2430.9374590413436,,,False,False
539.0,45974.55654882929,1843.1644437722887,48680.66222845153,3353.4129826651783,46112.819184376414,2389.8784101214733,,22.40991671212133,False,True
539.5,46016.05724687239,1846.5880792913078,48727.20639277245,3360.7130524775466,46154.90789942354,2395.4473602998,,,False,False
540.0,46057.55742139646,1850.015363024296,48773.74936365813,3368.030798585951,46158.63002999535,2408.477032325454,-1.9863988084438908,16.776207178368825,True,True
540.5,46099.05742139646,1853.4444207936822,48820.2915381595,3375.358484419571,46200.559132064016,2414.1252632868386,,,False,False
541.0,46140.55759592052,1856.8733724780632,48866.84069603646,3382.6889729345503,46255.02576307674,2450.6110358784617,,11.657750513535184,False,True
541.5,46182.05829396362,1860.300336450392,48913.40164095927,3390.014674499518,46297.00283450629,2456.3552119595747,,,False,False
542.0,46223.559864361254,1863.7234340242496,48959.97259809325,3397.3330006213578,46343.262103146684,2454.6841426275937,3.273217321379363,15.598142638781265,True,True
542.5,46265.06265568318,1867.1407938910495,49006.5525241166,3404.651212474582,46385.26953221377,2460.389153859681,,,False,False
543.0,46306.56701612727,1870.550556531071,49053.13682699922,3411.9674180689835,46405.524078495895,2409.7122889042835,,22.29956125171309,False,True
543.5,46348.07329341342,1873.9508785813239,49099.72622217155,3419.2723312787084,46447.469520890285,2415.2170315508824,,,False,False
544.0,46389.581834677636,1877.339937143435,49146.32573854197,3426.564748461442,46534.40809033884,2540.995917674844,2.600311810928816,-3.46378166740654,True,True
544.5,46431.09298636629,1880.7159340150051,49192.931047403785,3433.8523160644077,46576.49284142681,2546.874850671848,,,False,False
545.0,46472.60709413061,1884.0770998282203,49239.54446752602,3441.1291137839157,46622.888127424616,2563.9767376081745,,10.742081089312833,False,True
545.5,46514.12450272136,1887.4216980799008,49286.16935284325,3448.3912384913842,46664.99773821897,2569.8652744463016,,,False,False
546.0,46555.645555883835,1890.7480290376395,49332.80601409029,3455.64704206796,46709.10504011772,2494.6430193212086,6.115454599889124,21.542110800492022,True,True
546.5,46597.17059625318,1894.054433507227,49379.45186068545,3462.8972074528183,46751.26335417199,2500.230199787379,,,False,False
547.0,46638.69996524997,1897.339296447155,49426.0975196307,3470.1357055441754,46789.08071128765,2493.5721139034185,,13.317546986429114,False,True
547.5,46680.23400297626,1900.6010504166545,49472.74759783963,3477.360414869079,46831.22338679344,2499.0909593311503,,,False,False
548.0,46721.773048111965,1903.8381788444556,49519.407630326656,3484.5616071047443,46878.975636726376,2416.503952867346,6.584995432174475,21.671274089631478,True,True
548.5,46763.31743781167,1907.0492191062194,49566.07883119678,3491.7355966665586,46921.1826070409,2421.6552177205704,,,False,False
549.0,46804.86750760198,1910.232765399438,49612.771573484126,3498.889662556655,46957.12502509422,2407.333661096417,,13.79755883216715,False,True
549.5,46846.42359127928,1913.3874714054632,49659.48595270173,3506.022799829911,46999.350131925596,2412.375767801353,,,False,False
550.0,46887.98602080807,1916.5120527292588,49706.217446481176,3513.138618745896,47036.86710698143,2439.5835446416736,2.1155049546331712,7.634415402406423,True,True
550.5,46929.55512621984,1919.6052891084225,49752.96976053245,3520.239214377006,47079.09786091062,2444.6701001391643,,,False,False
551.0,46971.13123551254,1922.6660263840358,49799.73725687144,3527.3168879728505,47110.787640290415,2416.419996146872,,15.00920502993343,False,True
551.5,47012.71467455067,1925.6931782269185,49846.511699981726,3534.370614627481,47153.00273718248,2421.3452631939276,,,False,False
552.0,47054.30576696602,1928.6857276139308,49893.30221260251,3541.396977571746,47206.337414640395,2434.5785305355066,4.256798317948012,6.586523603350042,True,True
552.5,47095.90483405908,1931.642728050041,49940.10882148423,3548.390791957868,47248.61791593309,2439.4623553060133,,,False,False
553.0,47137.512194701194,1934.5633045329785,49986.925497142045,3555.3606255442683,47291.90348008828,2447.717086073894,,7.554594490573259,False,True
553.5,47179.12816523739,1937.4466542583973,50033.750497466994,3562.305938176503,47334.19812478801,2452.559685770463,,,False,False
554.0,47220.75305939005,1940.2920470645968,50080.587900132356,3569.2145122506013,47348.60812539715,2459.279823200137,0.8135676955250619,10.53151288404562,True,True
554.5,47262.38718816334,1943.0988256169665,50127.44441259164,3576.0856603193956,47390.818349267895,2464.066995261025,,,False,False
555.0,47304.030859748455,1945.866405333439,50174.31747537355,3582.9215274868443,47413.240474722246,2397.1186321999776,,19.999826533050538,False,True
555.5,47345.684379429775,1948.5942740533474,50221.20969914815,3589.7267296861964,47455.42167301858,2401.5951895626363,,,False,False
556.0,47387.34804949184,1951.281991453182,50268.123178153015,3596.5013842677786,47532.26273536594,2400.9404969277302,7.182827845401054,3.127251020630581,True,True
556.5,47429.022169127304,1953.9291882138245,50315.055010503784,3603.2447742163217,47574.611957260735,2405.313689818319,,,False,False
557.0,47470.70703434576,1956.5355649448982,50362.00687237729,3609.9579572257044,47591.81837473416,2306.424798908395,,25.165486631692346,False,True
557.5,47512.40293788359,1959.100890872902,50408.97943080151,3616.64293982486,47634.129705579806,2310.3853881913756,,,False,False
558.0,47554.11016911482,1961.6250023008106,50455.97227496243,3623.294808032965,47633.17838316914,2296.8016288993613,0.4588008208834915,15.688386751215415,True,True
558.5,47595.82901396294,1964.1078008477732,50502.98945918324,3629.9090096985747,47675.362341923894,2300.646038916328,,,False,False
559.0,47637.55975481382,1966.549251478488,50550.0268858435,3636.4821997940717,47696.538433311944,2264.8715110966136,,17.694342169055364,False,True
559.5,47679.30267042968,1968.9493803327023,50597.075818917954,3643.0129005754684,47738.67331828519,2268.497546547942,,,False,False
560.0,47721.058035864204,1971.308272366125,50644.13836177243,3649.5043881031424,47752.585634111514,2274.9932298687468,1.5243508275836275,10.135509648635312,True,True
560.5,47762.826122378734,1973.6260688148293,50691.216636508216,3655.9532501833305,47794.63028840705,2278.554563078132,,,False,False
561.0,47804.607197359655,1975.9029644959433,50738.31593322619,3662.358568271728,47840.24142810725,2289.1846839878244,,3.060014481779404,False,True
561.5,47846.40152423693,1978.1392049581052,50785.438052750476,3668.724902357202,47882.33343707244,2292.680301721304,,,False,False
562.0,47888.20936240387,1980.3350834957653,50832.57498515754,3675.064060397544,47907.065507047206,2255.693656258207,4.2605055463072405,15.88612021106434,True,True
562.5,47930.03096713811,1982.4909380419624,50879.72981251184,3681.3694412051505,47949.12166237686,2258.9871892188357,,,False,False
563.0,47971.86658952387,1984.6071479546877,50926.91135993349,3687.6374088906296,47996.28261193752,2273.6915897199883,,0.8498487955210203,False,True
563.5,48013.71647637543,1986.684130712355,50974.11397332502,3693.8744457402395,48038.39523640052,2276.947972577854,,,False,False
564.0,48055.580870162026,1988.7223385342384,51021.33202364482,3700.076672764083,48087.67172289954,2297.703058314835,4.253858234482848,-1.5386099185109936,True,True
564.5,48097.46000893389,1990.722254942013,51068.573679656256,3706.2461164302276,48129.839319790626,2300.9438896378897,,,False,False
565.0,48139.35412624982,1992.6843912787253,51115.83951769655,3712.386290626009,48149.15131974933,2246.729823748898,,18.631161610125307,False,True
565.5,48181.26345110597,1994.6092832016466,51163.13773354689,3718.4974778212886,48191.286448950625,2249.7122207805683,,,False,False
566.0,48223.18820786617,1996.4974871655122,51210.469038484705,3724.575620141566,48202.204571241695,2235.719468218801,2.327952660896955,12.036499700042851,True,True
566.5,48265.12861619353,1998.3495769126237,51257.82286953909,3730.6244317538276,48244.26532711611,2238.584081539157,,,False,False
567.0,48307.08489098352,2000.1661399861923,51305.194782317296,3736.6449146950763,48281.816713715205,2228.5623828402,,5.643593252167484,False,True
567.5,48349.05724229855,2001.947774283129,51352.58463221832,3742.6347444355606,48323.887856694884,2231.3167316925,,,False,False
568.0,48391.04587530397,2003.6950846622415,51399.9963500842,3748.6002826965823,48352.983283282156,2267.9705303279334,2.3599219157330076,-2.7470408699647555,True,True
568.5,48433.050990205564,2005.40867962348,51447.42937953379,3754.543374866201,48395.03140300199,2270.794870687764,,,False,False
569.0,48475.07278218856,2007.0891680734926,51494.885205144776,3760.4596622765675,48438.2433572574,2277.0259571925126,,-0.12807478439342113,False,True
569.5,48517.11144135819,2008.7371561922807,51542.36255029342,3766.3477961907115,48480.32992446576,2279.7999519897085,,,False,False
570.0,48559.167152681795,2010.3532444152438,51589.860842152426,3772.208453988445,48507.558963509844,2287.8311690196765,3.220710615629778,2.1267504303121805,True,True
570.5,48601.240095932444,2011.938024544295,51637.3862357227,3778.0506090597673,48549.62367564632,2290.5752027607296,,,False,False
571.0,48643.330445634194,2013.4920770010995,51684.941670807406,3783.874761898293,48587.96131411025,2280.735831388484,,2.9367020171159295,False,True
571.5,48685.438371008946,2015.0159682347696,51732.5338806767,3789.6714133839164,48630.06898689674,2283.383753609251,,,False,False
572.0,48727.56403592487,2016.5102482955983,51780.15926179916,3795.4424365079153,48630.33106823684,2271.0391594575312,1.529693725582134,11.034630718138162,True,True
572.5,48769.7075988465,2017.9754485855926,51827.80487432745,3801.193325989544,48672.3155837497,2273.5917132069458,,,False,False
573.0,48811.86921278646,2019.4120797957144,51875.478375887455,3806.925511590146,48709.283711641896,2257.165792371564,,3.81534640991717,False,True
573.5,48854.04902525887,2020.8206300388265,51923.17904342506,3812.6331953881463,48751.29365043092,2259.601492535914,,,False,False
574.0,48896.24717823439,2022.201563186402,51970.90178929864,3818.321389159484,48816.87894096008,2207.0841171939255,8.140137819194281,4.703486703979322,True,True
574.5,48938.46380809699,2023.5553174160677,52018.6518366313,3823.9936036759227,48859.02578747843,2209.2758828136075,,,False,False
575.0,48980.6990456024,2024.8823039760468,52066.42651061748,3829.6431996955357,48904.729631864175,2228.134484715477,,-6.5101095554219945,False,True
575.5,49022.953015838284,2026.1829061715239,52114.22488214972,3835.2673102164763,48946.92746037796,2230.32868750592,,,False,False
576.0,49065.22583818613,2027.4574785768955,52162.05375930699,3840.8735186225135,49000.88079210267,2193.976715168217,6.918183877788426,2.5660037950548293,True,True
576.5,49107.5176262849,2028.7063464767903,52209.9099435304,3846.463085937473,49043.17489060424,2195.9884985039703,,,False,False
577.0,49149.82848799639,2029.9298055376548,52257.79071164203,3852.034781025187,49098.111002036065,2268.821508242701,,-21.392135317762772,False,True
577.5,49192.1585253724,2031.1281217105995,52305.70056462948,3857.5902504333117,49140.49738859538,2271.042286255404,,,False,False
578.0,49234.50783462363,2032.3015313651001,52353.6426765436,3863.1228440551577,49199.74987157604,2244.544340069427,7.291963116669202,-2.3424296811119945,True,True
578.5,49276.87650609039,2033.4502416520536,52401.6149914963,3868.636956682071,49242.25738526477,2246.610918058146,,,False,False
579.0,49319.26462421506,2034.5744310935938,52449.61272728122,3874.1419467255537,49285.1087825842,2250.8067374142115,,-5.807455309724997,False,True
579.5,49361.672267516384,2035.674250395993,52497.63158180461,3879.6337914132564,49327.6542437953,2252.8506419690125,,,False,False
580.0,49404.09950856555,2036.7498234809175,52545.67285473985,3885.1121000461294,49358.611141134,2246.2413410530244,4.407518557080064,-1.4189705280610094,True,True
580.5,49446.54641396408,2037.8012487292606,52593.741739314384,3890.581026727697,49401.14927762189,2248.2242203547053,,,False,False
581.0,49489.01304432355,2038.8286004307693,52641.83641346613,3896.0314922680013,49452.26381827598,2319.047701587261,,-23.488793362421468,False,True
581.5,49531.4994542471,2039.8319304316926,52689.95978474947,3901.4645484589396,49494.88312456885,2321.2344388125657,,,False,False
582.0,49574.00569231287,2040.8112699717371,52738.11240583037,3906.8813772554245,49533.13419266253,2283.3088731476732,5.498308781578953,2.0583266903739608,True,True
582.5,49616.53180105911,2041.7666317007092,52786.29856627004,3912.2810325065475,49575.78677534892,2285.3101850196026,,,False,False
583.0,49659.07781697128,2042.6980118643576,52834.521378461686,3917.666516848786,49617.720598394444,2279.468167696375,,-6.091569864927925,False,True
583.5,49701.64377047093,2043.6053926481163,52882.7709537914,3923.0315897396963,49660.4230751988,2281.398771400511,,,False,False
584.0,49744.22968590644,2044.4887446666896,52931.04617411626,3928.375578870471,49699.87626211242,2258.439332048722,5.5295744203128825,-2.248500216120064,True,True
584.5,49786.83558154556,2045.3480295867028,52979.34954982321,3933.705185134107,49742.607304167235,2260.236261684727,,,False,False
585.0,49829.461469569906,2046.1832028690012,53027.68187191322,3939.015477792439,49785.66083284336,2266.3481760250065,,-10.102607073244721,False,True
585.5,49872.1073560712,2046.9942166165868,53076.04517232182,3944.303866926416,49828.44327793862,2268.1114701607726,,,False,False
586.0,49914.77324104945,2047.781022513658,53124.44315741947,3949.5823389391703,49847.8599815111,2277.2150747382316,3.355519703127281,-5.76544526224355,True,True
586.5,49957.45911841292,2048.5435748407567,53172.88267204786,3954.848336517897,49890.61238380173,2278.9735487746148,,,False,False
587.0,50000.164975980006,2049.28183355064,53221.35924456512,3960.0898205131093,49932.35684918784,2260.7416823241942,,-5.412670968762626,False,True
587.5,50042.89079548294,2049.995767389167,53269.86428450433,3965.3042946651804,49975.15765739767,2262.3674088941793,,,False,False
588.0,50085.63655257336,2050.6853570452545,53318.40094437677,3970.4957507611502,50024.06740541988,2222.1891830943014,6.6613384384519385,-2.5280932416139157,True,True
588.5,50128.402216829716,2051.3505983137547,53366.975650954104,3975.66853316727,50066.9471912087,2223.6121308993415,,,False,False
589.0,50171.18775176654,2051.991505255038,53415.592041121075,3980.821091123004,50108.70790310765,2169.4763098289,,2.1986342188118915,False,True
589.5,50213.993114845565,2052.6081133350053,53464.24329234336,3985.95887530058,50151.640790150544,2170.6508726683364,,,False,False
590.0,50256.81825748869,2053.200482529309,53512.921543436256,3991.0823804405222,50194.50328057654,2159.1648839582012,6.016379644013145,-8.324909256055093,True,True
590.5,50299.66312509274,2053.768700375695,53561.63379411115,3996.181533508514,50237.4840779974,2160.2444801076267,,,False,False
591.0,50342.52765704616,2054.3128849585446,53610.377891683165,4001.262627896422,50281.509076222006,2116.614960153546,,-1.402922031632583,False,True
591.5,50385.41178674742,2054.8331878099793,53659.14535158987,4006.3256792506754,50324.53074479012,2117.4834096588866,,,False,False
592.0,50428.31544162534,2055.329796712222,53707.93951506258,4011.3690021622474,50388.725306047505,2086.1840936898175,8.419675451937493,-9.73159073936517,True,True
592.5,50471.23854316117,2055.8029383863113,53756.76505326706,4016.399880233373,50431.876973606966,2086.8946018773163,,,False,False
593.0,50514.18100691252,2056.252881052746,53805.61461838075,4021.4104077713005,50475.40597749871,2080.5446169034863,,-11.057274868286727,False,True
593.5,50557.142742539094,2056.6799368501734,53854.482736375656,4026.3970650731258,50518.58980144159,2081.173936609829,,,False,False
594.0,50600.12365383019,2057.084464098837,53903.37314954116,4031.362489449647,50562.18196705033,2017.8412599231604,5.912520931441388,2.45766743443232,True,True
594.5,50643.12363873401,2057.466869396176,53952.289270987916,4036.3029951805706,50605.390587782385,2018.1747879524012,,,False,False
595.0,50686.14258938874,2057.8276095326737,54001.23337364122,4041.2188427377355,50648.1672891485,2024.522658315029,,-14.752929404018568,False,True
595.5,50729.180392155446,2058.167193216846,54050.200614184694,4046.121260806465,50691.415929774106,2024.8287876873549,,,False,False
596.0,50772.236927652615,2058.486182599092,54099.187350768516,4051.011561123951,50734.344630273525,2049.4955532684367,6.596592483974915,-20.081355451635545,True,True
596.5,50815.31207079259,2058.785194584982,54148.19613648012,4055.8842262082703,50777.62904829823,2049.851720246809,,,False,False
597.0,50858.40569081965,2059.0649019295165,54197.23564775663,4060.747472912618,50823.61481492197,2022.6257665563826,,-8.495870285796217,False,True
597.5,50901.51765134982,2059.3260341048135,54246.30818178608,4065.6048718882525,50866.956254723766,2022.8521005011594,,,False,False
598.0,50944.64781041245,2059.5693779347093,54295.40818109212,4070.454046018223,50952.21490668144,2015.1468398140682,11.803335974457749,-24.204881365919903,True,True
598.5,50987.7960204934,2059.7957779907592,54344.54028900756,4075.2910379470704,50995.781612241415,2015.3249602537787,,,False,False
599.0,51030.96212858006,2060.0061367451976,54393.7052118325,4080.11646795292,51036.88584078378,2035.0129336207929,,-20.473763646436808,False,True
599.5,51074.14597620789,2060.201414477479,54442.897837164805,4084.9334929209563,51080.4985727163,2035.232594561852,,,False,False
600.0,51117.34739950872,2060.3826289321228,54492.1145958968,4089.74307759886,51100.619214135106,2092.792698604725,4.600480602436257,-25.661794696561472,True,True
