time_s,truth_x_m,truth_y_m,ins_x_m,ins_y_m,aided_x_m,aided_y_m,truth_vx_mps,truth_vy_mps,aided_vx_mps,aided_vy_mps,imu_bias_x_mps2,imu_bias_y_mps2,gravity_measurement
0.0,0.0,0.0,0.0,0.0,0.0,0.0,83.0,0.0,83.0,0.0,0.0,0.0,
0.5,41.5,0.0,41.4982779066195,-0.003221501051253819,41.72798265002157,0.14040826672298476,83.0,0.0,82.9933985941985,-0.012706569046457663,-0.00013662348884301018,0.003977388239863316,12.428338292281893
1.0,83.00017452406438,0.0009409929270644727,82.99275915264127,-0.006424233265220764,83.22260738192122,0.1372952533498791,83.0006980962575,0.0037639717082578908,82.98510033340013,0.00025451555403509067,0.0006215167418619535,0.0036989541862538222,
1.5,124.50087256716014,0.004702741377138412,124.4821284965603,-0.004146804142627559,124.71212021575337,0.1396624038364986,83.0020940761256,0.011283022092037867,82.97295100192848,0.009214086392442896,0.0008234025207318397,0.0037585854904939034,
2.0,166.0024429647854,0.01315834674461322,165.9674198967278,-0.003570201660675938,161.12948430012236,-3.080126886015675,83.00418751437532,0.022539399377861365,82.94344113969626,-0.022653079990950023,0.0012167254037575388,0.002998182913089994,10.340651673779806
2.5,207.50523428671048,0.028169836960592512,207.44763718880333,-0.0018171359839170937,202.59717065831393,-3.086336697367936,83.00697777332508,0.037506561486055794,82.92730429306991,-0.0021861654180935983,0.00017488273626042167,0.002865195286706216,
3.0,249.0095947308005,0.05158379690951875,248.91528763448247,0.0080386232197656,244.0522887452478,-3.0844447204737815,83.01046400303498,0.05614927830964915,82.89316805466558,0.009754072994712103,0.0002635545413087013,0.002759451175857058,
3.5,290.51587201695065,0.0852270583349198,290.36974152328617,0.02500988570457246,285.4942088504449,-3.0754381455790107,83.0146451415657,0.07842376739195499,82.87451236612281,0.026272226584369805,0.0002361182633990561,0.0028235484177549066,
4.0,332.02441328116754,0.13090246578584086,331.8246895886919,0.04984215807202884,326.8789806463933,-3.0960364893747174,83.0195199153019,0.10427786241172933,82.89457371382929,0.0408272402306874,-0.00031741571709235065,0.002366000980255668,13.701779178369698
4.5,373.5355649698281,0.1903847348242602,373.28579074794607,0.08641751099438871,368.3272624665005,-3.067611280921039,83.0250868393403,0.13365121374194802,82.89855356659963,0.0728735935840264,0.00018287074085910037,0.002035866721458714,
5.0,415.0496727341486,0.26541641831191853,414.7497648541509,0.14447444888684938,409.77841574486104,-3.0177054342404355,83.0313442179419,0.16647552020868533,82.90605954684263,0.12674979313838805,0.00021895116093259147,0.001342870495705081,
5.5,456.5670813248962,0.3577039961243132,456.21771822838394,0.2228738401142347,451.23354680255244,-2.9474580809680826,83.03829014504858,0.20267479104089312,82.91446468392314,0.15423961995102253,-0.0006562460337724711,0.0018290107567725973,
6.0,498.08813448737425,0.4689141031022084,497.685243807863,0.31858083497744866,495.3456490451387,-1.0926529006181598,83.04592250486364,0.2421656368706875,82.94198935186859,0.22098381315904952,0.00047536045032072936,0.002260209965924921,15.803834813590074
6.5,539.6131748567142,0.6006699094492881,539.152115312071,0.43822848496043776,536.8185219156591,-0.9686533668822045,83.05423897249635,0.28485758851763154,82.94950213021272,0.2750143217847715,0.00036856915351887043,0.002646522350625439,
7.0,581.1425438535058,0.7545476671212,580.6240216347653,0.5813767152610774,578.2964344976342,-0.8211499616331236,83.06323701467011,0.3306534421700165,82.96214819768777,0.31499929921155206,0.0011823204170789599,0.0022643100630431474,
7.5,622.6765815797969,0.9320734350291615,622.0994906551011,0.7461819476733683,619.7779146702193,-0.6519862630769162,83.07291389049409,0.3794496294618296,82.96377249265231,0.3616554950132774,0.0012543143023658583,0.001592731422058831,
8.0,664.215626715495,1.134719995103733,663.5732086054137,0.9328714907620592,664.4410971268591,1.70623597479082,83.08326665229819,0.4311366108364567,83.0121983790151,0.4413032290734618,0.001762731925284,0.002240566820006741,16.86492950304621
8.5,705.7600164152022,1.363903970434769,705.0472428621696,1.1483597370493555,705.9496762147268,1.9454704100021454,83.09429214653088,0.4855992904876875,83.02211797245533,0.5156345117718395,0.0006356490929959821,0.0019785583781274803,
9.0,747.310086205515,1.6209831558256182,746.5254178844474,1.3959902689210468,747.4624138573893,2.216859180397256,83.10598701471979,0.5427174510757097,83.02883259819457,0.5699205698086035,0.0010256348314520122,0.0017934585154599928,
9.5,788.8661698828187,1.907254070177274,788.0074499711618,1.673614604698846,788.9790263537615,2.5182538042978653,83.11834769449479,0.6023662063309134,83.03761738729409,0.635657925793833,0.0018874732077717128,0.0015513310439317872,
10.0,830.4285994116107,2.2239497391554663,829.4909746846632,1.9833165812597982,828.1371446651855,1.2059925884342089,83.13137042067308,0.6644164695818549,82.98535751578329,0.6638447051659067,0.001819155127221673,0.001439730231599215,15.642073496486667
10.5,871.9977048233804,2.572237715594925,870.9774442372744,2.327480201502923,869.633464834076,1.55672841984455,83.14505122640611,0.7287354361759808,82.99992315977852,0.7390986204754572,0.002478816613840949,0.0018091728787791844,
11.0,913.573814116079,2.953218344064672,912.4714025556601,2.70955727622973,911.1372775608161,1.9453800292020862,83.15938594438792,0.7951870777030074,83.01532774718171,0.8155078169546879,0.002286557362052789,0.0024043454249462262,
11.5,955.1572531542071,3.3679232749607797,953.9668199650865,3.1205394540051326,952.6425531706722,2.36293906507173,83.17437020812456,0.8636326458814222,83.0057746922423,0.8547283265238872,0.0015563178680078713,0.0026004572757174433,
12.0,996.7483455695543,3.8173142324133016,995.4645427339763,3.5675794919702857,989.3576949368994,-0.6114984154722078,83.18999945326412,0.9339311839286651,82.91258075969377,0.8799503352074491,0.0013840797360524597,0.002091381344589481,15.86164841040154
12.5,1038.347412662617,4.302282039196798,1036.9730060788684,4.058490063457051,1030.8200132770503,-0.15391896437880973,83.20626891898715,1.0059400432053194,82.93669260090984,0.9503674691661433,0.0010311239432105872,0.0022075753631053403,
13.0,1079.954773304728,4.8236459007239345,1078.4938046458028,4.58186044804272,1072.2946326463186,0.33609558880802953,83.22317364945678,1.0795154029032297,82.96178487616363,1.009690743581214,0.0009146321568313595,0.002604948418383803,
13.5,1121.5707438409243,5.3821529490839835,1120.0214315022033,5.140125863980147,1113.7760461121281,0.8609804623411637,83.24070849532835,1.1545127905369674,82.96386898707419,1.0898487505513228,0.000869840438962116,0.0026249096743639886,
14.0,1163.195637993586,5.978478046967602,1161.554907248334,5.738243588304992,1151.6936223703162,-1.1965219606643094,83.25886811531792,1.230787600997508,82.89534318338585,1.1034349321302266,0.00038450696458255154,0.003174793643111048,17.376797242640144
14.5,1204.8297667668728,6.613223850201077,1203.0941853740078,6.377130002963981,1193.1417507315036,-0.623861560135382,83.27764697782936,1.3081956119363896,82.89717026136391,1.1872066699854829,0.0003174111159591439,0.0020446976824671555,
15.0,1246.4734383519901,7.286921126502157,1244.632144512075,7.059737348005796,1234.5884904160675,-0.007530838679973589,83.29703936263921,1.38659349326793,82.88978847689184,1.2781162158361505,-0.0008866882356269585,0.0025236117837068735,
15.5,1288.1269580333098,8.000029326970692,1286.1736134938628,7.779516241507713,1276.0386702553355,0.6459208217791922,83.3170393626392,1.4658393086062123,82.91093088018012,1.335690426000513,-0.0013649735839646189,0.0029642756862848065,
16.0,1329.7906280953785,8.752937405745335,1327.72522423979,8.533147709281184,1316.7749517400732,0.7865218060121465,83.33764088563561,1.545793006492362,82.91099683190897,1.399007084698396,-0.0006583483427458351,0.003779828411208972,19.31075769033956
16.5,1371.4647477308386,9.545964882197419,1369.2847684051992,9.326702063581415,1358.2335230973408,1.5064859838831137,83.35883765620494,1.6263168993159733,82.92328859716147,1.4808496267854732,-0.0012099777988471667,0.00440128292924567,
17.0,1413.1496129492912,10.379363138999453,1410.847872250562,10.16620529478931,1399.6955758158413,2.2723419706563543,83.38062321760555,1.7072761278921649,82.92492227683995,1.5825743203074891,-0.0016587340118037826,0.004047122501781164,
17.5,1454.8455164871286,11.253316948403096,1452.4168473340897,11.04945415689447,1441.1634214537858,3.0818865203214703,83.40299093374438,1.788539109722406,82.94646027493796,1.6556038783529745,-0.001745899106132223,0.004593530283139426,
18.0,1496.5527477183643,12.167946218094361,1493.996770349963,11.97047598366288,1480.8363266788895,2.5263540280795893,83.42593399119842,1.869977969042653,82.91938777231509,1.6956544040963073,-0.0019307001962612493,0.004276615743265935,20.139934793484723
18.5,1538.2715925664863,13.123307947066557,1535.593959390153,12.929317995815623,1522.307710681922,3.392476258804868,83.44944540129012,1.9514689468461295,82.96614823981464,1.768834518804809,-0.002710539802280935,0.003820194761831019,
19.0,1580.002333417363,14.119398381068065,1577.2137722490168,13.921897898566613,1563.8016152356665,4.292260149012333,83.4735180022162,2.032892789159897,83.00946997516382,1.8303010420250538,-0.003306825294469082,0.004011015351620293,
19.5,1621.7452490332244,15.156155356346488,1618.8435918695398,14.953405787593143,1605.3054232831091,5.230895794379282,83.49814446122922,2.1141351119537957,83.00576221460652,1.9242415394427428,-0.0034247830648083026,0.003653472434057374,
20.0,1663.5006144677493,16.233460819626668,1660.4755784641748,16.030842000202156,1642.9595244322707,3.13213223378678,83.52331727687121,2.195086741166921,82.91147475206772,1.9294429491544387,-0.003438044947838475,0.0036938860441051934,20.80765361375435
20.5,1705.2687009822819,17.351143511530918,1702.1120349694247,17.15621423214273,1684.416607730178,4.122322795309474,83.54902878125867,2.275644026450079,82.91685843956176,2.0313192969363367,-0.0035188832100635746,0.003066959066925415,
21.0,1747.049775963201,18.50898179997897,1743.7558772630605,18.325883375256648,1725.880913399528,5.156686570573397,83.57527114241829,2.3557091273421236,82.94036423783945,2.106135804119356,-0.00380574495034418,0.003231958393259892,
21.5,1788.8441028404739,19.706706649495295,1785.4107253809,19.534069414413466,1767.3560614761395,6.229443544448111,83.60203636667264,2.435190270723182,82.96022806860668,2.1848920913795,-0.004093091067707017,0.0035883869317549057,
22.0,1830.6519410074109,20.94400471180558,1827.079482999576,20.783675792121656,1804.7408819008683,3.9514674981754263,83.62931630107514,2.5140019785179533,82.88139035559412,2.17817429954086,-0.004080520656682424,0.004253920540852973,21.94203424130519
22.5,1872.473545741653,22.220521522624306,1868.7670654283559,22.07453863488614,1846.1914228062258,5.060050992333669,83.6571026358935,2.592065264756957,82.92077326583546,2.25615967709211,-0.004862280219325836,0.004791055783788679,
23.0,1914.3091681274116,23.535864789124094,1910.4742293740221,23.408408485173844,1887.6613107327291,6.211460088718736,83.68538690714095,2.6693078012422045,82.95877844017816,2.3494767084481563,-0.004555744428115224,0.005233106729799475,
23.5,1956.1590549789855,24.88960775223605,1952.1929288500926,24.788780083086497,1929.1424996938963,7.4091895274323525,83.7141604991545,2.7456640512056087,82.96597740449053,2.441441046406309,-0.00481348069244384,0.00609010486528478,
24.0,1998.023448765579,26.281292607660696,1993.9273383744646,26.217476005791998,1960.9010475358318,0.32688591329633176,83.74341464721927,2.821075370492983,82.75035799697301,2.313895299214892,-0.004534070514421265,0.006584298464762665,21.99720872818832
24.5,2039.9025875374432,27.710433969272184,2035.6784799439588,27.690852422397583,2002.2789560722815,1.503103698927937,83.77314044023836,2.895490075952967,82.76127614882624,2.390975843311529,-0.00548932741490479,0.007046400699269895,
25.0,2081.7967048533646,29.176522358474948,2077.4315683800924,29.2037470838627,2043.6583925797606,2.718504088977443,83.80332882344727,2.968863480858078,82.75646988109011,2.470625716886496,-0.005014305820233555,0.006116528496134045,
25.5,2123.7060297095195,30.679027703022868,2119.190845997221,30.752315889693794,2085.0435993726246,3.9692429829512843,83.83397060117203,3.0411578973336075,82.78435729036644,2.5323298590088696,-0.004989197369405907,0.0059774812812455344,
26.0,2165.63078646972,32.21740282883593,2160.96070179661,32.32884707434615,2134.0172374728177,11.977131554451447,83.86505643963031,3.1123426059186396,83.00641323928926,2.764097890806157,-0.005845359096341924,0.005883207061105448,26.551477498061438
26.5,2207.5711947970713,33.79108692844843,2202.7373897182147,33.93355600504329,2175.5237475059507,13.374888945039869,83.89657686977458,3.182393792531355,83.01962689324424,2.826931671547534,-0.0058800914055522225,0.0061131743291045725,
27.0,2249.527469587059,35.399508989895615,2244.525426360256,35.56906462082909,2217.041342606338,14.803244465137771,83.92852229017647,3.251294453257384,83.05075350830477,2.886490408844079,-0.006445235484947835,0.005611613947760055,
27.5,2291.499820902091,37.04209117009111,2286.3362805295515,37.232001169488754,2258.581491580797,16.258826362530378,83.96088296995147,3.3190342675245925,83.10984238953031,2.9358371807263497,-0.00624381397504644,0.00580380892280928,
28.0,2333.4884539075097,38.718252097064685,2328.169459962132,38.91930114114859,2297.226244868614,15.048662598596302,83.99364905172303,3.3856094403696995,83.05909335813853,2.910811982464241,-0.005741540541127384,0.005753186887060589,25.90486712372889
28.5,2375.493568809097,40.427410085817336,2370.017989800129,40.63450346232324,2338.7635568418814,16.51991563214761,84.02681055462523,3.4510225146408966,83.09015453493086,2.9742001517409995,-0.00532112468133498,0.005706530074136858,
29.0,2417.5153607920893,42.168986253006445,2411.8740004738875,42.37986361649657,2380.3080218612477,18.02106778878636,84.06035737734305,3.515282154115541,83.08770554253438,3.0304084748139895,-0.004668001403377508,0.005694383355924107,
29.5,2459.5540199617226,43.942407516195935,2453.73533262766,44.160668128467655,2421.857480570965,19.557405593311607,84.0942793011893,3.578402898642426,83.11012929633434,3.1149427432869956,-0.005781720948692314,0.0038550920341576707,
30.0,2501.609731285324,45.74710946399242,2495.6067592799764,45.9828748356035,2467.771674832103,25.32780136497975,84.12856599321739,3.6404048925435224,83.2448357121487,3.306185319162708,-0.005755065904569261,0.00319180001739188,28.456365295791645
30.5,2543.6826745359704,47.582539084035766,2537.490598863396,47.843863455460685,2509.4020681546244,26.999454467871637,84.16320700936878,3.7013135876298393,83.27673757793626,3.380427092404842,-0.005727913433208987,0.003161557462654477,
31.0,2585.7730242377265,49.44815733651815,2579.3866852366145,49.740783278792634,2551.044482668159,28.70687438159846,84.19819179765435,3.761159422299695,83.29292047620405,3.4492525625024526,-0.0054153341667910635,0.003283578467551381,
31.5,2627.8809496124823,51.34344156166674,2621.290267868794,51.66966789518455,2592.69416784187,30.446094695745415,84.2335097013687,3.819977478294641,83.30582021863907,3.507628694085374,-0.005802402765875522,0.0039023510235520298,
32.0,2670.006614528408,53.26788771043743,2663.2118298742266,53.633556803085504,2631.449896898547,29.28515398736941,84.26914996233624,3.8778071167881243,83.28588174762389,3.5119535634437296,-0.0058065652411830974,0.003153018342328784,28.55837214714009
32.5,2712.1501774500393,55.22101238852802,2705.146549358657,55.63335478927188,2673.0912044861543,31.056594831104412,84.3051017241882,3.9346915955742277,83.27934860280453,3.573809811496284,-0.005370013825698409,0.003367229875718285,
33.0,2754.3117913900037,57.2023547047236,2747.0841338913465,57.66214704652538,2714.735078868116,32.85679603794876,84.34135403566967,3.9906776692080923,83.2961489250415,3.626995015881112,-0.005404715277567,0.0034143047196816757,
33.5,2796.491603862415,59.21147791553201,2789.035768993392,59.7186269027328,2756.3927055655295,34.68445093578925,84.37789585397537,4.04581517402553,83.33435786461384,3.683624575480851,-0.00550555366188184,0.004086392301825159,
34.0,2838.6897568379372,61.24797085904752,2831.0042700624717,61.796625165109376,2819.3441901513706,59.148159671189205,84.41471604811348,4.10015660003652,83.92642165691483,4.29318609166232,-0.004640637618878955,0.0037722966407246253,33.994336056987564
34.5,2880.9063867005398,63.31144917199302,2872.9912040533536,63.89621692793429,2861.318801958602,61.30926587590153,84.45180340229615,4.153756651745474,83.97202557201022,4.3512387271869715,-0.004095128853384584,0.004290944216398108,
35.0,2923.1416242059527,65.40155628492941,2914.9974820097796,66.02410910299497,2903.3130230556985,63.49899993429589,84.48914661935603,4.206671800000075,84.00485881637636,4.407697506390469,-0.003973229901251368,0.004148387761292738,
35.5,2965.3955944418385,67.51796419168191,2957.0206235646247,68.17740938023522,2945.3243730755357,65.71446953631609,84.52673432418747,4.258959827009944,84.04054126297335,4.454180901690314,-0.0031180099815516136,0.004462732308166191,
36.0,3007.6684167896883,69.66037399011093,2999.0634736796837,70.3560211549917,2984.303378615947,64.5406160493444,84.56455506721144,4.310679366706143,84.0047313070851,4.423956005008305,-0.0034772193707452016,0.005369359173479574,31.557838922054817
36.5,3049.960204888457,71.8285161924456,3041.1295181139208,72.56048424553913,3026.3181077934464,66.76471042584684,84.60259732786325,4.361889442632543,84.0541854029108,4.472421501001488,-0.004104594721234417,0.005331536564929448,
37.0,3092.2710665999484,74.02215080449628,3083.217281140232,74.784311194984,3068.3547351940283,69.00840751649015,84.64084951810177,4.412649005570167,84.09232419941758,4.502366861571762,-0.004233142538365651,0.0052065006539073104,
37.5,3134.6011039759587,76.24106717416277,3125.326873073003,77.02579757648928,3110.4133711320787,71.27000289443733,84.67929998593931,4.463016473095816,84.14221955278344,4.5440146502168925,-0.004366303955129374,0.0047231815621456,
38.0,3176.950413227191,78.48508361075336,3167.4568273162663,79.28852695833264,3156.0671358805425,77.83181242146735,84.71793701899087,4.513049273266547,84.26735459180148,4.6945749063500255,-0.0040398770206670044,0.0055855336103998714,34.047740329997865
38.5,3219.3190846939488,80.75404677772048,3209.6056861241555,81.58283146892448,3198.211882562988,80.19990171537991,84.75674884804191,4.562803394601914,84.31163213798081,4.777782269300208,-0.0040410248120122515,0.005023459324718497,
39.0,3261.7072028186176,83.04783086249759,3251.7707730351985,83.91195318353847,3240.3731435677373,82.60316259888977,84.79572365063332,4.612332944506544,84.33341188101441,4.835261264739229,-0.004187035005738638,0.004908695217535573,
39.5,3304.114846119942,85.36633652818334,3293.955130446792,86.2647465137432,3282.5539612921857,85.03044948356553,84.83484955466267,4.661689718236447,84.38985901677935,4.873886273963854,-0.0048924312813139696,0.004282520470635809,
40.0,3346.5420871691076,87.70948965285845,3336.1637101884185,88.64204549023106,3347.7423952307904,117.10314971712125,84.87411464200058,4.710922780463984,85.02425229115313,5.658019835327666,-0.004280723065184696,0.005144827575780458,39.00152492199849
40.5,3388.988992567638,90.07723986333409,3378.3867680455674,91.04741744688334,3390.259253637431,119.94579844776912,84.91350695212107,4.76007806143855,85.04318133540833,5.712575087263798,-0.004392009454906825,0.004809372839540179,
41.0,3431.4556229271043,92.46955887111203,3420.6199499939307,93.47557714154988,3432.7872517377023,122.81241975559954,84.95301448574487,4.809197969673194,85.06881106567808,5.753910144057878,-0.003555279133392298,0.005352201960647254,
41.5,3473.942032850664,94.8864386192833,3462.8676842763075,95.92725283818025,3475.3308177744043,125.7037419045621,84.99262520849453,4.85832102301188,85.10545308113034,5.811378451792357,-0.0038404814495092204,0.0055175337550927295,
42.0,3516.4482709164276,97.32788924999831,3505.133386993036,98.40643659802019,3515.4258757986236,125.20455045984333,85.03232705456018,4.90748149984816,85.08143563608878,5.786533414061268,-0.003672620308340409,0.005348521891748924,36.37536962281847
42.5,3558.9743796626617,99.79393690300388,3547.4201470832454,100.91267081248185,3557.978801322262,128.11167691872606,85.07210793037491,4.95670911217415,85.1302664584649,5.841972421469663,-0.0033877858938554414,0.006406849048611211,
43.0,3601.52039557483,102.28462135655721,3589.720768018349,103.440096384188,3600.546519818412,131.04108014103429,85.11195571829859,5.006028702039184,85.1406075261369,5.875640467763164,-0.00434159862382675,0.006626310717675788,
43.5,3644.086349074482,104.79999352278973,3632.0324392581133,105.98221976514161,3643.126220746841,133.98626657877094,85.15185828030899,5.055459962890944,85.17819618758125,5.905105283183503,-0.0038581416551156577,0.007025817597783248,
44.0,3686.672264509984,107.3401128103021,3674.3649075215626,108.55285267557629,3686.6174910003833,138.3282145949142,85.19180346169917,5.105017187158544,85.2503606030496,6.026320196307579,-0.0040682080986973275,0.006641865223813886,38.434047025758524
44.5,3729.2781601491038,109.90504436742116,3716.718461630232,111.15767906645206,3729.2523734846563,141.35444537450695,85.23177909477992,5.154709041317648,85.28916933404172,6.078602922063526,-0.004509053045325845,0.005979701283969328,
45.0,3771.9040481734455,112.49485622013873,3759.086273156903,113.79239633359826,3771.902477906254,144.41169348979895,85.27177300258617,5.204538369552642,85.31124835234864,6.15038953910448,-0.005160450650420333,0.006045521744916929,
45.5,3814.549934674739,115.10961631927708,3801.4667745736388,116.45974978548047,3814.5662367372383,147.50270424925574,85.31177300258618,5.254502027000783,85.3437869715896,6.21365349872265,-0.004559324690912495,0.0066591497253903585,
46.0,3857.2158196529836,117.74938951188446,3843.86307581195,119.15080914493707,3842.1389220820843,124.49287218625517,85.35176691039243,5.304590743428688,84.98837098287821,5.642508585802756,-0.004634034485095342,0.006439204409210506,36.57616107325783
46.5,3899.90169701645,120.4142344522549,3886.2778068903763,121.86741901255678,3884.64357380131,127.33138296529643,85.39174254347319,5.354789018053052,85.0302358940255,5.711534530362303,-0.004184702185075161,0.006331025328478953,
47.0,3942.607554583534,123.10420046828713,3928.7128185447546,124.61590403520783,3927.168873724684,130.2020871500911,85.43168772486337,5.405075046075838,85.07096379947129,5.771282208816433,-0.005165109977011662,0.005887454374456932,
47.5,3985.3333740864678,125.81932439914604,3971.167920680982,127.38801178267005,3969.7146317581037,133.09673231041901,85.47159028687376,5.455420677359825,85.11206833420741,5.80729843249516,-0.005378415497724306,0.006469646066054545,
48.0,4028.0791311768858,128.55962742036704,4013.644078334864,130.17530132474886,4023.786142795087,159.47876217355056,85.51143807479744,5.505791407524151,85.4587838083963,6.369559158310415,-0.0059049349998729316,0.0069252893051947595,43.62584480670087
48.5,4070.8447954332382,131.32511187264606,4056.139009697485,132.98136823092932,4066.5237809532186,162.67651338960653,85.55121895061217,5.556146401591893,85.49176882413018,6.421445705913448,-0.005566639824657454,0.007685198854042432,
49.0,4113.630330370061,134.1157581105874,4098.650243596426,135.8195419616362,4109.278593134194,165.90743370390302,85.59092079667782,5.6064385501734755,85.52747989977266,6.502235551272508,-0.006203860179332084,0.009120302935988776,
49.5,4156.435693449087,136.93152138763614,4141.172783376867,138.6896418901687,4152.045582683195,169.1713424897393,85.63053151942748,5.6566145580214595,85.540478296229,6.553399592072494,-0.006570024084761532,0.009212985510497916,
50.0,4199.260836092207,139.77232879330268,4183.711283058828,141.58682957204417,4185.972527348039,151.4939551965603,85.67003905305128,5.7066150646447245,85.35690437643356,6.142801469501983,-0.006013528271357363,0.008504892278257077,40.30763412031563
50.5,4242.105703696263,142.63807625859482,4226.271804007149,144.5103051777066,4228.660074494134,154.577005769024,85.70943136317177,5.7563747965238115,85.39328420794828,6.189400820352796,-0.0062972745369971736,0.008245205515850366,
51.0,4284.970235649683,145.52862564530702,4268.846319954075,147.4537762040454,4271.3620561132,157.68043135001548,85.74869645050968,5.805822750324983,85.41464226831657,6.224301503613229,-0.006765259244719151,0.00807290469191896,
51.5,4327.854365350945,148.4438019344805,4311.429152947025,150.4191322185742,4314.072794252657,160.8061215070485,85.78782235453903,5.854882406368945,85.42831028951169,6.278459124518787,-0.006792511978698886,0.008572333773378526,
52.0,4370.758020228863,151.3833905289407,4354.027232277096,153.40904454645047,4365.821709359387,191.3764642952516,85.82679715713044,5.903471971471873,85.73298799119613,6.931004672739387,-0.007160182724953446,0.008019576841535779,46.85132171489907
52.5,4413.681121764691,154.34713468434416,4396.64526115635,156.42037394118015,4408.696582309607,194.85282129693175,85.86560898618148,5.951504650141944,85.76650380968445,6.974423333981251,-0.007601326487052742,0.008238215386043735,
53.0,4456.623585516045,157.3347330826258,4439.282203202812,159.45460124877542,4451.5913253759245,198.35336481248532,85.90424601923304,5.998888942984632,85.81246845558546,7.02775072823302,-0.007268887280860084,0.008150544003334186,
53.5,4499.58532114262,160.34583756113327,4481.938979995435,162.5177819481369,4494.506860137293,201.88415032081295,85.94269648707058,6.045528971045204,85.84967058988958,7.095391305077542,-0.007883117710657068,0.008092804920126623,
54.0,4542.566232433715,163.38005101006897,4524.606635376901,165.6121293731694,4531.103813098446,181.08528788276064,85.9809486773091,6.0913248246975895,85.66773742014009,6.625776309013654,-0.008395780879189792,0.008070556595367916,43.14018759975674
54.5,4585.566217337532,166.43692545013732,4567.288826970319,168.7278776641414,4573.950423175796,184.4049075042998,86.01899093796091,6.136172935575774,85.71870288925545,6.6527021771430395,-0.009417612132485074,0.008037058495307062,
55.0,4628.585167992268,169.51596030151563,4609.9874636820605,171.86344925210108,4616.814001741542,187.74481338894006,86.05681168098488,6.179966469937508,85.73561137373167,6.706921361417871,-0.01003309800496542,0.007616598722707488,
55.5,4671.622970758968,172.6166008544377,4652.7003389245865,175.02106934720405,4659.692342208147,191.10723074683693,86.09439938581632,6.222595741750876,85.77775049269259,6.742748070169638,-0.01048981400120559,0.007208448352405861,
56.0,4714.679506256141,175.7382369508011,4695.426996922076,178.1917022958316,4708.285551808255,230.4324154282283,86.1317426028762,6.263948643702707,86.00192421272371,7.532148323551078,-0.01024499660768293,0.006658949918660379,50.45811517672577
56.5,4757.754649396125,178.88020188528782,4738.1650167124035,181.3780629905103,4751.294908169273,234.21077647645012,86.16882995705888,6.303911094244168,86.0355012313486,7.581295869336221,-0.010426162474367784,0.006796939469567585,
57.0,4800.84826942319,182.04177153352728,4780.914897952182,184.5806219388209,4794.3172102239,238.0070293778807,86.20565015119698,6.342367498713713,86.05370698715788,7.603715736386224,-0.01039805555716866,0.00787639003628434,
57.5,4843.960229953364,185.22216371383348,4823.679353757809,187.80111407391604,4837.355171088531,241.82290906567275,86.24219196950268,6.379201222511058,86.0981364713688,7.6598030147818825,-0.010970506392266722,0.0071213646029155,
58.0,4887.090389015986,188.42053778802085,4866.460668114258,191.04956325821422,4874.491901709194,182.16806767825148,86.27844428098415,6.414295074238413,85.83592013797372,6.377150421846636,-0.011514308584935393,0.006334815349842409,42.50778213903085
58.5,4930.2385990969415,191.6359945057497,4909.25976303938,194.3177772222735,4917.421431680823,185.36136531469964,86.31439604283611,6.447531796677038,85.88219974854178,6.396040123945986,-0.011216403497315003,0.005726276296861792,
59.0,4973.404707183602,194.8675760957761,4952.074168347247,197.60459579977103,4960.366437306829,188.57274691489874,86.35003630380365,6.478794563428521,85.89782275548306,6.44948627685047,-0.011377859070820834,0.004874196163724345,
59.5,5016.588554811433,198.1142666063885,4994.896598891864,200.90580856476763,5003.319633441219,191.79800205290962,86.385354207518,6.507967479021214,85.9149617820769,6.451534275193124,-0.01091366966818883,0.004646978344386415,
60.0,5059.789978112263,201.37499249620956,5037.730270506101,204.21476277187713,5047.100497838728,172.30480161400024,86.42033899580358,6.534936080263056,85.8975032810112,6.007028121329918,-0.011136355532544658,0.004629496824814821,47.28736448637516
60.5,5103.008807864203,204.6486234754285,5080.583084200092,207.54442523869378,5090.06130895428,175.3214008708915,86.45498001195496,6.559587836612806,85.94574118119816,6.059368906235047,-0.011173845703550745,0.004607619857678281,
61.0,5146.244869543188,207.9339735964173,5123.454922597771,210.89162623690282,5133.04105746168,178.35423076758073,86.48926670398305,6.581812647342303,85.9732528484004,6.071950680522004,-0.011251338399456119,0.00417413175004622,
61.5,5189.497983376141,211.22980259157114,5166.3367917422165,214.25033981555706,5176.030749404006,181.3972653531208,86.5231886278293,6.60150333327304,85.98551492090569,6.100187661638287,-0.01167132238801322,0.004140954213932805,
62.0,5232.767964395734,214.53481745511212,5209.2280044780155,217.61883787554845,5221.2879173012425,167.79754519635054,86.55673545054712,6.618556120890853,86.0078272714475,5.766552145661792,-0.011730105899612249,0.004282380269239717,48.98584599096506
62.5,5276.054622496734,217.84767426450304,5252.133136095661,220.99346585017733,5264.299400015686,170.68393766383406,86.58989695344933,6.632871116672799,86.03810358632677,5.779017724272232,-0.011864329476948834,0.003971954544566578,
63.0,5319.357762493902,221.16698023604633,5295.047528600908,224.37321231180465,5307.319912846088,173.5735641588681,86.62266303522088,6.644352769500362,86.04394773528433,5.77948825586386,-0.012634966548558718,0.004009924085356851,
63.5,5362.677184181456,224.49129600819205,5337.970330667326,227.7570787075407,5350.348604466021,176.46542612856294,86.65502371499588,6.652910319082563,86.0708187444471,5.787959622915579,-0.012801478095074459,0.0028359722392557927,
64.0,5406.0126823940545,227.81913814505552,5380.904939854471,231.14205462184637,5393.039739930067,180.8735101983984,86.68696913539777,6.658458228371381,86.08785699126534,5.80677324616103,-0.012890870078084156,0.002595942142664397,51.653429571722654
64.5,5449.36404706929,231.14898185165328,5423.8462371871165,234.5269090137098,5436.085271895397,183.7778098354498,86.71848956554204,6.660916598019644,86.0942708700564,5.810425302044555,-0.013203474520987425,0.002647807232988406,
65.0,5492.731063311676,234.47926389141023,5466.793732816965,237.91580841729234,5479.136780771556,186.68432245121213,86.74957540400032,6.660211561008119,86.11176463457866,5.815625161004739,-0.013122457680369749,0.002567727202110367,
65.5,5536.1135114581075,237.8083856955756,5509.752526403735,241.3073560117454,5522.199366218262,189.59165122483677,86.78021718172508,6.656275655653398,86.13857715224461,5.813689933493823,-0.014064098604248664,0.0028281989443682846,
66.0,5579.511167144772,241.13471665331423,5552.72297702566,244.70022521970762,5559.301085314363,211.63958843960822,86.81040556493399,6.649048175301091,86.09977968175325,6.191148297691514,-0.013847264257509992,0.0024584418304591155,54.318767248638736
66.5,5622.923801375494,244.45659757041685,5595.706003093839,248.09592640384207,5602.35863598848,214.73652006377793,86.84013135795308,6.63847549310936,86.13042301471296,6.196578198987327,-0.013730329858948136,0.0016018129390893846,
67.0,5666.351180591486,247.77234428380305,5638.696588741299,251.49383043444362,5645.42360344095,217.8344843404838,86.86938550601785,6.624511360435457,86.12944679516484,6.195278907836192,-0.013159173411347055,0.0017341143424936345,
67.5,5709.793066742498,251.08025141827497,5681.693954350948,254.88208823740166,5688.495208054682,220.92163219561525,86.8981590980314,6.607117177452235,86.15697165976529,6.153312512689472,-0.013242473213095622,0.00030150488918457836,
68.0,5753.2492173593255,254.37859627132354,5724.708368880595,258.2538279225201,5726.536642161907,237.19447070124056,86.92644336927886,6.586262234742115,86.14169987075068,6.3815562393339444,-0.013975850753624702,-5.7682101673222014e-05,55.21084323407325
68.5,5796.71938562767,257.6656428111946,5767.737815340678,261.6120712149501,5769.612371882049,240.37800803969344,86.95422970409722,6.5619239247420404,86.16121900981739,6.352593114477585,-0.012987050753251867,0.0008440373019964526,
69.0,5840.203320463319,260.93964577289114,5810.778899966855,264.95801111945383,5812.699628083716,243.54852998113185,86.98150963849972,6.534087922044159,86.1878057968496,6.329494651276071,-0.01370030689370283,0.0004511924911936098,
69.5,5883.700766588632,264.1988548363253,5853.828777314747,268.2906139703239,5855.795565322529,246.70500285984843,87.00827486275406,6.502748331692591,86.1959431584043,6.296396863590172,-0.013637946733055536,0.0010139372895928652,
70.0,5927.211464610299,267.4415188704375,5896.889668445607,271.6082451211222,5900.309453599531,246.77570500507622,87.03451722391368,6.467907804756167,86.24818973525288,6.2078321015748426,-0.013224293232367698,0.0013443801147897628,55.201153692866775
70.5,5970.735151098353,270.66589022677647,5939.958135654571,274.91151514069355,5943.432144585792,249.8719039646922,87.06022872830114,6.429577620599795,86.2425742097906,6.176963736889011,-0.013019406349707838,0.0007772266250711535,
71.0,6014.271558666414,273.8702290657821,5983.023550904088,278.1957770990272,5986.551670894254,252.94827642779276,87.08540154394314,6.387777735422519,86.23553102405708,6.128526115513225,-0.013050598432311532,0.0009516894556492947,
71.5,6057.8204160531395,277.05280769883217,6026.0832882837185,281.4558307115938,6029.665406614478,255.9996221098486,87.11002800295616,6.342536796777689,86.21941185684214,6.076856612710024,-0.013389928858601574,0.000462817258278202,
72.0,6101.381448204849,280.21191492901147,6069.141206539054,284.6912440057598,6058.809671267504,284.54038674677184,87.13410060388223,6.293892123939358,86.05006838955084,6.5082797370066725,-0.012882336901041508,0.0006783421164753824,58.41739584220665
72.5,6144.954376359313,283.3458603735284,6112.207388472665,287.9041584911798,6101.840730311697,287.78418864803416,87.15761201397393,6.241889654128364,86.0741677872194,6.466927868042653,-0.014443865052714513,0.000607893607073359,
73.0,6188.538918130664,286.45297875075073,6155.284902427868,291.0941685349242,6144.882952336429,291.0051434699533,87.18055507142797,6.186583854760885,86.0947203117087,6.416891419634024,-0.013481786762838038,0.001249972404389848,
73.5,6232.134787595412,289.5316341149487,6198.371450680641,294.26052072885227,6187.93403961768,294.2024978043886,87.2029227875668,6.128037602030909,86.10962881329424,6.372525918107242,-0.013036623249245887,0.0009448829841824316,
74.0,6275.741695379545,292.5802240220278,6241.465584301474,297.4011751214966,6207.933754231599,334.8989109222883,87.22470834896741,6.066322026285406,85.82341974323484,7.014107468805965,-0.011929325021043104,0.0008547877906590509,60.599898243727075
74.5,6319.359348746671,295.5971836097982,6284.56367256342,300.51056345577143,6250.845485094823,338.38994919392115,87.24590511953674,6.001516324796295,85.82350370965935,6.950045617725599,-0.011946472815065548,0.0016859827816082336,
75.0,6362.987451687188,298.5809895766663,6327.66950453001,303.5809172267405,6293.764639807952,341.8432986039752,87.26650664253314,5.933707542675997,85.85311514285661,6.863352022490707,-0.012058571955935331,0.002130897606368612,
75.5,6406.625705008454,301.530164043041,6370.783857151014,306.60582652018337,6336.691995320757,345.2525492382301,87.28650664253314,5.862990322822808,85.856306908363,6.773650514528785,-0.012576240658970892,0.0023214501439704793,
76.0,6450.273806425923,304.4432782802262,6413.9043665541185,309.587798850337,6363.877131536561,371.9982445085875,87.30589902734299,5.789466625917819,85.66814906559662,7.128680553435044,-0.011988787674695517,0.0026008818209371466,60.90027145462872
76.5,6493.931450655222,307.3189562921122,6457.029835275699,312.52807677596314,6406.710741172722,375.54180486765324,87.32467788985443,5.713245421626147,85.66628947904614,7.045560882827828,-0.012124529547245211,0.003221119277001759,
77.0,6537.5983295051465,310.15587823558906,6500.160636154571,315.4281265717288,6449.549232362662,379.04728859973903,87.342837509844,5.634442352281196,85.6876752807161,6.9763740455153505,-0.012008754551986777,0.0028238202186510394,
77.5,6581.274131971537,312.9527836662721,6543.298508847514,318.29328066428127,6492.394344763162,382.52002813149227,87.36037235571557,5.553179370450955,85.69277432128192,6.91458408149752,-0.01253086591757958,0.00286503922708585,
78.0,6624.958544332012,315.70847459685973,6586.445038836877,321.1297345606368,6501.6346441341275,430.87849817682263,87.3772770861852,5.469584351899467,85.26761240377284,7.688747530225049,-0.01288869192067165,0.0026166054079470014,63.68222626362974
78.5,6668.651250241535,318.42181835622563,6629.606937281229,323.9324390071735,6544.276262044025,434.70314474816047,87.39354655190823,5.383790685564051,85.29885923581692,7.6098387551262645,-0.012852927584453848,0.002740408325917031,
79.0,6712.351930828774,321.0917502381839,6672.780971791,326.6888490011467,6586.929216994432,438.4851874715184,87.4091757970478,5.295936842269123,85.312960565813,7.5183321383053645,-0.013405234060994222,0.0028065231479189796,
79.5,6756.060264793232,323.7172759297487,6715.963380511099,329.3954996203921,6629.589747130255,442.2211614247322,87.42416006078443,5.206165923990131,85.32915997747932,7.425563674550007,-0.014336483023837839,0.0019937862019413304,
80.0,6799.775928503119,326.2974737096377,6759.154341999234,332.05323600724955,6674.00302261728,443.74265668546167,87.43849477876624,5.114625195565764,85.36761043189007,7.298216939456213,-0.01441644101385113,0.0021140275516176314,61.43053652093001
80.5,6843.498596093935,328.83149640873734,6802.34712054112,334.66828848472767,6716.684152052718,447.37476600833674,87.45217558449927,5.021465600832836,85.35690730985966,7.230220352043966,-0.014919935148429953,0.0019094111992918657,
81.0,6887.22793956773,331.318573125252,6845.537680114427,337.2402327007455,6759.362283656389,450.96738296648925,87.46519831067756,4.926841265225753,85.35561910482666,7.1402474805661305,-0.014935255735808025,0.0014911957289835663,
81.5,6930.963628893012,333.75801068829367,6888.725690343368,339.76254834971036,6802.037087052509,454.5139872543266,87.47755899045256,4.8309089869409325,85.34359447965488,7.046169670783285,-0.014538981899966986,0.000588567599462473,
82.0,6974.705332105286,336.1491948647328,6931.9119513091855,342.2380774269158,6810.433052080922,495.58625777120454,87.48925385864148,4.733827718815731,84.87038907181973,7.632781851068862,-0.013106493398856296,0.0011291812198994514,65.19870157864955
82.5,7018.452715408165,338.4915913052145,6975.104726058557,344.6695983106848,6852.873265763261,499.38253699862304,87.50027935287416,4.635758043111067,84.89046565753999,7.552335058605091,-0.013238718931403536,0.0009219065316365517,
83.0,7062.205443275054,340.7847462263465,7018.311343712662,347.0603363386105,6895.326067999235,503.14290801894975,87.51063211467826,4.536861641416907,84.92074328635911,7.489149022701782,-0.012858955550152382,0.0006344125277307953,
83.5,7105.963178551348,343.0282868271807,7061.519407589313,349.4104694132004,6937.779062106659,506.8675487346922,87.52030899050224,4.437300761919919,84.89123314333706,7.4094138402681375,-0.01253880713470482,0.0010215053156115606,
84.0,7149.725582557143,345.2219214392314,7104.723948762654,351.71209412469756,7046.102596257467,443.19459430858683,87.529307032676,4.337237686282794,85.81835116634134,6.133186368533478,-0.012648611533355673,0.0012669594492008974,58.250828659181686
84.5,7193.492315190389,347.3654394103984,7147.93100341817,353.96031975538676,7089.010921064038,446.23523577472537,87.53762350030871,4.236834198385056,85.81494805994419,6.02937949602052,-0.012440510253683638,0.0008475695227197343,
85.0,7237.263035030497,349.458710724286,7191.142236323916,356.15703044935265,7131.923150917083,449.226982543283,87.54525586012377,4.136251057165428,85.83397135223986,5.937607578209913,-0.01263373383141939,-0.00045889282142042086,
85.5,7281.037399442336,351.5016853575239,7234.3586822316665,358.29766064734616,7174.840320568378,452.16526905501064,87.55220178723044,4.035647475786262,85.83470725293928,5.815538468700676,-0.012005031467086862,0.0006610748454078897,
86.0,7324.815064680602,353.49439237879824,7277.573567194931,360.38164270501153,7300.404824037091,383.95391539815614,87.55845916583205,3.9351806093110895,87.01179641810388,4.525662596854433,-0.012510690229900373,-2.165342874130532e-05,58.068764667574264
86.5,7368.595685994527,355.43693879438786,7320.7875378677945,362.4152400334151,7343.912280786693,386.19139488140434,87.56402608987045,3.8350050530472184,87.0180305803052,4.424255336138384,-0.012316956834914758,-0.0008760401739802362,
87.0,7412.378917732896,357.3295081460638,7364.000108500993,364.3959287632304,7387.419520115449,388.37639010747046,87.56890086360666,3.735272353656682,87.01092673471592,4.315725568126193,-0.012494373455734767,-0.0009173595661199889,
87.5,7456.164413449333,359.1723588682482,7407.216597113904,366.3317975172681,7430.931860042737,390.5169896991652,87.57308200213737,3.636130535080882,87.03843297443444,4.246672798652973,-0.01344628421978948,-0.0009341193063106365,
88.0,7499.951826007829,360.9658224123327,7450.436118415389,368.2309326430308,7484.322001825208,385.27156594123323,87.57656823184728,3.5377236412572937,87.17188314033135,4.05191610200577,-0.012698551270982572,-0.0005348576278030705,62.292539760564715
88.5,7543.74080768849,362.7103011470298,7493.651837387642,370.08470691170595,7527.908081088774,387.2715290179666,87.57935849079703,3.4401912975308835,87.1724339139388,3.947936204927818,-0.01273751314299149,-0.0006996005716343128,
89.0,7587.531010293451,364.4062660445572,7536.864530599845,371.89663578121144,7571.492509513662,389.2298619307594,87.58145192904675,3.343668292578753,87.16527978561379,3.8853954462433538,-0.012784907495076485,-0.0013131424793542585,
89.5,7631.322085252941,366.0542541633455,7580.075490183316,373.67145025410133,7615.07657923119,391.1512956821656,87.58284790891486,3.248284182574381,87.17099908450119,3.800339559381452,-0.012824275822358068,-0.0014481492823557984,
90.0,7675.1136837314625,367.6548659387936,7623.289128399462,375.4021790459328,7660.699667754438,391.63086236096945,87.58354600517235,3.1541629192180713,87.21128230530502,3.6878002891654194,-0.01345431863275405,-0.001565335986437819,62.86839285366313
90.5,7718.905456734049,369.2087622943864,7666.503441277167,377.0848148292553,7704.304755414589,393.44947186168554,87.58354600517235,3.0614225031532736,87.20906833529693,3.5866377136989307,-0.012575233487508495,-0.0019487421579935885,
91.0,7762.697055212571,370.71666158621844,7709.712338468891,378.7168937872878,7747.905843617911,395.21770108293964,87.58284790891486,2.9701746641748263,87.19528447799442,3.4862791713174968,-0.011732187843638156,-0.0030528811373999234,
91.5,7806.488130172062,372.179336394641,7752.920544961076,380.2951409499951,7791.507657350851,396.9322750546967,87.58145192904675,2.880524569515373,87.211970453764,3.3720167157105854,-0.011356833149933677,-0.002709919937060604,
92.0,7850.278332777023,373.5976101773625,7796.1278288408785,381.8244096278404,7878.060779356075,371.2444264811012,87.57935849079703,2.7925705613707335,87.82744064837279,2.8659003263586804,-0.010932300375536486,-0.0028758240817195893,60.89045239703367
92.5,7894.067314457684,374.9723537988788,7839.322899126006,383.30899295773077,7921.9678317612925,372.65273401538747,87.57656823184728,2.7064039246944893,87.80076897249803,2.7673298107864324,-0.01210717995557909,-0.003085251284949855,
93.0,7937.85472701618,376.3044819515917,7882.513733999108,384.74702942808,7965.8729681223995,374.0139309321639,87.57308200213737,2.6221086861569884,87.81977647192966,2.677457856319176,-0.011896996841154635,-0.002908757576268056,
93.5,7981.640222732616,377.5949494843872,7925.702072540114,386.1373090753511,8009.777927519324,375.3268072678934,87.56890086360666,2.5397614450250328,87.80006111577022,2.574047486598919,-0.01276438017354179,-0.003336470547916793,
94.0,8025.423454470986,378.84474765478757,7968.874123954215,387.48408623394135,8057.0947052036445,374.6211789358289,87.56402608987045,2.4594312365762883,87.81445715926439,2.47140135412628,-0.012518099296820523,-0.00370146907720965,62.49997594129157
94.5,8069.204075784912,380.05490032106104,8012.035414208445,388.7930560275905,8101.002568497122,375.8366968128452,87.55845916583205,2.381179428517584,87.81699601464858,2.3906701539390274,-0.012316241649377937,-0.0036416639402697504,
95.0,8112.981741023177,381.2264600908728,8055.194595698159,390.06423213085685,8144.910717565702,377.01380657879685,87.55220178723044,2.305059650729398,87.81560025967175,2.317768909867371,-0.011616939922188261,-0.003401257370125371,
95.5,8156.756105435015,382.36050444318283,8098.347966943375,391.2993461619189,8188.815450929401,378.15423985186237,87.54525586012377,2.2311177585106168,87.80333319512559,2.2439641823946777,-0.012440938662590346,-0.0034943894153462956,
96.0,8200.526825275123,383.4581318401477,8141.493906328663,392.49352104907285,8299.876678714914,343.4346038930487,87.53762350030871,2.159391829348757,88.78909798566309,1.6201971785389389,-0.013209532148296343,-0.0025699945033638002,59.1830232624466
96.5,8244.29355790837,384.5204578457579,8184.630234096206,393.64754869131434,8344.266740205105,344.2265931441464,87.529307032676,2.089912193091927,88.7711479750965,1.5477598258521694,-0.013368652270577541,-0.0026207225774326063,
97.0,8288.055961914164,385.5486112678435,8227.753435108114,394.7669886285265,8388.647587521908,344.9824801589349,87.52030899050224,2.022701495250542,88.75224129210946,1.4757882333016838,-0.013731356056935606,-0.002308657544889375,
97.5,8331.813697190459,386.5437303399086,8270.862108072099,395.8511126158006,8433.017819373032,345.7015366925052,87.51063211467826,1.9577747930098532,88.72868611238543,1.4004379009795909,-0.013177641003195283,-0.0008539019400315337,
98.0,8375.566425057346,387.50695895900844,8313.954335796705,396.89962989195305,8461.754077637264,353.8081672215117,87.50027935287416,1.8951396833893528,88.46949380406691,1.4331866827641573,-0.01365272381679278,-0.00041021884003175873,62.3061195733151
98.5,8419.313808360224,388.4394429955665,8357.031647615098,397.9075393479286,8505.98428165654,354.5010081628262,87.48925385864148,1.8347964628427427,88.4513222730342,1.33817708249394,-0.014206348002287077,-0.0009517636634049753,
99.0,8463.055511572498,389.34232669064045,8400.098397824197,398.87700806473515,8550.20746980678,355.1540664178284,87.47755899045256,1.7767383174530187,88.44143032793247,1.2740559375146296,-0.015024033961767073,-0.001185411026876778,
99.5,8506.791200897782,390.2167491556892,8443.158802705322,399.8190742998392,8594.427858369312,355.77838024398466,87.46519831067756,1.7209515427419553,88.44012392218961,1.2231993671103836,-0.016027542196753942,-0.0014477681724166637,
100.0,8550.520544371577,391.0638409893703,8486.214210483638,400.73329872699736,8671.096227958857,342.0170469627517,87.45217558449927,1.6674157919824786,88.92009185275433,0.9541876426770322,-0.01607208871426616,-0.0019497403772987432,59.67919069190379
100.5,8594.243211962392,391.8847210253101,8529.2620603702,401.62310252756697,8715.553776831035,342.48468033894443,87.43849477876624,1.6161043517766718,88.91010363596158,0.9163458620938152,-0.016525873775592084,-0.0011304325554482534,
101.0,8637.958875672279,392.6804932241398,8572.297311048174,402.49133904387867,8760.003052907252,342.9290695159315,87.42416006078443,1.5669844435420277,88.8870006689097,0.8612108458543544,-0.016797027341680093,-0.000599735147845459,
101.5,8681.667209636737,393.45224372238397,8615.317073506325,403.33454974738765,8804.441167176274,343.3467559651681,87.4091757970478,1.520017549434583,88.86545640717905,0.8095349510922153,-0.015390535238304408,-0.0001657703477838232,
102.0,8725.367890223975,394.20103805002515,8658.321644382926,404.1480004120201,8837.352902984252,348.3126609348344,87.39354655190823,1.4751597611302416,88.67065424497213,0.798404532680663,-0.015205995403832318,0.0005189678681245116,61.0004175893203
102.5,8769.060596133499,394.92791852775406,8701.317543509793,404.93433234418774,8881.689221114324,348.70163638072415,87.3772770861852,1.4323621497854127,88.67461827531267,0.7574972508781501,-0.0151972920749586,0.0005809319005165821,
103.0,8812.745008493976,395.63390185405177,8744.309599465094,405.70888289831566,8926.02573696786,349.0772552272829,87.36037235571557,1.3915711554054724,88.67144513883152,0.7449781353568486,-0.01473743679241025,-4.195206734869503e-05,
103.5,8856.420810960366,396.31997689134437,8787.29324790634,406.4780952122836,8970.357886202371,349.44596061239037,87.342837509844,1.3527289937649547,88.65715179920834,0.7298434050731071,-0.014300213272107865,0.00010148070783427978,
104.0,8900.08768981029,396.98710265952235,8830.266635350352,407.2378675587415,9009.976735584098,351.5217072956681,87.32467788985443,1.315774078947125,88.57555223292934,0.7243528933097341,-0.01482470632354489,3.863172326218066e-05,60.11896826604862
104.5,8943.74533403959,397.6362065441349,8873.229281273283,407.98190268842626,9054.260397968908,351.87382200735163,87.30589902734299,1.2806414595030595,88.55909730631022,0.6841059534244713,-0.014650859089772622,-0.0001185844080184507,
105.0,8987.393435457057,398.26818272555363,8916.182382031704,408.70465731398957,9098.538436338431,352.20311938734795,87.28650664253314,1.2472632661718273,88.5530561717792,0.6330835665608672,-0.015296641994549703,-0.00013052805533464104,
105.5,9031.031688778325,398.8838908343601,8959.12107080972,409.40821681714834,9142.805983876771,352.511684817374,87.26650664253314,1.215569169054116,88.51713398158172,0.6011781535431617,-0.01543302408290715,0.00024552833792558287,
106.0,9074.659791718841,399.4841548371466,9002.050337074501,410.1047421779453,9173.394163794637,357.33157303917113,87.24590511953674,1.185486842091872,88.32350027096517,0.659787470745964,-0.016032724070043185,0.0008873722749501035,59.883742757935046
106.5,9118.277445085967,400.0697621558387,9044.974253902146,410.80022879984244,9217.550827805202,357.65953627440155,87.22470834896741,1.1569424326764197,88.30315577129137,0.6520654701755815,-0.015614004211354489,0.0009558189264146067,
107.0,9161.8843528701,400.6414630225546,9087.883627602792,411.49320866139743,9261.696512531047,357.9835568210236,87.2029227875668,1.1298610341872177,88.27958313208836,0.644016716312851,-0.016360244870492577,0.0015527836992288609,
107.5,9205.480222334849,401.1999700709147,9130.778741778666,412.1813772393621,9305.8315015744,358.30133015578934,87.18055507142797,1.1041671592529814,88.26037304131965,0.6270766227499318,-0.016254329682642017,0.0011722629561538643,
108.0,9249.064764106199,401.7459581636095,9173.657550202099,412.8521122488963,9296.558779887675,374.5401034363951,87.15761201397393,1.0797852115264097,87.41259139019633,0.7827561919172233,-0.01623409869345468,0.001448339096019277,61.34816775523899
108.5,9292.637692260661,402.2800644549344,9216.519036179729,413.5072220641355,9340.258539991783,374.929235776537,87.13410060388223,1.0566399537731848,87.3864490262337,0.7737731686503097,-0.015838594220983875,0.001532161448488128,
109.0,9336.19872441237,402.8028886859015,9259.36418366132,414.15972812346826,9383.944092692256,375.31469021938335,87.11002800295616,1.0346569700952382,87.35576177565498,0.7680446027351245,-0.016097172833232237,0.0011324854254846817,
109.5,9379.747581799096,403.31499370845967,9302.18992974081,414.80221369718856,9427.61237508303,375.6890500352281,87.08540154394314,1.0137631201373944,87.31736778744232,0.7293946606438286,-0.016881842385933665,0.0018066862813237842,
110.0,9423.283989367157,403.81690623428534,9344.991821563799,415.429478557487,9427.474465861746,388.1614010952016,87.06022872830114,0.9938869831652853,86.59461273913236,0.8706347497937,-0.01616904377069318,0.0017518769668756267,60.537044683595134
110.5,9466.80767585521,404.30911780256434,9387.773682162191,416.0487827974431,9470.765393771188,388.5944668672175,87.03451722391368,0.9749592899507052,86.56909889863708,0.8616283382698301,-0.015494704774468912,0.0015102734674978578,
111.0,9510.318373876878,404.79208596016656,9430.540039196692,416.65991402576304,9514.041743219184,389.0185870653328,87.00827486275406,0.9569133404581256,86.53629889335583,0.8348524541914742,-0.015859360586500386,0.001711112200550697,
111.5,9553.815820002192,405.26623564662924,9473.289137102976,417.25852862218306,9557.30175864141,389.4294180692837,86.98150963849972,0.9396854053926451,86.50376279554858,0.8084715616121295,-0.016137761500463102,0.0017490326299120023,
112.0,9597.29975483784,405.73196077541365,9516.021572962687,417.8504331604631,9556.174974733724,401.00750110579685,86.95422970409722,0.9232151097449297,85.78403892053325,0.9638832429534108,-0.016378712440113494,0.0023788312786943676,60.10972817045097
112.5,9640.769923106185,406.18962600198796,9558.733896176054,418.4413837201127,9599.054781746585,401.4887541602189,86.92644336927886,0.9074457965523464,85.73518913091088,0.9611289747347033,-0.016045612956241226,0.0036634385678915174,
113.0,9684.226073723014,406.63956866842284,9601.431449598826,419.02136204699934,9641.919488424926,401.95856357277484,86.8981590980314,0.8923248691871453,85.72363758245247,0.9181086754890194,-0.016225582364820357,0.004713228111845383,
113.5,9727.667959874027,407.0821009133651,9644.119952303496,419.59058905731575,9684.77481384124,402.41715025965743,86.86938550601785,0.8778041105817861,85.69766408279929,0.9162380720412888,-0.016773655876934662,0.005089020243087345,
114.0,9771.09533909002,407.5175119354875,9686.795160480662,420.15646938032506,9697.731382632843,409.66198820333386,86.84013135795308,0.8638399779078824,85.20039865601906,1.002698320734168,-0.016813743360216567,0.005346475460133783,58.6999142558805
114.5,9814.50797332074,407.9460703977991,9729.449831599222,420.72018160287723,9740.317411621429,410.1641481482276,86.81040556493399,0.8503938713382891,85.14371729832294,1.0059414588408748,-0.018091908021750452,0.005705003216581807,
115.0,9857.905629007406,408.3680269595439,9772.082509462081,421.27883287007916,9782.880247943573,410.66097542574533,86.78021718172508,0.8374323756410627,85.10762799024941,0.9813676512301547,-0.018221271467824304,0.005202229211449167,
115.5,9901.288077153837,408.78361692182386,9814.69666190341,421.8307528582618,9825.423359433444,411.15079971221803,86.74957540400032,0.8249274734788502,85.0648179692389,0.9779294946606137,-0.01873761096383295,0.0043156336376813,
116.0,9944.65509339622,409.19306297254786,9857.294599679764,422.3795282634877,9879.873377713242,409.27070736511996,86.71848956554204,0.8128567294171599,85.22681731002066,0.9320115048912958,-0.018158900074134184,0.004235460251958037,55.3100278241454
116.5,9988.006458071455,409.596578015847,9899.875035798803,422.9226596135971,9922.474974708175,409.73331681053173,86.68696913539777,0.8012034437793351,85.17957066971417,0.9184262767557895,-0.017834443874240113,0.0048341776192839395,
117.0,10031.341956284054,409.9943680706979,9942.430478561748,423.4642212889671,9965.050734611312,410.1940102777151,86.65502371499588,0.7899567756243077,85.12346894283209,0.9243475919778018,-0.017925423855752923,0.004880998908058995,
117.5,10074.661377971608,410.3866352231701,9984.958863077516,424.00671354892415,10007.598592531567,410.6552880259966,86.62266303522088,0.7791118342647172,85.06796273819128,0.9207634011480714,-0.018151929748459215,0.005142596431421376,
118.0,10117.964517968776,410.7735806164581,10027.470938423496,424.54787686681493,10001.152823448356,418.8575334696663,86.58989695344933,0.7686697388871131,84.27302414863173,1.0320334867695713,-0.017930411286937335,0.004904623091048983,57.818035362231925
118.5,10161.251176069776,411.1554074626754,10069.968262226665,425.08812774611437,10043.276270800408,419.37319215958604,86.55673545054712,0.7586376459820728,84.22076525957854,1.0306012729094631,-0.01738784037718667,0.004529983885386297,
119.0,10204.52115708937,411.53232406028076,10112.442059844749,425.61945796662263,10085.373856635511,419.87982686876063,86.5231886278293,0.7490287444395007,84.16957808083382,0.995937563788847,-0.017353235967518244,0.004557963332380673,
119.5,10247.774270922324,411.9045468009688,10154.894957081508,426.1375724731369,10127.448206757426,420.3731425419871,86.48926670398305,0.7398622183124693,84.1278224068277,0.9773251291170169,-0.01748075992820911,0.003303204349472501,
120.0,10291.010332601309,412.2723031498972,10197.328798231396,426.64393814198945,10240.184570485517,411.0701523433367,86.45498001195496,0.7311631774010574,85.22460822353167,0.7918115185647421,-0.01788546074296959,0.0031791473886485754,49.45526388827585
120.5,10334.22916235325,412.63583458323626,10239.738257542074,427.14732509836,10282.782213304585,411.46999459330874,86.42033899580358,0.7229625559550681,85.16596305274162,0.8075574813235347,-0.01848851866851284,0.0020241718864916648,
121.0,10377.43058565408,412.9953994672102,10282.116844243501,427.6543851215753,10325.348854938824,411.87304553652746,86.385354207518,0.7152969799406106,85.10060348421514,0.8046462915511907,-0.019086213921681857,0.002392662299669208,
121.5,10420.614433281911,413.3512758630602,10324.4700503953,428.16605819388104,10367.889987447857,412.2802451552385,86.35003630380365,0.7082086034596435,85.06392655192066,0.8241521832929913,-0.019267082679114027,0.002358827078666855,
122.0,10463.780541368571,413.7037642426884,10366.799196790118,428.68371517441784,10425.293308597209,411.4556186913869,86.31439604283611,0.7017449150530732,85.2448382798543,0.8095776502334856,-0.019156940134868277,0.002429175124933597,51.07399358691888
122.5,10506.928751449526,414.05319010014074,10409.108592855926,429.193665422868,10467.911102494367,411.8515734259378,86.27844428098415,0.6959585147562206,85.22633730877543,0.7742412879700085,-0.018686285877239864,0.0024044510229179823,
123.0,10550.058910512147,414.39990644455725,10451.400458472339,429.691163015307,10510.511706491208,412.2345712845119,86.24219196950268,0.6909068629098186,85.17607867858608,0.7577501463266771,-0.01885406781232886,0.0029030923383482235,
123.5,10593.170871042323,414.7442961607496,10493.66852421966,430.19314325980076,10553.088851168033,412.6215475751753,86.20565015119698,0.6866520018595564,85.1325000287124,0.790155016327171,-0.019004472595772415,0.002122486758358297,
124.0,10636.264491069387,415.086774224165,10535.91075035926,430.70129805703806,10568.576500336261,414.3448747172618,86.16882995705888,0.68326025180198,84.63311666710015,0.7978589429713232,-0.018356744966117767,0.0014951364706666322,52.11892085469998
124.5,10679.339634209371,415.4277897576539,10578.129895118951,431.2100400195903,10610.884489570135,414.7463415379345,86.1317426028762,0.6808018821537174,84.59884026839103,0.8080083397195807,-0.01882144819398992,0.001104682617125981,
125.0,10722.396169706544,415.7678279181758,10620.323206708385,431.7186229761842,10653.166120852782,415.14719217091425,86.09439938581632,0.6793507599340007,84.52768486220052,0.7953941921995794,-0.01903290969900458,0.0004723801450737967,
125.5,10765.433972473245,416.10741160234846,10662.484695459498,432.2261062100024,10695.415404516145,415.5464858993838,86.05681168098488,0.6789839767567825,84.46944979124535,0.8017807216786719,-0.02029468738894761,0.0008965423236073945,
126.0,10808.452923127981,416.4471029605696,10704.615711166553,432.7390687317121,10711.428559115955,416.72765389225816,86.01899093796091,0.6797814561279295,83.9724845459334,0.8288800012738679,-0.019237803230961612,0.0015600888986604807,50.90514616355901
126.5,10851.452908031799,416.78750471031026,10746.718170796248,433.25031860503265,10753.401732275224,417.1365219373721,85.9809486773091,0.6818255428345668,83.92020809114001,0.8065921791819175,-0.019660006235064434,0.0010208227236296928,
127.0,10894.433819322894,417.1292612400932,10788.792183935902,433.7559921722458,10795.34507953817,417.5394031914198,85.94269648707058,0.6852005762972284,83.85318096064626,0.8049328370088877,-0.018828032910281088,-0.0003398565157882712,
127.5,10937.39555494947,417.4730594966251,10830.839165749652,434.26182233441205,10837.26001606893,417.9420305554618,85.90424601923304,0.6899924498306796,83.80656516239085,0.8055766191591426,-0.018956492768040973,-0.00024588249230974495,
128.0,10980.338018700822,417.81962964853926,10872.863234270195,434.76673090799886,10889.57010597579,418.2284356024382,85.86560898618148,0.6962881578257609,83.92920973099095,0.7954950217045614,-0.018313372747688624,-0.0014560964099572344,47.27451268342851
128.5,11023.26112023665,418.1697455212262,10914.86097366644,435.27504921088615,10931.519814270458,418.63066578587876,85.82679715713044,0.7041753329220742,83.86962344767659,0.8134257120576376,-0.018188492124948257,-0.0019719047154381753,
129.0,11066.164775114567,418.52422479827914,10956.839989996108,435.79882145752634,10973.449766511923,419.0479202464551,85.78782235453903,0.7137417752895252,83.85018551818185,0.8555921302475347,-0.01799103608128523,-0.002356711341368703,
129.5,11109.048904815829,418.8839289861454,10998.811938298619,436.3388498133121,11015.371617739604,419.4810011495598,85.74869645050968,0.7250749761754326,83.83721939253908,0.8767314821714178,-0.018818329790168235,-0.0021859903310036647,
130.0,11151.91343676925,419.249763139665,11040.766979152715,436.8865896150533,11087.703054228808,420.48237594767653,85.70943136317177,0.7382616379029449,84.28732413886239,0.8852241496457024,-0.018693279289285412,-0.0023036850491961886,44.27428233086993
130.5,11194.758304373305,419.62267534727215,11082.694051213857,437.4354983631946,11129.832924983337,420.9237135376406,85.67003905305128,0.7533871925257322,84.23215887925298,0.880126210210359,-0.018271895487926272,-0.002528914767414038,
131.0,11237.583447016423,420.0036559757419,11124.594494702354,437.9911787853039,11171.93615730069,421.3713594883866,85.63053151942748,0.7705353213532573,84.18077039015489,0.9104575927736147,-0.018299947757088274,-0.0030347063662097044,
131.5,11280.388810095448,420.3937366754703,11166.471267042358,438.559365008859,11214.015708605015,421.83104792739243,85.59092079667782,0.7897874775603335,84.13743482714565,0.9282961632499026,-0.018092949382275864,-0.0027491906233463783,
132.0,11323.17434503227,420.7939891483814,11208.327861029004,439.13316995245816,11226.181100055424,420.73774120476565,85.55121895061217,0.8112224140841474,83.59823591514069,0.9147777556609478,-0.01816497710655138,-0.0029233121133907295,46.375270627052714
132.5,11365.940009288623,421.2055236816503,11250.161057891572,439.7108685739851,11267.965659626194,421.19786550187337,85.51143807479744,0.8349157189915052,83.5400023679329,0.9257194327700442,-0.018145699643180073,-0.003346841011994152,
133.0,11408.685766379042,421.6294874515154,11291.972271185805,440.29463910246005,11309.727214313432,421.66360003029183,85.47159028687376,0.8609393604688443,83.50621638102426,0.9372186809038959,-0.018055073161697764,-0.0037529143596623754,
133.5,11451.411585881975,422.0670626025195,11333.755623470292,440.88795043967303,11351.459886675733,422.13841369181114,85.43168772486337,0.8893612435476645,83.42447306818069,0.962035965173355,-0.01934060569561057,-0.004166429552657276,
134.0,11494.117443449059,422.5194641085636,11375.50170564624,441.492084362577,11356.754489688487,420.3452510332521,85.39174254347319,0.9202447806286593,82.73481575738757,0.9612404202893262,-0.01874145546452722,-0.003800001274778955,45.52672060980862
134.5,11536.803320812525,422.9879374231731,11417.222089050825,442.11767970687765,11398.112404966681,420.8427239199219,85.35176691039243,0.9536484778091788,82.6968453553959,1.0286511263900326,-0.018561278202926156,-0.0037976713903860224,
135.0,11579.46920579077,423.4737559273632,11458.923221747476,442.77119250949556,11439.448792002831,421.3676716287759,85.31177300258618,0.9896255389509958,82.64870278920336,1.0711397090258772,-0.017827825597420636,-0.003718806212746721,
135.5,11622.115092292064,423.9782181844382,11500.601382451174,443.44110650777947,11480.759929511914,421.90857789716284,85.27177300258617,1.0282234893489712,82.59584724712495,1.092485364522047,-0.018174420206784725,-0.00431770838757292,
136.0,11664.740980316406,424.5026450119696,11542.263972300838,444.1231689667577,11545.821826716183,424.0974102741846,85.23177909477992,1.0694838207764736,82.98643125554193,1.1255329538636594,-0.018209188601414985,-0.004263332984847582,39.96479350508116
136.5,11707.346875955525,425.04837638206135,11583.914709956362,444.8204703069635,11587.305966213682,424.6685893869711,85.19180346169917,1.113441659590659,82.95012673445099,1.1591834972824866,-0.01830213235133,-0.00401595278994038,
137.0,11749.932791391026,425.6167681618291,11625.5412857462,445.5394843928861,11628.76450450209,425.26101021223644,85.15185828030899,1.1601254594803967,82.88402641918874,1.2104998037789187,-0.018766759223512883,-0.004944078871932405,
137.5,11792.498744890676,426.20918870678224,11667.138339993217,446.28334909893357,11670.192081904275,425.8778106243887,85.11195571829859,1.2095567203321564,82.82628318954418,1.25670184483012,-0.01874093735726145,-0.005518495082848798,
138.0,11835.044760802844,426.827015320509,11708.708470005637,447.0444971839711,11761.585126160784,431.34709930364005,85.07210793037491,1.2617497345750528,83.63411470523512,1.3140784445784552,-0.018456013526796274,-0.005854169619496738,36.11352264802216
138.5,11877.57086954908,427.47163059471427,11750.251987328724,447.82481852528144,11803.388944596425,432.0175687611736,85.03232705456018,1.3167113622459612,83.58115903732867,1.3677993855558652,-0.017540895357252336,-0.007091968905778833,
139.0,11920.077107614843,428.1444186442482,11791.769726472943,448.6322858774319,11845.167316200135,432.71469289170693,84.99262520849453,1.3744408358897333,83.53232737751905,1.4206971365774255,-0.01775265926917459,-0.007549131837809711,
139.5,11962.563517538403,428.84676125229026,11833.262411695463,449.46406243798947,11886.920965229085,433.43563489280695,84.95301448574487,1.434929596278585,83.48226873828234,1.463070867822633,-0.01779911188827922,-0.008611326216995981,
140.0,12005.030147897869,429.58003394130975,11874.732678814351,450.32478853992444,11954.746561290893,437.60204209261207,84.91350695212107,1.4981611597993165,83.89442489089727,1.5684878850163801,-0.01810895808938306,-0.008482929901542419,35.606016664455794
140.5,12047.4770532964,430.345601985814,11916.185424194675,451.2243468047125,11996.686616240146,438.40677251294625,84.87411464200058,1.5641110182177271,83.86579490611612,1.650433796320369,-0.017586263185979865,-0.007818969343475396,
141.0,12089.904294345564,431.14481638321524,11957.621454691169,452.1556715306647,12038.6112092496,439.2427989036821,84.83484955466267,1.6327465713870564,83.83257713170514,1.6936717666229966,-0.017668673656248274,-0.00791747322985084,
141.5,12132.31193764689,431.97900979939254,11999.035196061759,453.10830324553797,12080.514766077185,440.0996617925767,84.79572365063332,1.7040270933221258,83.78165017862867,1.733779788955333,-0.017550202696647567,-0.008217602718797117,
142.0,12174.700055771558,432.8494925057015,12040.42691047449,454.0923503212543,12133.774476714465,442.71501944000914,84.75674884804191,1.7779037319137427,83.94673853934731,1.8350519973631327,-0.018053970630711978,-0.008229195835990945,34.60082690302239
142.5,12217.068727238317,433.7575483242823,12081.799491888212,455.1146386546032,12175.738210155392,443.6494051226593,84.71793701899087,1.8543195424094951,83.90819522436006,1.9024907332374739,-0.01816104829550899,-0.00869909894489477,
143.0,12259.41803648955,434.7044305985442,12123.149601097615,456.16715903507867,12217.681128237378,444.6135659248653,84.67929998593931,1.933209554637994,83.86347710358521,1.9541524755866482,-0.017818308242510315,-0.007708195250724803,
143.5,12301.74807386556,435.69135820565486,12164.47131241599,457.2569742789307,12259.597305273717,445.6145646628773,84.64084951810177,2.0145008738045522,83.80123104176776,2.0498424764612797,-0.018305278791192828,-0.008533048005715952,
144.0,12344.058935577052,436.7195116277405,12205.767249736688,458.39539575418235,12318.892097489397,449.50869885898646,84.60259732786325,2.0981128145379158,84.07116520405738,2.1741547741115017,-0.018177060774062153,-0.00939298852503885,32.18970304262648
144.5,12386.35072367582,437.7900290983051,12247.043039774735,459.5809354684161,12360.918057521896,450.61822005505223,84.56455506721144,2.1839570677206153,84.03267492593838,2.26393001015176,-0.018559458939161094,-0.0095838381796943,
145.0,12428.62354602367,438.90400284010786,12288.300820331327,460.8151283229319,12402.928289380114,451.7759560662468,84.52673432418747,2.271937899490473,84.00825250693401,2.3670140346266093,-0.01789069610475216,-0.00889795693054062,
145.5,12470.877516259556,440.06247541039505,12329.53927701768,462.09777167254686,12444.921478675265,452.9817042473874,84.48914661935603,2.3619523816583965,83.96450467367254,2.455978689935659,-0.01751655867182271,-0.009763968483569755,
146.0,12513.112753764968,441.2664361689718,12370.752752824517,463.4212323047634,12455.081563988066,448.6984171406732,84.45180340229615,2.4538906526484756,83.35711039891571,2.4780749755738456,-0.017733287615852807,-0.009248481499624928,33.93633703450878
146.5,12555.32938362757,442.51681788411673,12411.945359116953,464.78933022879215,12496.752717132527,449.96350103629175,84.41471604811348,2.5476362079311863,83.32750217892945,2.5822606069004053,-0.017356538684841983,-0.009124452829537806,
147.0,12597.527536603093,443.81449349079696,12453.116115201163,466.2045394799049,12538.403148452348,451.2752284034286,84.37789585397537,2.6430662187897833,83.27422310034969,2.664648861647082,-0.017163619697188985,-0.010514716073666372,
147.5,12639.707349075505,445.16027301502794,12494.266107581383,467.66170745048566,12580.033944451761,452.62844663446776,84.34135403566967,2.7400518781343424,83.2489608973043,2.748224062509607,-0.01772036779877648,-0.010402327145031334,
148.0,12681.86896301547,446.55490067755096,12535.396168959396,469.15882436687673,12625.220210941921,454.5911464468781,84.3051017241882,2.8384587719579306,83.26320546106344,2.826236307555852,-0.018362326099765527,-0.00925509741120958,29.656365767970122
148.5,12724.012525937102,447.9990521892693,12576.504890147735,470.6966504371791,12666.844155530898,456.0259176453698,84.26914996233624,2.9381472749155817,83.23257289484492,2.9128484864109154,-0.01812152366770556,-0.00965393397080109,
149.0,12766.138190853027,449.4933322500981,12617.596972271536,472.27799981039504,12708.452722632263,457.50374236400364,84.2335097013687,3.038972968399652,83.2016955106085,2.998450388124454,-0.018643623548485463,-0.009552907719447551,
149.5,12808.246116227783,451.0382722620443,12658.680159336887,473.902580255045,12750.053656252101,459.0243283713,84.19819179765435,3.1407870793851846,83.20203896874351,3.0838936410610462,-0.018456593490332483,-0.009605794577213767,
150.0,12850.33646592954,452.63432826644726,12699.751370725253,475.57592068742974,12779.44900399285,458.6901332933689,84.16320700936878,3.2434369382265875,82.93694053449026,3.1824286765682364,-0.01767358779027862,-0.009635406109633834,29.1015826124096
150.5,12892.409409180187,454.2818791143796,12740.79812001312,477.29906042228106,12820.90484255299,460.30375555982977,84.12856599321739,3.3467664535026276,82.88641370606919,3.2720603892750737,-0.01695685550900857,-0.009449492613183598,
151.0,12934.46512050379,455.9812248782379,12781.826425402554,479.071226717046,12862.343036495364,461.96595020385433,84.0942793011893,3.450616601930845,82.86636206341916,3.3767181868232083,-0.016668552127146987,-0.0091208860230259,
151.5,12976.503779673423,457.732585511547,12822.839447158274,480.88923318092867,12903.766746084688,463.67353083464667,84.06035737734305,3.5548259313053365,82.8284762938763,3.453604336346158,-0.016068830391496966,-0.008262870755663442,
152.0,13018.525571656415,459.5360997629617,12863.838087598246,482.74847725003826,12927.6235281373,462.9676858247961,84.02681055462523,3.6592310743537375,82.48667285054175,3.536159017561371,-0.016735930251306947,-0.009076214882149025,27.91317022210929
152.5,13060.530686558002,461.3918243493903,12904.825638457502,484.65422221757404,12968.860343756685,464.76027302076704,83.99364905172303,3.763667271360412,82.46058962700225,3.634189766322496,-0.016404590246007607,-0.00810591213723077,
153.0,13102.519319563422,463.2997333920713,12945.79701095913,486.6077570083489,13010.08109810204,466.60024157084774,83.96088296995147,3.867968899363573,82.42242775442439,3.7256844340003816,-0.01651774455634111,-0.008057733999381077,
153.5,13144.491670878453,465.25971811833824,12986.742244236968,488.6104458870794,13051.275830307202,468.48895573975466,83.92852229017647,3.9719700057044403,82.35650106622603,3.8291722416273046,-0.016536201908727916,-0.007147365096227918,
154.0,13186.447945668442,467.27158683068603,13027.663969248528,490.66399842848205,13087.855314189865,469.90295104393914,83.89657686977458,4.075504843686769,82.24186816720862,3.929831458892405,-0.017049251892188044,-0.007041560944560174,25.138259778700064
154.5,13228.388353995793,469.33506514363154,13068.566340790352,492.76959644828213,13128.963829520491,471.89493035087935,83.86505643963031,4.178408408095224,82.19219315529561,4.038085768868438,-0.0179486008695611,-0.0064153533379478255,
155.0,13270.313110755993,471.4497964877357,13109.443489540723,494.9278217706928,13170.047055388317,473.93914811102496,83.83397060117203,4.280516968321164,82.14071031600062,4.138785271714085,-0.01784539264085747,-0.007877968177978142,
155.5,13312.222435612148,473.6153428790296,13150.298986040685,497.1304423022277,13211.108562334384,476.02737223088974,83.80332882344727,4.381668596854462,82.10531746826778,4.214111207744812,-0.016966331020794086,-0.007715464695592284,
156.0,13354.11655292807,475.8311859509732,13191.136208130973,499.3754367736113,13297.0668870902,482.0452206885661,83.77314044023836,4.481703690919958,82.93692974867675,4.2512182472762525,-0.0161567521936065,-0.006693227577653303,18.50716440068908
156.5,13395.995691699933,478.0967282449699,13231.957271279827,501.67256303941934,13338.529543557568,484.19928645685303,83.74341464721927,4.580465485066929,82.91369612079026,4.365044825871586,-0.015657070345004086,-0.005164587548967445,
157.0,13437.860085486525,480.4112947543765,13272.767415203582,504.0174619549288,13379.983062801926,486.4004706375667,83.7141604991545,4.677800552559471,82.90038085664216,4.43969189698296,-0.0153504194639032,-0.005721796679342842,
157.5,13479.7099723381,482.77413471588255,13313.567523124786,506.40615388153617,13421.428328045826,488.6447935921035,83.68538690714095,4.7735592934646665,82.88068011895828,4.537599921164433,-0.015469589530585089,-0.005564054311473251,
158.0,13521.545594723859,485.18442364109717,13354.348002304549,508.8426404116879,13483.746071027734,492.3362791077294,83.6571026358935,4.8675964073937585,83.24008527676015,4.5918456370355765,-0.015250762891596114,-0.00599481701305615,18.49096315342725
158.5,13563.367199458102,487.64126558017534,13395.103885543082,511.3173751172968,13525.356659683493,494.64705942006657,83.62931630107514,4.95977134891885,83.2022693462777,4.65127561231299,-0.015990558160352976,-0.006710944480750714,
159.0,13605.175037625038,490.143695608346,13435.840754785555,513.830487324372,13566.950893148458,496.9954168283177,83.60203636667264,5.049948763763787,83.17466451357754,4.74215402069135,-0.016752801566127292,-0.0076359176093214465,
159.5,13646.96936450231,492.690682525275,13476.558201448664,516.3910937830262,13608.528362839323,499.39046808259553,83.57527114241829,5.137998903952337,83.1352142498795,4.8380509964199625,-0.015617391177436192,-0.008483048390174363,
160.0,13688.75043948323,495.2811317563104,13517.262337437194,518.9951719410551,13675.77617264011,502.3235200512449,83.54902878125867,5.2237980201893,83.65179016570835,4.840389127994961,-0.015740016959429233,-0.00866802635808981,15.780787738840669
160.5,13730.518525997762,497.9138884438203,13557.957010875782,521.6330013791553,13717.596611932806,504.75784925441786,83.52331727687121,5.307228729850321,83.6299670050742,4.8969276846969025,-0.016484990700259196,-0.008478128972718607,
161.0,13772.273891432287,500.58774071604876,13598.638081715057,524.3022887129221,13759.407224733719,507.22259757679814,83.49814446122922,5.388180359063446,83.61248419857192,4.962065604824057,-0.01704241500105449,-0.008175649826970154,
161.5,13814.016807048149,503.3014231201845,13639.297964323088,527.0058203804873,13801.200425410912,509.7205514565177,83.4735180022162,5.466549257479483,83.5603185101982,5.029749914054061,-0.01669043636449955,-0.007852160021749523,
162.0,13855.747547899024,506.05362020566645,13679.926821359788,529.7436316225521,13832.009485094983,512.8328074252306,83.44944540129012,5.542239084448331,83.27337009928644,5.142832534820806,-0.016455605868078895,-0.008176340593856241,17.79727566229716
162.5,13897.466392747145,508.8429702431396,13720.541559204356,532.5111087532853,13873.64978510965,515.4165994725296,83.42593399119842,5.615161065444316,83.28782995938076,5.192335654374881,-0.015561593462676044,-0.009415634414559127,
163.0,13939.17362397838,511.66806906392924,13761.154346971653,535.3084023377708,13915.291411170412,518.0293059739463,83.40299093374438,5.685234217714397,83.27867428366814,5.258490351291898,-0.015020248988962863,-0.008717466554557352,
163.5,13980.869527516217,514.5274740044225,13801.752974049135,538.1289679429784,13956.922152664729,520.6643824964505,83.38062321760555,5.7523855442585505,83.24429169359506,5.281815738725141,-0.01567724603302403,-0.00836303138031977,
164.0,14022.55439273467,517.4197079393348,13842.340979193883,540.9674431635682,13978.642689177077,526.5903295948277,83.35883765620494,5.816550195390898,82.80944804078922,5.458704902104058,-0.014076979307271921,-0.007962468387119535,17.448208838102907
164.5,14064.22851237013,520.3432633875007,13882.92157019702,543.8274313853738,14020.041540499005,529.3292873341453,83.33764088563561,5.877671597272717,82.78595724692339,5.497126055166346,-0.013177613496930718,-0.007083082378747452,
165.0,14105.892182432197,523.2966066735572,13923.481942615275,546.7111164529427,14061.422479675275,532.0913810307394,83.3170393626392,5.9357015469537,82.73779945815235,5.551248731210096,-0.013277916767430316,-0.00832915676093357,
165.5,14147.545702113517,526.2781821286968,13964.021983775603,549.6285247691172,14102.785394032842,534.886637087452,83.29703936263921,5.990600273604996,82.71385797211656,5.629775495640027,-0.013838736429832412,-0.008422181950243057,
166.0,14189.189373698633,529.2864163135421,14004.55293353586,552.5747993986782,14152.677377703269,535.0255911002573,83.27764697782936,6.0423364657761525,82.91138018428177,5.5825103598998655,-0.013104687992297427,-0.008447565717083775,12.081642670105387
166.5,14230.82350247192,532.3197222461504,14045.07461587039,555.5360689896438,14194.127131321859,537.822508145337,83.25886811531792,6.090887264657265,82.88763429007484,5.6051578204185315,-0.01258978736662954,-0.009149955008549739,
167.0,14272.44839662458,535.376503618184,14085.58005790294,558.5145358437128,14235.563400924924,540.6358646170416,83.24070849532835,6.136238223476898,82.85744412219223,5.648268066400214,-0.012523334937687565,-0.008226464639612803,
167.5,14314.064367160776,538.4551589823819,14126.065927236015,561.5190411568159,14276.982854114973,543.4745017113021,83.22317364945678,6.178383233314896,82.82036863799841,5.7062803106414695,-0.013030936858931067,-0.00887674772206969,
168.0,14355.671727802888,541.5540858946498,14166.53277545587,564.5497316513405,14324.93456678763,542.7011628947018,83.20626891898715,6.217324415756506,82.96078046978313,5.6566965957022965,-0.0116945415458196,-0.00860349693836485,10.352902015230464
168.5,14397.27079489595,544.6716849943289,14206.98682595064,567.6018846642506,14366.412104500057,545.5391858834276,83.18999945326412,6.253071982959502,82.94937037992669,5.695395359201053,-0.011241202181039306,-0.008438886078482475,
169.0,14438.861887311297,547.8063640065309,14247.424644710367,570.6695995498584,14407.876552684786,548.3918014940733,83.17437020812456,6.2856440658486905,82.90842235898792,5.715067083381645,-0.011569013285328108,-0.008667631062335873,
169.5,14480.445326349425,550.9565416508159,14287.841771478421,573.7493585479485,14449.323451085189,551.2554919664237,83.15938594438792,6.3150665112916275,82.879171242626,5.739694806019827,-0.012373606157526628,-0.008749475107896948,
170.0,14522.021435642124,554.12065144095,14328.2418662357,576.8376041147251,14485.297047760903,559.3241317565203,83.14505122640611,6.341372649244898,82.69313613407881,5.863786330267016,-0.012117215287873143,-0.009552817747989788,10.8061639420594
170.5,14563.590541053893,557.2971453610091,14368.627688348663,579.9378621740505,14526.638874079259,562.2658360435717,83.13137042067308,6.364603030991417,82.67416913934518,5.903030817938802,-0.011151951159293584,-0.009071115895864526,
171.0,14605.152970582685,560.4844974036859,14409.000168403021,583.0418842720483,14567.970123874256,565.21059165331,83.11834769449479,6.384805139715238,82.6508300406481,5.875991621014461,-0.012008459837601293,-0.008222950898995385,
171.5,14646.709054259989,563.6812069573098,14449.357157563882,586.1435274092221,14609.288648311005,568.1522555862385,83.10598701471979,6.402033074780718,82.62326770634468,5.890664110699688,-0.010508938232314679,-0.007330286245616957,
172.0,14688.2591240503,566.8858020288043,14489.696058547674,589.2493089008007,14648.783935506806,573.9650156028812,83.09429214653088,6.416347211197192,82.52658129124463,5.950207038751066,-0.010630277446113908,-0.007272461427066412,8.567790221068165
172.5,14729.803513750008,570.096842290568,14530.02137435782,592.3660562451472,14690.044761938301,576.9506778036181,83.08326665229819,6.427813835857837,82.51672443473876,5.992441764196317,-0.01050430146857802,-0.006594069680917821,
173.0,14771.342558885706,573.312921940093,14570.331781790082,595.4903231294933,14731.293292259214,579.9432729495228,83.07291389049409,6.436504762241877,82.47739684890604,5.9779388194221985,-0.010909180378644547,-0.006447369126572479,
173.5,14812.876596611997,576.5326723619941,14610.629352298607,598.6116513877628,14772.531597923688,582.9323428745192,83.06323701467011,6.442496925362143,82.47582580898883,5.978340880563421,-0.01015765260587899,-0.00698069891073696,
174.0,14854.405965608788,579.7547645830408,14650.919702459489,601.7314923827862,14811.267045032899,593.3969706908346,83.05423897249635,6.445871958824805,82.34137766564928,6.117690904358853,-0.010748538726888768,-0.0071776984493937875,7.486321236098686
174.5,14895.93100597813,582.9779115117332,14691.197752974318,604.849783973678,14852.432112449807,596.4560038585976,83.04592250486364,6.446715755944628,82.31889200198415,6.118441766693253,-0.010379516920410304,-0.007504339749966874,
175.0,14937.452059140607,586.200869954951,14731.475770046274,607.9703034363416,14893.599459976085,599.5169769856682,83.03829014504858,6.445118016926816,82.35049810312313,6.125450741589484,-0.010436094181107913,-0.006922655348228121,
175.5,14978.969467731356,589.4224424052292,14771.75427581509,611.0874550205701,14934.769609751465,602.5742943218397,83.0313442179419,6.441171784185268,82.33010099840025,6.103818603096479,-0.01045574058925347,-0.007019978115004794,
176.0,15020.483575495678,592.6414785932546,14812.021981479267,614.1996763608074,14977.51845742177,593.3630805776382,83.0250868393403,6.4349729679165275,82.45626320600955,5.873892532809369,-0.011023358118711928,-0.007243613459438626,3.558333035981703
176.5,15061.99472718434,595.856876801256,14852.28852663714,617.3110528618588,15018.751316630873,596.2984779975948,83.0195199153019,6.426619864088692,82.47517363040879,5.8676971470166,-0.011135052545460176,-0.007932773319289784,
177.0,15103.503268448556,599.0675849340369,14892.561557393297,620.4167818135103,15059.993349558397,599.2274875224267,83.0146451415657,6.416212667034807,82.49295807969042,5.848340952311262,-0.010123113066547456,-0.007481986641385877,
177.5,15145.009545734705,602.2726013455108,14932.830841984636,623.5186190357455,15101.23432444124,602.1518649721179,83.01046400303498,6.4038529788608125,82.47094145168298,5.849168846453622,-0.009717425650141416,-0.00595152112104705,
178.0,15186.513906178796,605.4709754196982,14973.094181732693,626.6215654564659,15141.635025396092,585.5064118846558,83.00697777332508,6.389643317888666,82.63147384879667,5.498490094095922,-0.008756923353408958,-0.005713295388292654,1.4243719184980344
178.5,15228.016697500721,608.6618079062594,15013.35407001344,629.7179094432397,15182.947973320048,588.2478169739785,83.00418751437532,6.373686628355952,82.6203178470281,5.467130263195027,-0.008520799622595086,-0.006215626837655169,
179.0,15269.518267898347,611.8442510117443,15053.609741025226,632.7965114650821,15224.259835656347,590.9700691549872,83.0020940761256,6.356085793584008,82.62713149816969,5.421878460839695,-0.00860354145258956,-0.006130900941952608,
179.5,15311.018965941443,615.0175082488422,15093.867056846544,635.8576631848815,15265.576474483487,593.6734600905704,83.0006980962575,6.336943154807403,82.63942381038639,5.391685281493254,-0.007457024136809022,-0.0054613958611102135,
180.0,15352.519140465507,618.1808340470012,15134.126347196774,638.8997293241238,15309.714911541394,612.9079439143077,83.0,6.316360037828675,82.56429147283264,5.625472275902403,-0.007508674987381274,-0.005143952195987047,2.724954521580012
180.5,15394.019140465507,621.3335331288642,15174.389201346237,641.9247142814686,15351.00158051224,615.7154021484733,83.0,6.294436289623508,82.58238441054777,5.604360660760023,-0.005818266880481813,-0.006214958725990958,
181.0,15435.519314989571,624.4749596580135,15214.650040167573,644.9390184260847,15392.289087608375,618.51130061131,83.0006980962575,6.271269826973459,82.56764397398861,5.579233190586701,-0.0058829899026649965,-0.00541903042918617,
181.5,15477.020013032667,627.6045161645433,15254.90387724215,647.9411525207557,15433.572446411163,621.2941500656016,83.00209407612559,6.246956199145834,82.56579123716861,5.552164626579488,-0.005033356047134471,-0.005533354630401391,
182.0,15518.52158343029,630.7216522559733,15295.15219186924,650.9334011397157,15463.575728906453,579.4569582378514,83.0041875143753,6.221588166573923,82.70186295363817,4.790792654380062,-0.0052917358902684185,-0.004634385041889215,-2.891353712515556
182.5,15560.024374752216,633.8258631219705,15335.387001818823,653.9148987698476,15504.918503401961,581.8440419933329,83.00697777332506,6.195255297415563,82.66923502838962,4.757542367545911,-0.00490278620345134,-0.00469536563064526,
183.0,15601.528735196307,636.9166878422706,15375.61805160155,656.8774738976424,15546.260948049849,584.2099644526974,83.01046400303497,6.1680435837844785,82.70054356316241,4.706147469911701,-0.005523220780211481,-0.004953760274705795,
183.5,15643.035012482458,639.993707508056,15415.855938157705,659.8267458069497,15587.6136597904,586.560344899794,83.01464514156568,6.140035079357254,82.7103033990484,4.69537431847493,-0.0061397898499622305,-0.004116046426516229,
184.0,15684.543553746675,643.0565431678851,15456.094768624165,662.7714237820912,15640.021006812036,622.1861474182161,83.01951991530188,6.111307559959617,82.66631655243518,5.217830904691163,-0.005951638706194233,-0.004629159690730343,0.12818831071373227
184.5,15726.054705435336,646.1048536100324,15496.334032165552,665.702933275043,15681.35593961545,624.7842765963612,83.02508683934029,6.081934208629399,82.6734146612167,5.174685807889056,-0.005951123065784575,-0.004600794147054866,
185.0,15767.568813199656,649.1383329938249,15536.570109638891,668.6143929661798,15722.690807477255,627.3610803022765,83.03134421794189,6.051983326540523,82.66605678599623,5.1325290157720325,-0.00482773983586121,-0.004596611938448424,
185.5,15809.086221790403,652.1567083432233,15576.803444156261,671.505229828438,15764.026053509528,629.9159855088982,83.03829014504856,6.021518071053235,82.67492734309776,5.087091810715083,-0.00440527472556426,-0.004223508780947071,
186.0,15850.607274952883,655.1597369164942,15617.033775756463,674.3800454012808,15796.195007021839,608.6104307523376,83.04592250486363,5.9905962220309315,82.67649093560863,4.687225629136191,-0.0043913689780342895,-0.0051968766489036726,-4.24431616517395
186.5,15892.132315322224,658.1472034663606,15657.264509488903,677.2412480129019,15837.53895654993,610.9447626569291,83.05423897249634,5.959269977434153,82.69930717675149,4.650101989229839,-0.004173306335079085,-0.004488303309545228,
187.0,15933.661684319017,661.1189174054861,15697.499821181449,680.0885265546744,15878.890767907771,613.2632349474447,83.0632370146701,5.927585779067855,82.70793825461418,4.623787172832737,-0.002935596884260803,-0.004099960946169391,
187.5,15975.195722045308,664.074709892558,15737.738011937274,682.9209829517248,15920.248742198537,615.5649495490109,83.07291389049408,5.8955841692198865,82.72395890844719,4.5830712334319,-0.002698378684659836,-0.0045977561848487185,
188.0,16016.734767181006,667.0144308545597,15777.979582411965,685.7338798628302,15928.71245278827,541.7733145599166,83.08326665229818,5.863299678787051,82.6879110712784,3.3676188695027665,-0.003841941381264846,-0.004698024750777699,-8.054756923741152
188.5,16058.279156880713,669.9379459610917,15818.2248127064,688.5233260311267,15970.060868992749,543.4420453711523,83.09429214653086,5.830760747340987,82.70575374663063,3.3073043754397737,-0.004048218581796952,-0.004721105898808021,
189.0,16099.829226671027,672.8451335667869,15858.474287343483,691.2958296787024,16011.417164218525,545.089881353837,83.10598701471977,5.797989675439951,82.71942715647401,3.28403955529879,-0.0036803948378357773,-0.005428026772267192,
189.5,16141.385310348329,675.7358816379832,15898.732080359488,694.0540507064576,16052.785412501873,546.7194824088707,83.11834769449477,5.7650026093451325,82.75356597692404,3.234364664836259,-0.004083025569683431,-0.005725012569568029,
190.0,16182.94773987712,678.6100846798574,15939.003358531394,696.7843390056636,16078.912332769434,515.9214381683162,83.13137042067306,5.7318095581519595,82.74130144872856,2.6695387644462265,-0.004255704657632939,-0.005596399075222408,-7.749284147339125
190.5,16224.51684528889,681.4676406801951,15979.280927864298,699.4847792093067,16120.284370284395,517.2414608059731,83.1450512264061,5.698414443198741,82.7468486111136,2.6105517861812984,-0.004841140107185467,-0.006226806538838262,
191.0,16266.092954581589,684.3084480858616,16019.561491910992,702.1651616404735,16161.663129352562,518.5366480534493,83.1593859443879,5.664815179467455,82.7681876615537,2.5701972037234477,-0.0046662210938611375,-0.006742783881859126,
191.5,16307.676393619719,687.1324028278649,16059.85492789022,704.8297957080031,16203.05848719268,519.811309319584,83.17437020812454,5.63100378854534,82.81324369892018,2.528447860815462,-0.005089383875259794,-0.006667052080679821,
192.0,16349.267486035067,689.9393954106441,16100.157472142138,707.4780731127521,16275.373330292075,582.5207493215812,83.18999945326411,5.596966542571756,82.94968097091505,3.3897876704732446,-0.005458764818129096,-0.006704681820826011,-5.615856835195206
192.5,16390.86655312813,692.7293080809004,16140.467314706864,710.1067117458148,16316.857581893868,584.2026777851274,83.20626891898713,5.562684138453156,82.98732543624985,3.337926183711639,-0.005932777692589821,-0.006825706730201829,
193.0,16432.473913770238,695.5020120908863,16180.785108123779,712.712491510936,16358.353425321018,585.8584779089123,83.22317364945677,5.528131901490723,82.99604827234981,3.2852743114275382,-0.005824108106540658,-0.007417487676383302,
193.5,16474.089884306435,698.2573650706166,16221.105084005078,715.2949619869771,16399.855092185724,587.4876992717968,83.24070849532833,5.493280017430743,83.01061918647788,3.2316111401106804,-0.004592995589383145,-0.007648881379410799,
194.0,16515.714778459096,700.9952085229288,16261.431546788157,717.8636619258168,16453.38573435127,611.5224895046877,83.25886811531791,5.4580937918178085,83.09944307527104,3.540056765838524,-0.004686674427411193,-0.007277831271673321,-8.245349245274408
194.5,16557.348907232383,703.7153654547348,16301.769156389943,720.4151787580192,16494.943758942693,613.2759546286375,83.27764697782935,5.422533935406048,83.13265529043133,3.4738037299607,-0.0038678989961091316,-0.00712129982641662,
195.0,16598.992578817502,706.4176381571524,16342.116692686192,722.9335393659094,16536.515352018418,614.9935242630463,83.2970393626392,5.386556874264231,83.15371701247092,3.396474807674678,-0.003939774674023558,-0.007160302558373512,
195.5,16640.646098498823,709.1018061464928,16382.470600548293,725.4229476215896,16578.09695844983,616.6794022800166,83.31703936263919,5.350115083097497,83.17270871318189,3.3470372602066156,-0.0034416182510884305,-0.007379307857139014,
196.0,16682.309768560892,711.7676242773176,16422.827373120548,727.887741677303,16634.846094609187,645.1943548182359,83.3376408856356,5.313157440201933,83.27068825749869,3.666202273183943,-0.0035706393239689437,-0.007149018213978966,-9.341270708418463
196.5,16723.98388819635,714.4148210379603,16463.186794358153,730.3254799744134,16676.485987258347,647.0129615598833,83.35883765620493,5.275629602368908,83.28888233914465,3.6082246934056346,-0.003488285249481879,-0.007362086349615676,
197.0,16765.668753414804,717.0430970380437,16503.54996511927,732.7451238298089,16718.133304500912,648.8113476957043,83.38062321760553,5.237474397964264,83.30038663110297,3.5853198498784327,-0.003521295915168183,-0.006694163198767009,
197.5,16807.364656952643,719.6521236966157,16543.922322394756,735.1440280783821,16759.79348332774,650.5868680605915,83.40299093374436,5.198632236323746,83.3403286762091,3.5167616096705596,-0.0030438679012751747,-0.006950398182993777,
198.0,16849.07188818388,722.2415421385792,16584.306523937365,737.5147778842264,16787.5449393694,628.7912742069099,83.4259339911984,5.159041531530621,83.27009523025086,3.13820779793126,-0.004023394609960165,-0.007680009206656645,-12.159009950148171
198.5,16890.790733032,724.8109623061056,16624.701661289484,739.8569157705967,16829.18903659289,630.3425213605617,83.4494454012901,5.118639138574751,83.30629366370655,3.0667808166759496,-0.003967152642998445,-0.008887834652276513,
199.0,16932.521473882876,727.3599622907079,16665.10517789739,742.1659186965153,16870.84513325146,631.8579879726168,83.47351800221618,5.07736079983474,83.3180929705725,2.9950856315445864,-0.004340986198443291,-0.009121378143741959,
199.5,16974.264389498738,729.8880878906107,16705.517589526295,744.4487406832285,16912.513745110326,633.3446280643216,83.4981444612292,5.035141599776319,83.35635446489525,2.9514747352746498,-0.004910111932763684,-0.009128123174313534,
200.0,17016.019754933262,732.3948523969851,16745.939913296053,746.7116662507497,16884.30892969191,520.7030981253059,83.5233172768712,4.991916425721247,82.87770494013529,1.35268273672899,-0.005472681018355936,-0.00957590682977992,-16.365651163823294
200.5,17057.787841447796,734.8797366115434,16786.367287059264,748.9532430167707,16925.75230516155,521.3658647306122,83.54902878125866,4.947620432511749,82.89579693843407,1.298383684495842,-0.004772170547502152,-0.009850153881675617,
201.0,17099.568916428714,737.3421890968904,16826.807538836896,751.1717265367015,16967.211818371685,522.0004531953174,83.57527114241827,4.902189508876004,82.9422559020963,1.2399701743252671,-0.004188032998503634,-0.009656359526424173,
201.5,17141.363243305987,739.781626659932,16867.263657197465,753.3707699581983,17008.69045789083,522.610516667078,83.60203636667262,4.8555607432906855,82.97230217447212,1.2002837127170038,-0.0034924443612998667,-0.008951990640848347,
202.0,17183.171081472927,742.1974350675389,16907.72859681332,755.5482664679366,17100.131820709878,603.3953529247168,83.62931630107512,4.807672887136823,83.3541933581134,2.2076106495212895,-0.00339925690746888,-0.008902836412596586,-11.85307976252545
202.5,17224.99268620717,744.5889699925619,16948.204212147648,757.6992676516315,17141.818426622114,604.4851219867539,83.65710263589348,4.758466812955588,83.3922302908342,2.1514655986271407,-0.004141802132411422,-0.00853535357882419,
203.0,17266.82830859293,746.9555581872085,16988.69639194525,759.8213607404008,17183.52514312747,605.5425655932818,83.68538690714094,4.707885965630725,83.43463573059282,2.0783088274844066,-0.005389982607627007,-0.008593756593690688,
203.5,17308.678195444503,749.2964988797047,17029.206443797575,761.9101445285731,17225.253277817403,606.5632825386291,83.71416049915449,4.655876804354307,83.4779030291382,2.004558953904868,-0.0053388974241721145,-0.009938997981463967,
204.0,17350.542589231096,751.6110653891113,17069.734843201397,763.9665664341284,17316.44853437022,683.0760145392857,83.74341464721925,4.602389233272099,83.90890709934781,2.9280450813566556,-0.00484598349900536,-0.010981435319055311,-12.865411651322288
204.5,17392.421728002962,753.8985069521178,17110.287715832295,765.9890734600452,17358.420107640417,684.5208061190864,83.77314044023835,4.547377018753907,83.9773859814271,2.851121237846149,-0.005369644033307537,-0.01133128744391002,
205.0,17434.315845318884,756.1580507546295,17150.858749269904,767.9821822386875,17400.413742287772,685.9343011001056,83.80332882344726,4.49079819129264,83.99715260798614,2.8028586862307674,-0.005769033334155788,-0.011487745871137076,
205.5,17476.22517017504,758.3889041599784,17191.43336275038,769.9525380237169,17442.414857548443,687.323144736005,83.83397060117201,4.432615430103198,84.00730843470797,2.752515857367075,-0.004793218444467062,-0.011886048410621608,
206.0,17518.14992693524,760.5902571246463,17232.020152502544,771.8916216511807,17486.971738908273,692.3860247974512,83.8650564396303,4.372796428568332,84.08245386987095,2.718042728371499,-0.0041662180867944555,-0.011421247781330615,-15.844646855547763
206.5,17560.09033526259,762.7612847914792,17272.62947044379,773.7916514951277,17529.02586730304,693.7247149311628,83.89657686977456,4.311314238763108,84.13405970919848,2.636717806474484,-0.004949188716502161,-0.01222348182423208,
207.0,17602.046610052577,764.9011502495155,17313.25485627739,775.6579408999277,17571.09998533213,695.0278384796057,83.92852229017646,4.248147593381998,84.16241240715902,2.575776387297344,-0.003659668290636712,-0.012181519217193808,
207.5,17644.01896136761,767.0090074487342,17353.8885652,777.4935943707765,17613.186348192194,696.298499947976,83.96088296995146,4.183281203492652,84.18303903309037,2.50686948618383,-0.0026407204284330447,-0.011906522018830412,
208.0,17686.007594373026,769.0840042572693,17394.530527450628,779.2985788832096,17672.509178337346,721.9193829858363,83.99364905172301,4.116706030647546,84.35808248268566,2.7556334528195086,-0.001862564654699164,-0.012185541234682717,-16.209248475617052
208.5,17728.01270927461,771.1252856479307,17435.182693103085,781.0716974274818,17714.695404080394,723.2790067434089,84.02681055462521,4.048419531998486,84.38682048949887,2.6828615774710025,-0.002486256652579677,-0.012400358352371401,
209.0,17770.034501257604,773.131997000225,17475.850749538215,782.8024749477048,17756.901597890916,724.5949248631842,84.06035737734304,3.9784258771789234,84.43795475258722,2.5808109016307132,-0.0024242097219537343,-0.011749567227936283,
209.5,17812.073160427237,775.1032875034809,17516.539466677288,784.4929571210197,17799.132529690185,725.8691830223032,84.09427930118929,3.9067361358445467,84.48577244448565,2.5162217348454456,-0.0021939811102171403,-0.011242185687531128,
210.0,17854.12887175084,777.0383136461654,17557.249845923936,786.1441643845823,17751.55011511037,604.19092658926,84.12856599321738,3.833368434893284,83.74980807052839,0.881122917267845,-0.0025048688048580443,-0.011780057393804584,-21.744206160507325
210.5,17896.20181500149,778.936242776019,17597.979243394424,787.7460404982843,17793.433892614215,604.6041540345096,84.16320700936876,3.75834808452088,83.78530194485391,0.7717868637305663,-0.0019248715699643096,-0.01218971825122332,
211.0,17938.292164703245,780.7962567152509,17638.722972183976,789.3030172826004,17835.335204580613,604.9688565734654,84.19819179765433,3.68170767240718,83.81994592073463,0.6870232920925046,-0.0026747032063012396,-0.01284398370178784,
211.5,17980.400090078,782.6175554147203,17679.477660560882,790.815509845347,17877.25067927785,605.2854493139437,84.23350970136869,3.603487125470442,83.84195286822126,0.5793476698207147,-0.003974541520340094,-0.012418490299868626,
212.0,18022.525754993927,784.3993606307808,17720.238948655384,792.2883175781785,17906.724119242746,588.5995781397478,84.26914996233623,3.5237337387717917,83.74957519833323,0.3042069675853965,-0.00359108860708276,-0.012460709627698663,-20.036716011371038
212.5,18064.66931791556,786.1409196082985,17761.016785321477,793.7229864938865,17948.614296924232,588.7261560109118,84.30510172418819,3.4425021712987016,83.81113552761757,0.20210451707122418,-0.003451185577708621,-0.012347634570903177,
213.0,18106.830931855522,787.8415087532493,17801.821381952293,795.1089762583799,17990.534316696838,588.8001237142494,84.34135403566965,3.3598544085044524,83.86894356280173,0.09376629627900425,-0.00288092393621171,-0.012767310660601093,
213.5,18149.010744327934,789.5004372782827,17842.648827898443,796.4477980441578,18032.480267911178,588.8229924222594,84.37789585397536,3.2758596916292455,83.91486129455045,-0.0022914642387364403,-0.0030858203440819313,-0.01169479001826329,
214.0,18191.208897303455,791.1170508046843,17883.492129557242,797.744573136716,18052.766711288343,560.1173842864089,84.41471604811346,3.190594413977347,83.74968078209804,-0.4395177323602988,-0.001817525747189606,-0.011490375814554416,-21.523565067162927
214.5,18233.42552716606,792.6907349042967,17924.34832439389,798.9960317070954,18094.649957949452,559.8700894022171,84.45180340229614,3.1041419844726534,83.78330586233706,-0.5496618044065108,-0.0011792535264929995,-0.010808171773011214,
215.0,18275.660764671473,794.2209185651553,17965.217029615218,800.2010644942619,18136.54857586549,559.5719342203547,84.48914661935602,3.016592658961752,83.81116580182274,-0.642958923043366,-0.001079407637839673,-0.01080016440996191,
215.5,18317.91473490736,795.7070775648654,18006.098872225517,801.360447555072,18178.46319204075,559.2236947976779,84.52673432418746,2.928043339878224,83.84729889919964,-0.7499987676637608,-0.0022344669587741877,-0.01104502669654936,
216.0,18360.18755725521,797.148737736091,18046.99972220799,802.4707833730494,18227.669442266448,568.1891731927082,84.56455506721143,2.8385973450239708,83.96518020644777,-0.7443336407647807,-0.0020606748733071585,-0.011739701084685462,-21.25972301474317
216.5,18402.47934535398,798.5454781089376,18087.922484272924,803.5288907971993,18269.664008853568,567.7871455141451,84.60259732786324,2.7483641463620936,84.01308614203711,-0.8637770734876032,-0.002833868496031032,-0.01240896875582691,
217.0,18444.79020706547,799.8969339154908,18128.868839650688,804.540923560844,18311.685106622328,567.3347691685567,84.64084951810176,2.6574590798507134,84.07130493299675,-0.9457283088658293,-0.0027975522283554643,-0.011808220476775714,
217.5,18487.12024444148,801.2027994423228,18169.841349734284,805.5113497610638,18353.73529696572,566.8365122530236,84.6792999859393,2.5660030274774566,84.12945644057372,-1.0472993532667179,-0.0029651610429792595,-0.0124220734906008,
218.0,18529.469553692714,802.4628307173871,18210.840780521412,806.4371719401901,18463.053175688732,649.8175894608437,84.71793701899085,2.4741220727796054,84.82081404872699,-0.15205387490054,-0.0023293585418682422,-0.01241581923234834,-19.279791921896212
218.5,18571.838225159474,803.6768480183956,18251.86438434574,807.3179254132428,18505.475746747576,649.7164025169549,84.7567488480419,2.381947131254514,84.86947018664767,-0.2526939006549397,-0.0020445229887702384,-0.012190846697443917,
219.0,18614.226343284143,804.8447381905038,18292.9143764181,808.1499165821441,18547.92839157108,649.5635741416777,84.7957236506333,2.2896135571783365,84.94110910737021,-0.35861960045345065,-0.0014843843381986085,-0.012480466136845602,
219.5,18656.633986585468,805.9664567619129,18333.989176069852,808.9398321488229,18590.409529490607,649.3657910369412,84.83484955466265,2.197260728457847,84.9834425707307,-0.43251281849225437,-0.0009269679924323686,-0.012531514261507858,
220.0,18699.061227634633,807.0420298468373,18375.07971704789,809.6868103383341,18758.465639530114,796.8435918280843,84.87411464200056,2.1050316112397227,86.2355783376634,1.1786953747963254,-0.0011019598287048402,-0.01325401716865432,-17.109632862564293
220.5,18741.508133033163,808.0715558261705,18416.183227697253,810.3846266884414,18801.59198696423,797.4094389256658,84.91350695212105,2.0130723060936093,86.26981139880917,1.0846930155295482,-0.0009850010113339354,-0.012725263421883107,
221.0,18783.97476339263,809.0552067971113,18457.299897523968,811.037099475136,18844.736672201143,797.9294576864565,84.95301448574486,1.9215315776692419,86.30892954884402,0.9953820276334586,-0.0006051554964770696,-0.011706109311981253,
221.5,18826.461173316187,809.9932297839794,18498.43353304675,811.6422205588643,18887.903501759567,798.401639970903,84.99262520849452,1.8305603698034352,86.35838868484922,0.8933471101523741,-0.0004339881896408479,-0.012284078432185421,
222.0,18868.96741138195,810.88594770346,18539.588676738465,812.1963738515087,18876.05633728978,738.1750873595513,85.03232705456017,1.740311308119548,85.86270187667701,0.0958815748330496,-0.0017494135187798203,-0.011945420034155272,-24.7581940328817
222.5,18911.493520128184,811.7337600785448,18580.769196943325,812.7062967549988,18919.003570692512,738.203781255231,85.0721079303749,1.6509381922198014,85.92623173423844,0.018894007885377193,-0.0009122664815816564,-0.011794948114229717,
223.0,18954.039536040353,812.5371434965047,18621.97226773488,813.173953541665,18961.977831979722,738.188773132116,85.11195571829857,1.56259547961929,85.97081341460577,-0.0789265003451279,-0.001206935857230366,-0.011335524132308376,
223.5,18996.605489540005,813.296651807312,18663.19824136796,813.5951310427188,19004.97947340625,738.1258498214178,85.15185828030897,1.475437763609476,86.03575229150607,-0.17276674244744133,-0.0012553673637109122,-0.011336270233174682,
224.0,19039.191404975507,814.0129160600314,18704.449309503314,813.9673194619952,19044.03404557785,733.6951381958548,85.19180346169915,1.389619247268217,86.04910254006091,-0.32952228337537065,-0.0013423317386247703,-0.011492703314499442,-23.700554943094296
224.5,19081.797300614628,814.6866441758117,18745.72085420504,814.2884123885126,19087.07018829255,733.5047772859729,85.23177909477991,1.3052932158528128,86.09546831873766,-0.43192135615257893,-0.0013719061013650208,-0.011812795457447841,
225.0,19124.423188638968,815.3186203572304,18787.013433051714,814.5624026779113,19130.131791772666,733.2658112436276,85.27177300258616,1.2226115098220791,86.15094560173382,-0.5239428132284862,-0.0002382963935546854,-0.011060965167591117,
225.5,19167.069075140258,815.9097042348693,18828.327467361618,814.7936939129274,19173.219277336484,732.982643651555,85.31177300258616,1.1417240007330294,86.19899665353793,-0.6087275550618287,0.001000986962841948,-0.010878275414548898,
226.0,19209.7349601185,816.4608297531145,18869.661375240416,814.9914161362209,19197.95391685864,713.3322126185501,85.35176691039241,1.0627780722473563,86.06135109507245,-0.8806005468546085,0.001174054575571406,-0.010080479243443215,-25.025794819920858
226.5,19252.42083748197,816.9730037982919,18911.02236110583,815.1542287744795,19241.003690375484,712.8692294832641,85.39174254347317,0.9859181084626075,86.13774297230388,-0.971331994289468,0.001566668667465253,-0.010647198049316754,
227.0,19295.12669504905,817.4473045733457,18952.41523638358,815.2711625379875,19284.0895415024,712.3585727717065,85.43168772486335,0.9112849917528344,86.20566153534432,-1.0712948519412309,0.0015337518445125604,-0.010124370702221244,
227.5,19337.852514551985,817.8848797243498,18993.833654979884,815.3441912636557,19327.2051241456,711.8022163207879,85.47159028687375,0.8390156122636805,86.25666903746703,-1.1541309517328426,0.001337934748225823,-0.010913458466566562,
228.0,19380.5982716424,818.2869442252052,19035.271388719077,815.375753446306,19415.286330032857,757.1383678846861,85.51143807479743,0.7692423911575629,86.76012001394427,-0.7356618040298448,0.0011405478572818315,-0.011300648269923878,-22.721695993025822
228.5,19423.363935898753,818.6547780279061,19076.727539927597,815.3657561192504,19458.678539489327,756.7500760399085,85.55121895061215,0.7020928196459759,86.80871781193034,-0.817505575080294,0.001998098703936637,-0.012392830757739483,
229.0,19466.149470835575,818.9897234867622,19118.20311214443,815.314238325732,19502.09494864689,756.3191511248941,85.5909207966778,0.637689015778306,86.85691881831511,-0.9061940849774215,0.0022766244381546494,-0.01293123148739823,
229.5,19508.9548339146,819.2931825659267,19159.697976259573,815.2254980984764,19545.535428395535,755.849891172368,85.63053151942746,0.5761473008801553,86.90500017626866,-0.9708457251270796,0.0026707362538007733,-0.012875073276163596,
230.0,19551.77997655772,819.5666138405091,19201.214898653285,815.105870644457,19599.146707358417,765.2108270606077,85.67003905305127,0.5175777974493988,87.07002801082906,-0.9264646990277646,0.002531304240877726,-0.013754047159213887,-24.55578063223409
230.5,19594.624844161775,819.8115293024279,19242.75038640786,814.9525270045001,19642.690317472578,764.7286743435502,85.70943136317176,0.4620840502253927,87.10441244581797,-1.0021461692020917,0.003088461918806268,-0.013064761986331108,
231.0,19637.489376115198,820.0294909829959,19284.29955500275,814.7617070227076,19686.252524493764,764.2080756842186,85.74869645050967,0.40976267204635897,87.14441563892079,-1.0802484681246716,0.003963738545723326,-0.012262138165238383,
231.5,19680.37350581646,820.222107405008,19325.860557976186,814.5381302401711,19729.831481960202,763.6537506237041,85.78782235453902,0.36070301600239735,87.17141422682926,-1.1370517739330233,0.003603075873154343,-0.01254391535650319,
232.0,19723.27716069438,820.3910298778279,19367.439391525135,814.285192859545,19785.7035047581,774.5375035527452,85.82679715713043,0.31498687527733105,87.36468783533554,-1.077681046738528,0.0028788973225861597,-0.013228615140041089,-24.80726829212274
232.5,19766.20026223021,820.5379486496353,19409.040607513758,814.0046056085088,19829.397234687516,773.9862545592173,85.86560898618147,0.27268821195217974,87.41023188232529,-1.1273149273732828,0.0032347679618805842,-0.012768586135241216,
233.0,19809.142725981565,820.6645889316025,19450.663109531215,813.6966995708722,19873.11733571371,773.406880435878,85.90424601923303,0.23387291591698323,87.47017222244497,-1.1901815659837225,0.002767847824014167,-0.011780118909102124,
233.5,19852.10446160814,820.7727068093083,19492.309810775732,813.3700987937385,19916.866721034905,772.8080052298308,85.94269648707056,0.198598594906577,87.52736906234962,-1.205319258205132,0.002770143357851098,-0.011376473119614944,
234.0,19895.085372899237,820.86408505717,19533.97794062247,813.0259297414744,19983.97447443846,793.1104547948936,85.98094867730909,0.16691439654027934,87.82458569617853,-1.0401083330134122,0.003546444278558219,-0.01168155092238841,-24.52920886135393
234.5,19938.085357803055,820.9405288720815,19575.666072851567,812.651441556985,20027.89980355498,792.5740116701802,86.0189909379609,0.13886086310593904,87.87673076991399,-1.105664165840137,0.003631874690803973,-0.010152230070404776,
235.0,19981.10430845779,821.0038615427794,19617.369687125858,812.2502103898106,20071.846026341285,792.0103118634582,86.05681168098486,0.11446981968599695,87.90816037530466,-1.1491350610477384,0.003251685160969864,-0.010088675758940503,
235.5,20024.142111224493,821.0559200717204,19659.087610489154,811.8286204310289,20115.811969841187,791.4257395658052,86.0943993858163,0.09376429607779524,87.95561362429973,-1.1891541295646824,0.003044850313415691,-0.00989531789924523,
236.0,20067.198646721667,821.098550766443,19700.822591052274,811.3865823351263,20138.366162479324,772.4743722938921,86.13174260287619,0.07675848281295085,87.76737810251521,-1.4269169848456955,0.003490430107275605,-0.010200582939198042,-26.90925291069837
236.5,20110.27378986165,821.1336048175042,19742.574958643425,810.9318208397017,20182.261892090126,771.75850769927,86.16882995705886,0.06345772143187453,87.81554034069126,-1.436541393642348,0.0038591277994637417,-0.011115666884974534,
237.0,20153.367409888713,821.1629338801172,19784.342286359104,810.4761774058283,20226.17768828821,771.040995321538,86.20565015119696,0.05385852902009864,87.84764445165015,-1.4335081172854005,0.00364580295678838,-0.010980020883671825,
237.5,20196.47937041889,821.1883856765882,19826.118174361378,810.0149195362586,20270.10715123565,770.3171026634487,86.24219196950267,0.04794865686366214,87.8702073381123,-1.462062515071868,0.004268651084057174,-0.010846802484726113,
238.0,20239.60952948151,821.2117996365371,19867.907927884386,809.5497883527361,20303.931746041762,761.2084909334988,86.27844428098413,0.04570718293204725,87.81403039987448,-1.5400186550447037,0.004821157770695027,-0.009877714852782302,-26.805302729955308
238.5,20282.757739562465,821.2350025917076,19909.7196232442,809.0809212269293,20347.852405741414,760.4314233371597,86.3143960428361,0.04710463774972217,87.86860839873084,-1.5682517303117813,0.004714024216527659,-0.009877065500467292,
239.0,20325.923847649123,821.259804541913,19951.547740486978,808.600461788221,20391.79444871083,759.6418835011801,86.35003630380363,0.05210316307189707,87.89956347892543,-1.5899076136063162,0.005246145739084592,-0.009128920139933473,
239.5,20369.107695276954,821.2879945083404,19993.381735227587,808.1190115332789,20435.747330564867,758.8504729222278,86.38535420751799,0.06065670263725934,87.91196393723418,-1.5757347022027146,0.005444452486492313,-0.009499054848592042,
240.0,20412.309118577785,821.3213364900324,20035.233712561294,807.6438579049859,20466.53938371501,747.576177921395,86.42033899580356,0.07271122413089433,87.84778536840852,-1.6775128327416096,0.005532469980336701,-0.00976868710809775,-27.290738712235374
240.5,20455.527948329727,821.3615655389038,20077.109555631814,807.1750453795439,20510.47216431565,746.740938510586,86.45498001195494,0.08820497135490023,87.88333703415785,-1.6634448104943003,0.005589690086149071,-0.010357039133621036,
241.0,20498.764010008712,821.4103839681108,20119.007391006995,806.7168736294163,20554.43170792404,745.9153185513705,86.48926670398303,0.10706874547301057,87.95483739938321,-1.6390350263673061,0.005276188238361788,-0.010612148594295977,
241.5,20542.017123841666,821.4694577079964,20160.93172865065,806.2750274221142,20598.422524503978,745.1050028112597,86.52318862782928,0.1292262140693943,88.0084289203726,-1.6022279340757757,0.005730335103569135,-0.010313004693392724,
242.0,20585.287104861258,821.540412823174,20202.87261268221,805.847121345635,20609.766279508898,719.358524021962,86.55673545054711,0.15459424664130517,87.68212402385096,-1.8456225189735436,0.005719278224186723,-0.009263367397149478,-28.67481891953703
242.5,20628.573762962256,821.6248322035922,20244.83345372589,805.4269564823654,20653.623911729133,718.4385487070275,86.58989695344931,0.18308327503090657,87.74840485709713,-1.8342787407644863,0.0055248108374556385,-0.00897009206915195,
243.0,20671.876902959422,821.7242524416483,20286.814830669584,805.0125769024868,20697.506373960183,717.5230035299475,86.62266303522087,0.21459767719393041,87.7814440670942,-1.8279019675561015,0.005527811500857675,-0.009173292156828763,
243.5,20715.196324646975,821.8401609065974,20328.81152033297,804.6078881477783,20741.408443021715,716.6157940325011,86.65502371499586,0.2490361826023157,87.8268321790374,-1.8009360222297344,0.005562126637929342,-0.010153096082639628,
244.0,20758.53182285957,821.9739930266193,20370.820853927602,804.2256093437444,20760.673256511847,697.5643213500209,86.68696913539776,0.28629229748504587,87.57784202289537,-1.9309943754240937,0.005190046880572096,-0.010724949498166847,-28.673151040455956
244.5,20801.883187534808,822.1271297879972,20412.840905411842,803.8626748251262,20804.47141774592,696.6023786904623,86.71848956554203,0.3262547480265066,87.61480291339716,-1.9167762628105585,0.00607121640177864,-0.010385445040941634,
245.0,20845.250203777196,822.3008954598951,20454.87333231259,803.5124358278908,20848.285886979844,695.6515338209106,86.74957540400031,0.3688079395651518,87.64307402229346,-1.8866032153960988,0.006660939778556698,-0.009407006568698632,
245.5,20888.632651923628,822.4965555522282,20496.92692797541,803.1785049067101,20892.125457559177,694.7153992960377,86.78021718172506,0.4138324297674793,87.71520829504888,-1.8579348840954666,0.007255828014830746,-0.009217058815990964,
246.0,20932.030307610294,822.7153150130935,20539.012942928828,802.8604038156609,20887.410620932456,659.4489118565125,86.81040556493397,0.46120541369354395,87.25073026342679,-2.1824516015567554,0.0075625942474834874,-0.009924690536248304,-30.412875062837227
246.5,20975.442941841015,822.958316671172,20581.130861169164,802.5600445382408,20931.05314484669,658.3665361880783,86.84013135795307,0.5108012186207523,87.3193653935142,-2.147051072180292,0.007491451373673909,-0.01000356440640373,
247.0,21018.870321057006,823.2266399274405,20623.2785282718,802.2810402456498,20974.728632642575,657.3034599051396,86.86938550601784,0.5624918064527104,87.38258579001462,-2.105254059574295,0.007484298991895938,-0.009667864685964351,
247.5,21062.31220720802,823.5212996994311,20665.447484518947,802.0260458548255,21018.428624602315,656.2623379246343,86.89815909803139,0.6161472815095907,87.41738204894271,-2.059233862447139,0.00807231648585554,-0.009374791785607423,
248.0,21105.768357824847,823.8432456201774,20707.636165758904,801.7910238952974,21133.17893546042,703.7642605012694,86.92644336927884,0.6716364014760106,88.26302258114933,-1.535314571257646,0.00808853688120156,-0.009892973570927267,-23.596997291397177
248.5,21149.23852609319,824.1933614928644,20749.84263515876,801.5756468947222,21177.317735126882,703.0081061432924,86.9542297040972,0.7288270892718252,88.29217608469544,-1.4893028606502041,0.008628437984977163,-0.009945610180025386,
249.0,21192.722460928842,824.572465001085,20792.063267195444,801.3896950864911,21221.474964737645,702.2799720797527,86.9815096384997,0.7875869436106148,88.33674235835755,-1.4232333935082295,0.008895879718290407,-0.009525272850991683,
249.5,21236.219907054154,824.9813076734927,20834.294789724467,801.2377018225217,21265.64735214822,701.584391662568,87.00827486275405,0.8477837460199513,88.35280728394899,-1.3590882752304252,0.008580547105531652,-0.009392576401323134,
250.0,21279.73060507582,825.4205751005269,20876.5401946051,801.1192126065752,21239.470714913492,656.8713546632831,87.03451722391367,0.9092859621167602,87.6173338072717,-1.7409100841218268,0.008667196678709016,-0.00962766065633615,-31.44791194486942
250.5,21323.254291563873,825.890887399796,20918.809113330055,801.0411857156099,21283.292497118582,656.0236052889948,87.06022872830113,0.9719632349601186,87.6697950130993,-1.6500874130316103,0.008689758050953494,-0.010450746524236446,
251.0,21366.790699131936,826.3927999256217,20961.095947507307,801.0028012178693,21327.135397238115,655.2135156325137,87.08540154394312,1.0356868683425613,87.7018054650311,-1.590271212892791,0.008396431201594064,-0.010408558184661038,
251.5,21410.33955651866,826.9268042171897,21003.392731981614,801.0012065443962,21370.991450116853,654.4382331248827,87.11002800295614,1.1003302979291834,87.72240604991698,-1.5108588176312494,0.008761043185389342,-0.009680411335677154,
252.0,21453.900588670367,827.4933291787247,21045.704457446118,801.0383001569994,21419.402773877613,656.4635947950744,87.13410060388222,1.165769548211359,87.82550023797837,-1.4153185810144195,0.00823409937388721,-0.009523666297025404,-27.500446514024706
252.5,21497.473516824833,828.0927424841046,21088.034240582318,801.1128440750917,21463.323825129468,655.7745690652596,87.15761201397392,1.2318836733084402,87.85870476944274,-1.3407843382447648,0.007837031414421923,-0.009785200150204067,
253.0,21541.058058596183,828.7253521973632,21130.379600760214,801.2245657591943,21507.26372449546,655.1207753109666,87.18055507142796,1.298555179726086,87.90089269451794,-1.2743906789274801,0.007106272512444434,-0.009521193911242759,
253.5,21584.653928060932,829.3914085996106,21172.74221485038,801.3727683749871,21551.224148846162,654.5015166978751,87.20292278756679,1.3656704292635535,87.9408047082943,-1.2026437734385065,0.007370055209408822,-0.008662303479575773,
254.0,21628.260835845067,830.0911062120149,21215.112454636,801.5605949216225,21622.457864863154,669.5007300705637,87.2247083489674,1.4331200203539742,88.25376084837364,-0.9657712374755356,0.007688845253527318,-0.007647965684811937,-25.885178956501104
254.5,21671.87848921219,830.8245860036586,21257.48121049047,801.783598905204,21666.585821754616,669.0314384831719,87.24590511953673,1.5007991462209478,88.25806671746717,-0.9113951120915968,0.007530047817040944,-0.008196384548282372,
255.0,21715.50659215271,831.5919377722992,21299.849721239032,802.0423971567675,21710.717220793485,668.5962029710142,87.26650664253313,1.568607928341246,88.26752943800989,-0.8295469365390231,0.007141256009181616,-0.007916837530712293,
255.5,21759.144845473977,832.3932026853386,21342.222005589138,802.335528336945,21754.85608068722,668.193562194723,87.28650664253313,1.6364517238165723,88.2879101369183,-0.7810161686260723,0.007295085020838413,-0.008057072470116947,
256.0,21802.792946891448,833.2283759676369,21384.60324424897,802.6568979867545,21786.32545779657,661.0974473757653,87.30589902734297,1.7042414053766428,88.17317100551791,-0.7912019368892815,0.006655811182890321,-0.008365009398111732,-27.863098335892676
256.5,21846.450591120745,834.0974097221963,21426.996293123782,803.0163010305025,21830.41989657807,660.7237295277738,87.32467788985441,1.7718936128608236,88.20458412047678,-0.7036694550769312,0.006505436021392009,-0.008870269955131588,
257.0,21890.117469970668,835.0002158692004,21469.3947534203,803.4089239866578,21874.523238432103,660.3814044077783,87.34283750984399,1.8393309751556082,88.20878329564991,-0.665631024905047,0.006859002249714392,-0.00904739734078428,
257.5,21933.79327243706,835.9366691884143,21511.79477049253,803.8279131342241,21918.63162871268,660.0636182947827,87.36037235571555,1.9064823016997616,88.2247778266559,-0.605513427077389,0.005904847448570884,-0.008636727562065632,
258.0,21977.477684797534,836.9066104495411,21554.207216966835,804.2759036941085,21987.92084001653,672.3450005883342,87.37727708618519,1.973282742807405,88.56125136712998,-0.43026026219373437,0.005552983091394934,-0.008585139007522016,-25.318022760546036
258.5,22021.170390707055,837.9098496147932,21596.63069806862,804.7482904807384,22032.204264593503,672.1403786799613,87.39354655190822,2.0396739182010286,88.57244694076172,-0.388227371298119,0.005096846093258849,-0.008090404731574744,
259.0,22064.871071294296,838.9461690976661,21639.06124935136,805.2570209213477,22076.49864107279,671.9704412588353,87.40917579704778,2.10560401329079,88.6050589763816,-0.2915223132056072,0.004311865378893145,-0.0088871576699792,
259.5,22108.57940525875,840.0153270617095,21681.503169099113,805.8019369723625,22120.808267738437,671.8350302813826,87.42416006078442,2.1710278428827956,88.63344768620628,-0.2501215966052494,0.003748795504362066,-0.008348882066563501,
260.0,22152.29506896864,841.1170607429668,21723.951687744866,806.3804322415315,22137.08123968095,658.7860082950654,87.43849477876623,2.2359068821467787,88.32335776207204,-0.2937093285595112,0.0035922706018217863,-0.008480639635218095,-27.98136807016807
260.5,22196.017736559457,842.251089779709,21766.403371589706,806.9969265601189,22181.246363076134,658.6538372071898,87.45217558449926,2.300209264821938,88.33713581867096,-0.2349750229427069,0.0038078173669356405,-0.008293101068509735,
261.0,22239.747080033252,843.4171195331115,21808.862136737123,807.6465181755996,22225.422011566476,658.552931381455,87.46519831067755,2.363909748788113,88.3654581426963,-0.16864827999643756,0.004304265706589945,-0.008206701028513863,
261.5,22283.482769358532,844.6148443826278,21851.338288724248,808.3321341502577,22269.6184906891,658.4862178801455,87.47755899045255,2.426989649277193,88.42045834780363,-0.09820572524152887,0.003154761250130516,-0.00737040407037078,
262.0,22327.224472570804,845.8439509799836,21893.829414499098,809.0478225107931,22333.39990251159,666.9884846703947,87.48925385864146,2.4894367401460946,88.66552499415505,0.030566887531518157,0.003728176558652034,-0.008167028860167645,-24.80780746313584
262.5,22370.971855873682,847.1041214459644,21936.326288802295,809.7822737963802,22377.73734296471,667.0101275387896,87.50027935287414,2.5512451237771003,88.68423681830828,0.05600458604804905,0.004275215243442372,-0.008621783705477655,
263.0,22414.72458374057,848.395036494487,21978.826434427352,810.5354638305257,22422.081804860525,667.0487936145223,87.51063211467824,2.6124150703132054,88.69361076496412,0.09865971688337277,0.004185592569118861,-0.008570862536409193,
263.5,22458.482319016868,849.7163784688341,22021.326184473008,811.3111191682425,22466.42962129779,667.1082094526058,87.52030899050223,2.6729528270747167,88.69765498408437,0.13900363545091915,0.005252714501010444,-0.00925519724686124,
264.0,22502.244723022664,851.0678342753874,22063.82930704163,812.108999408503,22533.99155219639,676.5117585604769,87.52930703267599,2.732870399138085,88.99172982467118,0.27476641302095195,0.005930868949255583,-0.008066385316479081,-23.88487993599872
264.5,22546.01145565591,852.449098200719,22106.345010457837,812.9372289746161,22578.497819093045,676.6674161831354,87.5376235003087,2.7921853021882166,89.03333776194904,0.34786407761322374,0.006533217757562575,-0.00858176313671949,
265.0,22589.782175496017,853.8598745984863,22148.874599446957,813.8040117167955,22623.022086893292,676.8600394670337,87.54525586012376,2.8509202888807237,89.06373343904383,0.4226290579801544,0.006572933408442068,-0.008216256830458318,
265.5,22633.556539907855,855.299880433224,22191.410806334592,814.7010025397667,22667.557087922734,677.0812833168976,87.55220178723043,2.909103050070166,89.07627067872355,0.46234634147533293,0.005978142479182107,-0.007548066575779141,
266.0,22677.33420514612,856.768847668835,22233.946705640636,815.6161834977436,22716.557410362413,678.9614087490696,87.55845916583203,2.966765892373791,89.13098224972148,0.5056088897852401,0.006036222777430283,-0.00766931801462239,-24.24187094762283
266.5,22721.114826460045,858.2665254903402,22276.4859076132,816.5567537181194,22761.129681300336,679.2313530213586,87.56402608987044,3.0239453936470757,89.15810150197034,0.5741681993705443,0.006857800091807416,-0.00655912105107248,
267.0,22764.898058198414,859.7926823482637,22319.032896219043,817.5245501237533,22805.713924712272,679.5269587223377,87.56890086360664,3.0806820380470255,89.17887214577294,0.6082546045461997,0.006565435216039631,-0.0066027646291766575,
267.5,22808.68355391485,861.3471078158882,22361.583579390153,818.5109281455377,22850.306048530212,679.8395812828991,87.57308200213735,3.137019832451278,89.18962312598889,0.642235637699677,0.006005438229333217,-0.006547792843137709,
268.0,22852.470966473342,862.9296142505223,22404.14033703242,819.5197238024078,22919.9244604676,688.6666877731482,87.57656823184726,3.193005906085143,89.51233615906483,0.777902298836771,0.006224093821137518,-0.0066967261061079975,-22.21949854966928
268.5,22896.259948154002,864.5400382508647,22446.7015537528,820.5532239179397,22964.6818991216,689.0664811349375,87.57935849079702,3.2486900952844318,89.5174184569377,0.8212711483205525,0.006296316680868365,-0.006794014639367601,
269.0,22940.05015075896,866.178241903533,22489.267936650183,821.6049948351643,23009.449086238255,689.4831008028648,87.58145192904674,3.3041245153889562,89.55133000968098,0.8452075233884441,0.006720252110100095,-0.006428289555688388,
269.5,22983.84122571845,867.8441138128352,22531.842311670625,822.6747533047256,23054.228847763614,689.9162635275738,87.58284790891484,3.3593631218195714,89.56771609175293,0.887443375448005,0.006497886442349777,-0.0066628087859260336,
270.0,23027.632824196975,869.5375699089002,22574.420110369294,823.7644161687397,23173.246029380432,713.2567139675739,87.58354600517234,3.4144612624404034,90.45323183527887,1.1523256055562867,0.0062075862945837465,-0.006219891283625777,-18.144759000712885
270.5,23071.424597199562,871.2585540303471,22617.003491099353,824.8728807730047,23218.479490005746,713.8424980068345,87.58354600517234,3.469475223347147,90.48061066597892,1.1908105514858849,0.006771434401731598,-0.006544571890349568,
271.0,23115.216195678084,873.0070382787469,22659.588576405422,826.0030379546212,23263.720417160705,714.4488599832301,87.58284790891484,3.524461770251935,90.48309795385069,1.2346373540967641,0.007408225585419472,-0.006667795847966055,
271.5,23159.007270637576,874.7830231432237,22702.172582082112,827.157777509314,23308.966026639922,715.0786896924858,87.58145192904675,3.5794776876550887,90.49933996300997,1.2846814829257927,0.006975006506853393,-0.006559105241245023,
272.0,23202.797473242535,876.5865373946384,22744.75842457543,828.3311711792596,23384.092622870277,723.8199836128658,87.57935849079703,3.634579318003988,90.86439540353736,1.3867569290740438,0.006660137261940961,-0.008630125860825778,-19.45475852238939
272.5,23246.586454923196,878.4176377498992,22787.34367888428,829.5222273682937,23429.52669411839,724.5249398987709,87.57656823184728,3.689822103039324,90.87188958892305,1.4330682145462077,0.0072998107991256765,-0.008475192746975484,
273.0,23290.373867481692,880.2764083080389,22829.925530016888,830.7346569738901,23474.96360023419,725.2502717316725,87.57308200213737,3.745260129519056,90.87573487427517,1.4682591170603025,0.007224539210475223,-0.008785890729566878,
273.5,23334.159363198127,882.1629597607913,22872.50875126513,831.9682676003576,23520.40811450955,725.9957867158794,87.56890086360666,3.800945681490627,90.90232222717798,1.513800819767112,0.00789666527588785,-0.008794688989519652,
274.0,23377.942594936496,884.077428381477,22915.097009457593,833.2297468669273,23590.787602250184,732.8302402936727,87.56402608987045,3.856928801252385,91.21403872351875,1.6377240815143235,0.007937489520250671,-0.008891071969299655,-18.528405441127333
274.5,23421.723216250422,886.0199747970667,22957.692551476717,834.5190757517591,23636.403714213724,733.660513841126,87.55845916583205,3.9132568611059226,91.25040913064305,1.68337010829915,0.007556321536444117,-0.009332280481338473,
275.0,23465.50088148869,887.9907825493312,23000.297307285382,835.8353882457968,23682.035675772968,734.5168633339377,87.55220178723044,3.9699741479523167,91.27743710633297,1.742027862948041,0.007391649292872449,-0.008503547143248278,
275.5,23509.275245900528,889.9900564520011,23042.906135069377,837.1822604874636,23727.678345113705,735.4028649105313,87.54525586012377,4.027121462727253,91.29324025661342,1.801978443426007,0.007165716494013255,-0.007172377563425854,
276.0,23553.045965740635,892.0180207518338,23085.509565905693,838.5595073890279,23798.61028235073,741.8185211753917,87.53762350030871,4.084735736603025,91.58026874566983,1.91703879576377,0.007068924249210601,-0.007972430670372161,-17.225032276065786
276.5,23596.81269837388,894.074917102437,23128.100348221036,839.9639071113673,23844.39731796222,742.7888490978718,87.529307032676,4.142849665809689,91.5678737002835,1.964272894156524,0.006933160695327623,-0.008635235114601798,
277.0,23640.575102379673,896.1610023606004,23170.68734851126,841.4047799335217,23890.1876114035,743.7948278935208,87.52030899050224,4.201491366843583,91.59330006484754,2.05964228843968,0.006109450347343633,-0.008126731810792745,
277.5,23684.33283765597,898.2765462157461,23213.272323290224,842.8707026466864,23935.98291918845,744.8250343535342,87.51063211467826,4.260684053739353,91.58793107493622,2.0611835516140893,0.006606301728268175,-0.008462098191451306,
278.0,23728.08556552286,900.4218286639265,23255.854260703716,844.3535854346358,24008.4121051253,751.0068175377351,87.50027935287416,4.3204457389819915,91.92336106789533,2.178739611896688,0.006269781613157039,-0.008562209734421265,-15.770000925299424
278.5,23771.83294882574,902.5971373385541,23298.44149388157,845.8627008422367,24054.38098952227,752.1058873136432,87.48925385864148,4.380788959528601,91.95217651998938,2.217539491735802,0.0063906276346629145,-0.008188342563002835,
279.0,23815.574652038016,904.8027647107604,23341.03611076588,847.4008596486457,24100.364723441937,753.2332624803129,87.47755899045256,4.441720529296187,91.98275915867252,2.2919611749428532,0.006131939472197944,-0.008973814631300269,
279.5,23859.3103413633,907.0390051729224,23383.633018461765,848.9712867025822,24146.35821398942,754.3921678864633,87.46519831067756,4.50324131935217,91.99120303126685,2.3436604496589934,0.006557495658899152,-0.009651817700377064,
280.0,23903.03968483709,909.3061520194902,23426.22782376152,850.5678333374311,24221.90539132975,760.573084468155,87.45217558449927,4.565346066919138,92.35306310278052,2.448160662378489,0.006603218342226923,-0.009758233384467288,-14.113714223229248
280.5,23946.762352427908,911.6044943397638,23468.819151425043,852.1899823117252,24268.082895197316,761.8096162122462,87.43849477876624,4.62802321417511,92.35695236747887,2.4979663139861024,0.0067397718951984435,-0.00992402230349313,
281.0,23990.478016137797,913.9343138377316,23511.405904089766,853.837984542702,24314.263763058578,763.0713508763537,87.42416006078443,4.691254777695842,92.3665190775606,2.548972342443986,0.007200174238334285,-0.0100775858060315,
281.5,24034.186350102256,916.2958815944673,23553.984159904627,855.5163550436769,24360.444073062466,764.3628034737931,87.4091757970478,4.755016249247131,92.3547209379958,2.61683804731355,0.0063600737528476635,-0.009565015750428134,
282.0,24077.887030689493,918.6894547889025,23596.548871539697,857.2248416053965,24379.6304287675,761.7407480773484,87.39354655190823,4.819276528493264,92.02514092218512,2.621955203606256,0.00659774805442088,-0.01050180973123847,-16.27971195897055
282.5,24121.57973659902,921.1152733930365,23639.102733647916,858.9625189193237,24425.642527999284,763.0677291867119,87.3772770861852,4.883997888043259,92.02325600495048,2.685969233847794,0.005929067867870809,-0.010083148392051863,
283.0,24165.264148959493,923.5735568578249,23681.64603907138,860.7315087985677,24471.6515768441,764.425297304486,87.36037235571557,4.949135971110186,92.01293937431916,2.744303237248761,0.005685535510116091,-0.009910428466502866,
283.5,24208.939951425884,926.0645008060801,23724.17766614809,862.5265103040196,24517.65645363995,765.8081514915618,87.342837509844,5.014639821911088,92.00656780908955,2.78711351105465,0.006014677195188955,-0.009884931432055299,
284.0,24252.60683027581,928.5882737487545,23766.699202119755,864.3449340117554,24579.32904437307,769.2791563587289,87.32467788985443,5.080451948786687,92.18816284767068,2.860397567412341,0.006109504718529739,-0.009689800787358776,-12.309060252096131
284.5,24296.26447450511,931.1450138409192,23809.213500256796,866.1924113039377,24625.42451213198,770.7257114739336,87.30589902734299,5.14650841987166,92.19370818797725,2.9258228934070365,0.0075133834583179845,-0.00986089912062491,
285.0,24339.91257592258,933.7348256936368,23851.718565779185,868.0771116939083,24671.51850548595,772.2088088917906,87.28650664253314,5.212738990998632,92.18226522789561,3.006566778020756,0.006061571691310939,-0.009790831997142542,
285.5,24383.550829243846,936.3577772577296,23894.21181182114,869.9982662910779,24717.608437569193,773.7276797217104,87.26650664253314,5.279067265372643,92.17746310507896,3.0689165416586848,0.005917895614175426,-0.0102306726700149,
286.0,24427.178932184364,939.0138967951748,23936.69044989307,871.9498073731536,24782.20187657217,777.3514366984077,87.24590511953674,5.345410884408547,92.37437552010175,3.1527755369560664,0.005601165193560755,-0.010260463236726405,-10.540807184894579
286.5,24470.796585551492,941.7031699535224,23979.15611957702,873.9355813400093,24828.389652480007,778.9472838866913,87.22470834896741,5.411681748982053,92.37672811125222,3.230613216177879,0.006715097249120328,-0.009860798073553036,
287.0,24514.403493335627,944.4255369583196,24021.61787422558,875.956098738779,24874.581569755057,780.5772448697969,87.2029227875668,5.477786270206733,92.39094098893845,3.2892307162444294,0.007291592164499293,-0.008919586507845863,
287.5,24557.999362800376,947.18088993805,24064.075624709265,878.0076941001225,24920.77753926783,782.2376541783844,87.18055507142797,5.543625648714726,92.3929370621551,3.352406518105502,0.00743779221207941,-0.008818237597178145,
288.0,24601.583904571726,949.9690703955508,24106.522465848757,880.0829172050697,24961.38724351529,783.4010146688098,87.15761201397393,5.609096181288904,92.31321774983218,3.373662114645194,0.006995183645100704,-0.010008233758766905,-10.597803728304525
288.5,24645.15683272619,952.7898668392653,24148.959504323873,882.1837888452677,25007.54541300994,785.1056529705911,87.13410060388223,5.67408959356925,92.31946022875876,3.444891092480229,0.006997749813760903,-0.010956081833849139,
289.0,24688.7178648779,955.6430125870169,24191.396002387854,884.313116931191,25053.71100833925,786.8381030856981,87.11002800295616,5.73849339743692,92.34292108848085,3.4849093679475827,0.007051971773806268,-0.010012707313215559,
289.5,24732.266722264627,958.5281837542677,24233.830749430865,886.4709801331426,25099.882818893395,788.598443684434,87.08540154394314,5.802191271566311,92.34432112810232,3.5564530269957526,0.007638420763624432,-0.00976332609360738,
290.0,24775.803129832686,961.4449974380415,24276.253374086304,888.6586764273284,25135.155128601433,789.5321016615919,87.06022872830114,5.865063463529007,92.19659993363196,3.5874991666998106,0.00723159802335789,-0.01009842254522449,-9.517875678655765
290.5,24819.32681632074,964.3930101068572,24318.66404861243,890.8718761627458,25181.253862545676,791.3393926177383,87.03451722391368,5.926987211734175,92.19833584333657,3.6416646578854857,0.006410322251803921,-0.01068997528085797,
291.0,24862.837514342405,967.3717162061404,24361.062590613066,893.1106142987908,25227.348253628737,793.1715475601865,87.00827486275406,5.987837185398302,92.17922848891251,3.6869551119072286,0.006626954195429448,-0.011758702400144769,
291.5,24906.33496046772,970.3805469876534,24403.450099861555,895.3741946145306,25273.43940162397,795.0278702680039,86.98150963849972,6.047485940653506,92.18536349201898,3.738335719362251,0.00664535866594096,-0.01209035481092795,
292.0,24949.818895303368,973.4188695705238,24445.831914863415,897.6622579871117,25340.8129898294,798.3042925643374,86.95422970409722,6.105804390828343,92.4416269227278,3.8092617889619493,0.006654983328608757,-0.012082696463785651,-5.61095262425952
292.5,24993.289063571712,976.485986240448,24488.20447103212,899.9762882268957,25387.03194568633,800.2232824834342,86.92644336927886,6.162662288868533,92.43419650498794,3.8666978874253797,0.006915231774772612,-0.01199556001387643,
293.0,25036.74521418854,979.581133992617,24530.5663761437,902.3206563530259,25433.248386613068,802.1719959993331,86.8981590980314,6.217928719807491,92.43156720196973,3.9281561761704684,0.007489623968395869,-0.011460688859735684,
293.5,25080.187100339554,982.703484322856,24572.91720726583,904.6849563724932,25479.461889677303,804.1400271190253,86.86938550601785,6.271472601148328,92.42244505496042,3.943968302597835,0.007556577468994424,-0.010752173409092399,
294.0,25123.61447955555,985.8521432703882,24615.25102388132,907.0643594809426,25490.640010723004,804.3932119354508,86.84013135795308,6.323163188980286,91.97710323473532,3.944566720299182,0.008313398137413039,-0.010691163620531564,-8.108541417212805
294.5,25167.02711378627,989.0261517145392,24657.56204815723,909.4677792648927,25536.62021781209,806.378312765821,86.81040556493399,6.372870587623538,91.94372512160949,3.9958366011813546,0.009501455974887128,-0.010409630499467042,
295.0,25210.42476947293,992.2244859265893,24699.850610778747,911.8866797025779,25582.585527056548,808.3781816645728,86.78021718172508,6.420466260577064,91.91751185622181,4.0036389938264,0.009275894594099828,-0.009325334103562746,
295.5,25253.80721761936,995.4460583768673,24742.120779682577,914.3100064282235,25628.54000639308,810.3817642659316,86.74957540400032,6.465823540535016,91.90040548991357,4.010691411608861,0.009313155829025276,-0.009522208102686737,
296.0,25297.174233861744,998.6897187960604,24784.36915402074,916.7495213361021,25651.136597610555,811.4159265367041,86.71848956554204,6.508818136237615,91.58015129140023,4.036306068848818,0.009554595658229711,-0.008575621141642646,-5.916470354463947
296.5,25340.52559853698,1001.9542554886032,24826.59656818998,919.2163367129107,25696.92303895025,813.4469192281991,86.68696913539777,6.549328633933208,91.56561406738987,4.087664697131418,0.010883393703741615,-0.008328977815542898,
297.0,25383.86109674958,1005.2383968948985,24868.81283283798,921.7028627381626,25742.705510356136,815.4968385146408,86.65502371499588,6.58723699124862,91.56427155615526,4.112012448635067,0.011180960331439362,-0.008664121526080272,
297.5,25427.180518437133,1008.5408133980345,24911.01704211273,924.2014425731187,25788.4831059762,817.55802755729,86.62266303522088,6.622429021295197,91.54611092409922,4.132743721961623,0.010169238755729131,-0.007514879432919558,
298.0,25470.4836584343,1011.8601193695778,24953.201149101493,926.71076539637,25814.191785248302,818.9381715767582,86.58989695344933,6.654794864877968,91.27056928989522,4.125634851398595,0.010360848890134344,-0.008397140443193903,-4.212735349916166
298.5,25513.770316535298,1015.1948754479785,24995.364515968566,929.2334927373325,25859.821725598387,821.0088003544777,86.55673545054712,6.684229448724801,91.24919211043881,4.156880259478941,0.010401515603789954,-0.00776212590621416,
299.0,25557.040297554893,1018.5435910420875,25037.512927776603,931.7664753984219,25905.443557874554,823.0888344073715,86.5231886278293,6.7106329277112176,91.23813699422723,4.16325595209632,0.01074180084325215,-0.008375371549130364,
299.5,25600.293411387844,1021.9047270512964,25079.6481516766,934.3012579350636,25951.059049227802,825.1698182908654,86.48926670398305,6.733911109124336,91.22382841876565,4.1606795818795135,0.011343632856664624,-0.00811793383806283,
300.0,25643.52947306683,1025.276698792849,25121.771876782906,936.8393211354685,25971.530519443964,826.5605465771263,86.45498001195496,6.753975857085914,90.91471905453122,4.138460853064993,0.01140924671492274,-0.008551830123028216,-3.151650170759569
300.5,25686.748302818767,1028.6578791259553,25163.881710213704,939.388416120119,26016.98169877748,828.6368396037371,86.42033899580358,6.770745475339394,90.88999827952372,4.166711253378631,0.011932798700074467,-0.00814366825163297,
301.0,25729.949726119597,1032.046601761465,25205.97533868326,941.9445308575924,26062.423099798743,830.719213482519,86.385354207518,6.784145066698771,90.87560580553094,4.162784261748412,0.011764001181440224,-0.008318550813996413,
301.5,25773.133573747426,1035.441164745029,25248.06050406667,944.5071962677811,26107.86246438285,832.8071991333638,86.35003630380365,6.7941068675576,90.88185253090248,4.189158341630973,0.01151417192596545,-0.008409331602954859,
302.0,25816.299681834087,1038.8398341009095,25290.13636638298,947.0790304566041,26168.809344138128,835.2580827477832,86.31439604283611,6.80057055596417,91.05321542476786,4.2185650342432135,0.011367732826537726,-0.0074983304453495785,1.923570279395499
302.5,25859.447891915042,1042.2408476228711,25332.197943501054,949.6484412259397,26214.332662308272,837.3623963389207,86.27844428098415,6.803483531883161,91.0400572558029,4.198689330306567,0.011532940025207293,-0.0061320970738471,
303.0,25902.578050977667,1045.642418797938,25374.244216613977,952.2011377538391,26259.847364937345,839.4491162923039,86.24219196950268,6.802801168384644,91.01875326047617,4.148190483226277,0.012271425928184244,-0.006365195386280526,
303.5,25945.690011507842,1049.042740848191,25416.27728507311,954.743501979971,26305.355551376706,841.5246245476015,86.20565015119698,6.798487032627414,91.01399249696296,4.153842537964396,0.01283766906219784,-0.005902210632984994,
304.0,25988.78363153491,1052.4399908752564,25458.30185440306,957.2821950002524,26336.249123233465,843.3897007196446,86.16882995705888,6.790513075634824,90.83258512928309,4.10809119185575,0.013794243230687505,-0.005928233208510008,1.1655212549999718
304.5,26031.858774674893,1055.8323340916643,25500.309985885862,959.8130923940836,26381.656162626674,845.4410057359811,86.1317426028762,6.778859789997,90.79557244355007,4.097128873490548,0.014392037047658806,-0.00570698015917038,
305.0,26074.915310172066,1059.2179281228568,25542.29972307079,962.3355940580187,26427.051247660915,847.482977280751,86.09439938581632,6.763516334772872,90.78476769341515,4.070757305589095,0.014288566711507663,-0.006170087747969708,
305.5,26117.953112938765,1062.594927363302,25584.28245158076,964.8406819589253,26472.445763959106,849.5065973208219,86.05681168098488,6.744480627008298,90.7932974993387,4.023722854694615,0.013400163584683357,-0.0067986520939696034,
306.0,26160.972063593505,1065.961487369912,25626.258725120864,967.3233975982853,26505.004576856372,851.3541620983395,86.01899093796091,6.721759399431984,90.6265178963054,3.9565484735773806,0.013526199534561602,-0.00645355235484131,2.9762640194898036
306.5,26203.972048497322,1069.3157692757795,25668.219402775107,969.7833197840413,26550.310716976655,853.3202286488803,85.9809486773091,6.69536822403836,90.59804258482245,3.907717728585386,0.013605874474118686,-0.006000885639279026,
307.0,26246.952959788418,1072.655944207143,25710.163448346906,972.2210669388171,26595.606444226694,855.263126663836,85.94269648707058,6.665331501415314,90.58486641532525,3.863874331237821,0.014173016001161127,-0.005375716329413147,
307.5,26289.914695414995,1075.9801976864528,25752.0964191502,974.6345893164311,26640.897315920425,857.1808063970254,85.90424601923304,6.631682415824094,90.57862035960113,3.8068446015196975,0.014403115141061655,-0.0053138808577846966,
308.0,26332.85715916635,1079.2867340044559,25794.01270687154,977.0251793223243,26681.602150193063,859.0208129349087,85.86560898618148,6.5944628561881045,90.4862089991814,3.7599385831852605,0.014468882165354024,-0.005403860958611449,5.461022725639121
308.5,26375.780260702177,1082.573780544327,25835.903738778437,979.3955641125183,26726.835080618115,860.8892410965341,85.82679715713044,6.553723303296051,90.44551270103678,3.7137740633163485,0.014236748248367735,-0.005179833266940105,
309.0,26418.683915580095,1085.8395920410692,25877.777629835466,981.7387336554843,26772.057009749275,862.7294387992087,85.78782235453903,6.509522683672301,90.44220382359495,3.647016747381965,0.014480792954065545,-0.0050191685041731104,
309.5,26461.568045281358,1089.0824547596656,25919.64125271699,984.061161699892,26817.2748102609,864.5478797916019,85.74869645050968,6.461928190712734,90.42899822290796,3.626747222190778,0.013627806975284533,-0.00488393136691523,
310.0,26504.432577234777,1092.3006905758004,25961.493457836983,986.3624582876901,26827.62198877619,865.885975352924,85.70943136317177,6.411015073827167,89.98484755235556,3.4891919042795427,0.013976615665916663,-0.005378311180896187,4.21312544433881
310.5,26547.277444838834,1095.4926609433744,26003.3353809292,988.6351100888592,26872.611939356328,867.6179003836844,85.67003905305128,6.356866396468902,89.97495476818793,3.4385082187618896,0.015452546005792276,-0.00519399651269251,
311.0,26590.102587481953,1098.6567707335084,26045.16881776265,990.8768839018347,26917.598928174433,869.3177517944044,85.63053151942748,6.29957276406762,89.97300050424005,3.3608974241185354,0.016477611425783748,-0.005033281597189459,
311.5,26632.90795056098,1101.7914719302787,26086.99659308578,993.0861545812304,26962.585779978956,870.983904439698,85.59092079667782,6.239232023012938,89.97440671386148,3.3037131570557325,0.01569008624424779,-0.004226299088633232,
312.0,26675.693485497803,1104.8952671690224,26128.81142889217,995.2711595922196,27017.728194927495,872.8456946596049,85.55121895061217,6.175948931962003,90.07187400082431,3.2823598554643554,0.01581796877047216,-0.004132295411070422,10.314139478219298
312.5,26718.459149754155,1107.9667131037293,26170.611733350925,997.4304724833913,27062.76298288066,874.4711816210149,85.51143807479744,6.109834806864922,90.06727781184247,3.219587990175612,0.016104152106829524,-0.003919526829306489,
313.0,26761.204906844574,1111.0044235907494,26212.402051683493,999.5650831648153,27107.79349166687,876.0708298445397,85.47159028687376,6.041007141216035,90.05475733298731,3.1790049039236377,0.016525791264830787,-0.004580773987996194,
313.5,26803.930726347506,1114.0070726768402,26254.181784623932,1001.6752700347736,27152.81912202018,877.6449177284613,85.43168772486337,5.969589203146628,90.04776408024883,3.1173466317627656,0.016232470358260524,-0.004653650601166863,
314.0,26846.63658391459,1116.9733973803957,26295.95088417721,1003.7470058353751,27178.918810010833,878.6539776267877,85.39174254347319,5.895709611075047,89.79342547363517,2.9724594653563656,0.016585699663144087,-0.00556870349342512,9.172860739025017
314.5,26889.322461278054,1119.902200255595,26337.709106279497,1005.7871734543438,27223.813357784235,880.1316156005171,85.35176691039243,5.8195018897229795,89.78476561997606,2.9380924295611894,0.01689572570210742,-0.00573604688847143,
315.0,26931.988346256298,1122.7923517301238,26379.45129199079,1007.7967011782468,27268.697230953083,881.5773569937784,85.31177300258618,5.7411040083914395,89.7507270554249,2.844873143483898,0.017335365129170933,-0.005327139678275254,
315.5,26974.63423275759,1125.6427922080884,26421.170284805907,1009.7602635068641,27313.563273012194,882.9758763063512,85.27177300258617,5.660657903466343,89.71344118101227,2.74920410680748,0.016733667102874966,-0.005628421380386764,
316.0,27017.26012078193,1128.452533930753,26462.86403211765,1011.6740698977983,27364.026090248914,884.5600636492683,85.23177909477992,5.578308987191234,89.74386246084168,2.6573356452040153,0.01661559620276692,-0.0061944314340835315,13.566813038501586
316.5,27059.86601642105,1131.2206625887516,26504.54054020088,1013.53840427697,27408.89675860562,885.8651181498894,85.19180346169917,5.494205644803292,89.7388109659884,2.5628823572805133,0.016649393944749655,-0.0056140719434881825,
317.0,27102.45193185655,1133.946338680497,26546.213755793546,1015.3619860818826,27453.769600898253,887.1282034133841,85.15185828030899,5.408498722178076,89.75255820454633,2.4894586966980574,0.01702842782887119,-0.00642895342101627,
317.5,27145.017885356203,1136.6287986125838,26587.88123787259,1017.1381322285505,27498.642176103756,888.3426363557668,85.11195571829859,5.321341006168262,89.73774261745774,2.3682730728328423,0.016906786571343563,-0.007086958387197774,
318.0,27187.56390126837,1139.2673555390886,26629.534662071703,1018.8598026817223,27556.27519066651,890.2523300668322,85.07210793037491,5.232886699851707,89.88572903379692,2.3096400076139796,0.016465946541610762,-0.006663397149248341,16.404703490054384
318.5,27230.090010014606,1141.8613999377828,26671.17063801212,1020.5302961322158,27601.211082533468,891.3802030819745,85.03232705456018,5.143290894924498,89.857838434021,2.201852052955091,0.015878406419791036,-0.006502346160399932,
319.0,27272.596248080372,1144.4103999223853,26712.79601109426,1022.1486790475158,27646.142081219812,892.4548503520238,84.99262520849453,5.052709043484986,89.86615631135908,2.0967370272418155,0.01614054264717827,-0.007064003585019445,
319.5,27315.082658003932,1146.9139012911203,26754.415136713375,1023.7130288936218,27691.07254212081,893.4743493429793,84.95301448574487,4.961296431455227,89.85568729263822,1.9812589365802629,0.017266154809819932,-0.007682846915859781,
320.0,27357.549288363396,1149.3715273129533,26796.023517639216,1025.2203170790508,27750.324381966624,895.6086048439018,84.91350695212107,4.8692076558767265,90.03712937645692,1.9197419730056382,0.016507504295604606,-0.007592503930996487,18.72028608461571
320.5,27399.996193761926,1151.782978253997,26837.620209097764,1026.6769929067834,27795.339524679002,896.5461196065919,84.87411464200058,4.776596108297931,90.02344147305868,1.8303170777546371,0.016056314157878566,-0.007518273167804112,
321.0,27442.42343481109,1154.148030647682,26879.204654055826,1028.086139149278,27840.348410674265,897.4351175658886,84.83484955466267,4.683613466441615,90.01210250799264,1.7256747594323123,0.015039317999817604,-0.006602675885556449,
321.5,27484.831078112413,1156.4665363133677,26920.770190064002,1029.4474157495988,27885.344377503014,898.2752586648564,84.79572365063332,4.590409196301379,89.97176480700102,1.634889636438661,0.014459969064104423,-0.007560987458493356,
322.0,27527.21919623708,1158.7384211291348,26962.312710427082,1030.7680101841995,27919.430680760153,897.830219668134,84.75674884804191,4.49713006676797,89.79570525789117,1.5092936659005833,0.014267028877791412,-0.008201069539374963,17.54114079176148
322.5,27569.587867703838,1160.963683565534,27003.839065650467,1032.0460589494542,27964.325189598618,898.5602513058358,84.71793701899087,4.403919678828373,89.78233009596323,1.4108328849070793,0.013936415023686777,-0.007437051371753922,
323.0,27611.93717695507,1163.1423929880696,27045.3468423448,1033.2739499880831,28009.206889950146,899.2390271770098,84.67929998593931,4.310918011313787,89.74447131014826,1.3042705997893405,0.013592601665020378,-0.008315227524464858,
323.5,27654.26721433108,1165.2746877371724,27086.83640936772,1034.4524069613706,28054.076150672372,899.8672709429402,84.64084951810177,4.2182609850970625,89.73257157875098,1.2087044639324298,0.013468362607358663,-0.00811370645663991,
324.0,27696.578076042573,1167.3607729953358,27128.304172188695,1035.5814374458541,28080.618105302136,897.5165038984652,84.60259732786325,4.126080047556208,89.42452394752893,1.0022375602937885,0.013593044486253076,-0.008683648489959176,18.143886276720654
324.5,27738.869864141343,1169.4009184519819,27169.743469652807,1036.6562201043744,28125.320539162454,897.9888018866703,84.56455506721144,4.03450177902859,89.38521149375421,0.8869543925268444,0.0132238629312714,-0.008838959672064927,
325.0,27781.142686489195,1171.3954557774593,27211.15997671817,1037.6808972329463,28170.005568614797,898.4096804633884,84.52673432418747,3.943647522880869,89.35490631561646,0.7965599143458182,0.013167115030039441,-0.00877346997476323,
325.5,27823.39665672508,1173.3447759183578,27252.558600679,1038.6670193106513,28214.678100953373,898.7906901077008,84.48914661935603,3.8536330407129458,89.33522303869273,0.7274786629037328,0.013042972697825034,-0.009350419943103656,
326.0,27865.631894230493,1175.2493262270611,27293.947024327645,1039.6187935666555,28245.424136696725,896.0676328505108,84.45180340229615,3.764568194100729,89.13492955243164,0.5621794887432963,0.012661176783387457,-0.008690751684010919,20.25351490795175
326.5,27907.848524093097,1177.109607439127,27335.324363087326,1040.5288885665734,28289.98564311934,896.3240247975792,84.41471604811348,3.676556654162937,89.11109613801771,0.46338829953027233,0.013801244442186826,-0.008624934491265213,
327.0,27950.04667706862,1178.9261705126958,27376.685102737756,1041.3970624633873,28334.53563050828,896.5369896598914,84.37789585397537,3.5896956401118314,89.08885341773005,0.38847114971818253,0.014141545825666213,-0.0085960123912332,
327.5,27992.226489541034,1180.6996133446783,27418.033296946065,1042.227345302715,28379.078152530667,896.7105574830653,84.34135403566967,3.5040756878174384,89.08123467182087,0.3058001429771067,0.013732689516924973,-0.009186103708080373,
328.0,28034.388103481,1182.4305773789526,27459.373832512294,1043.0172230725816,28442.42239844036,902.4892479128571,84.3051017241882,3.4197804492799375,89.36037615963508,0.37190217946453863,0.014351536664000178,-0.009792631484771722,27.265302135761104
328.5,28076.531666402632,1184.1197441222143,27500.70283101724,1043.758716783247,28487.097021942234,902.6467058447312,84.26914996233624,3.336886523766131,89.33811784784238,0.25792954803161366,0.013645398528282136,-0.009669176100478148,
329.0,28118.65733131856,1185.7678315834619,27542.014492835533,1044.4481222503434,28531.7598258885,902.7508767185176,84.2335097013687,3.255463321223853,89.31309793721438,0.1587539471139423,0.013240996840838532,-0.00903161233721747,
329.5,28160.765256693317,1187.3755906533788,27583.31372859443,1045.0893402562172,28576.41572090641,902.805661316563,84.19819179765435,3.175572958443487,89.31048213442628,0.06038444506805152,0.013732159089589921,-0.008472219215852173,
330.0,28202.85560639507,1188.9438014400619,27624.6000579301,1045.6831934606137,28626.476008895217,905.0411546998637,84.16320700936878,3.0972701882890705,89.36882520953314,0.018592491511031033,0.013699344383541229,-0.007889190362406612,27.230861394495566
330.5,28244.928549645716,1190.4732695776777,27665.86031511595,1046.2280015757972,28671.146669332433,905.0242317040381,84.12856599321739,3.020602362173415,89.31381653932797,-0.08628447481315465,0.014583142268507411,-0.00854090225347278,
331.0,28286.98426096932,1191.964822524672,27707.0994831221,1046.7267614734535,28715.80189274046,904.960168519499,84.0942793011893,2.9456094258029664,89.30707709279092,-0.1699682633437542,0.014010412674960188,-0.008618783955154738,
331.5,28329.022920138952,1193.41930586814,27748.32375447142,1047.1855825857356,28760.44787164218,904.855074578399,84.06035737734305,2.8723239480693827,89.27683851409661,-0.2504075010563023,0.013614240818136895,-0.00853202495915875,
332.0,28371.044712121944,1194.8375796508617,27789.533972760513,1047.6029434045408,28792.515547232564,897.5194684356507,84.02681055462523,2.8007711828167214,89.06181283102798,-0.5003574373047996,0.013251314890114258,-0.007015793884427854,25.40584049344447
332.5,28413.049827023533,1196.2205147373325,27830.73111940984,1047.977195612607,28837.039703660637,897.2473777529179,83.99364905172303,2.730969163066347,89.03481288125775,-0.5880052936263407,0.0130034438614281,-0.007946275765107272,
333.0,28455.03846002895,1197.5689892348832,27871.909393626036,1048.3071753990312,28881.55029627964,896.9296150025772,83.96088296995147,2.6629288271368448,89.00755759476206,-0.6830457077368056,0.0135034677406064,-0.008187597346253087,
333.5,28497.010811343982,1198.883884985656,27913.070907537058,1048.6007515439694,28926.04943721753,896.5740489647843,83.92852229017647,2.5966541759540314,88.98900615679334,-0.7392184434350486,0.012837860462902015,-0.008225133996593382,
334.0,28538.96708613397,1200.1660841448213,27954.219667391433,1048.863885769217,28952.90596850723,881.9755505441367,83.89657686977458,2.53214246070718,88.65337462486717,-1.1048249909274097,0.012481970446084604,-0.00762596888336189,25.19775920797329
334.5,28580.90749446132,1201.4164658599664,27995.361796103047,1049.0941052843527,28997.233869728916,881.4063466218814,83.86505643963031,2.4693843998724816,88.65823026186872,-1.1719906980934132,0.011752203333498086,-0.00720655338616352,
335.0,28622.83225122152,1202.635903066058,28036.495114475674,1049.2898378949599,29041.557726945386,880.8007052442397,83.83397060117203,2.408364424494148,88.63719860400356,-1.2505748124736458,0.012183553921656005,-0.007437195859277079,
335.5,28664.74157607767,1203.8252594098037,28077.61384505343,1049.4499370066098,29085.871762700757,880.1574798167828,83.80332882344727,2.3490609504879707,88.61894441748093,-1.322326897353901,0.01273492680943414,-0.007243280374830273,
336.0,28706.63569339359,1204.9853863165788,28118.71659288124,1049.5842221887126,29131.399714279934,880.9275120571789,83.77314044023836,2.2914466766121984,88.61785463037033,-1.3336194698030814,0.013049733908579577,-0.007060498620764625,31.53075143968191
336.5,28748.514832165452,1206.1171202123912,28159.808345245823,1049.69455876639,29175.709087444942,880.2446551962776,83.74341464721927,2.235488906636775,88.61963802965387,-1.3978079738019196,0.013055661785133841,-0.006224819646517684,
337.0,28790.37922595205,1207.2212799125841,28200.890091343237,1049.7668831659973,29220.013264896,879.5218867466458,83.7141604991545,2.181149894134821,88.59707177458044,-1.4932658247250055,0.013358860790124761,-0.006830090790825191,
337.5,28832.229112803623,1208.2986641881728,28241.960908134974,1049.798999099077,29264.311323594604,878.7570104198254,83.68538690714095,2.1283872082202113,88.59516301983619,-1.5662394825564783,0.014049204628585948,-0.007903994482513579,
338.0,28874.064735189382,1209.3500495198437,28283.024457366115,1049.802306659811,29316.46913193452,892.6919448838955,83.6571026358935,2.077154118462667,88.78679515988475,-1.3458418144609392,0.013495414737800382,-0.008014320606135236,36.34826564521655
338.5,28915.886339923625,1210.3761880487411,28324.076142869155,1049.7833980017608,29360.857637178233,892.007613539635,83.62931630107514,2.027399997127299,88.76722581497263,-1.391483562580809,0.013698277483463705,-0.007515841232717791,
339.0,28957.69417809056,1211.3778057322254,28365.11489295578,1049.7405005342086,29405.238379598686,891.297875622944,83.60203636667264,1.9790707368094829,88.7557438668374,-1.447468104182942,0.013784979383153003,-0.00777785778595067,
339.5,28999.488504967838,1212.3556007117948,28406.14132325043,1049.6688536738868,29449.611974820324,890.5579705505554,83.57527114241829,1.9321091814685392,88.73863701971372,-1.5121521853716315,0.0138930927587349,-0.007550796646329522,
340.0,29041.26957994876,1213.3102418993633,28447.153801162312,1049.5750897736984,29485.89963557318,860.8910491938391,83.54902878125867,1.8864555688053326,88.42620790337995,-2.045022650166935,0.014315926539906373,-0.008510510825387866,29.163174889871534
340.5,29083.03766646329,1214.2423677870347,28488.148313603808,1049.4722969239513,29530.104166068355,859.8650165541706,83.52331727687121,1.8420479818797901,88.39191407731624,-2.0591079085072184,0.013923877112473287,-0.008121477990384957,
341.0,29124.793031897814,1215.1525854844608,28529.133054232403,1049.3588464488816,29574.30353002955,858.8260317570595,83.49814446122922,1.798822807824719,88.40554176746183,-2.09683127993687,0.012459654933343434,-0.00730883724683136,
341.5,29166.535947513676,1216.0414699867877,28570.11091963064,1049.2287321145577,29618.500624039298,857.7680885685743,83.4735180022162,1.7567152014823413,88.38283427153189,-2.1349414740037,0.012334307204808506,-0.007106786743492617,
342.0,29208.266688364554,1216.9095636751006,28611.079985901993,1049.0748872352956,29662.44745325351,853.3068646705971,83.44944540129012,1.7156595517697926,88.3636225548609,-2.257055513362262,0.011700815946109508,-0.007261713235980676,35.604071171984046
342.5,29249.985533212675,1217.7573760501855,28652.04819532152,1048.8959500026742,29706.63150363175,852.1673997476063,83.42593399119842,1.6755899485695473,88.37257895809809,-2.3008041786008246,0.011793738163746535,-0.008020743343211208,
343.0,29291.69276444391,1218.585383699313,28693.009091280277,1048.6940115975049,29750.81279322762,851.0025435012046,83.40299093374438,1.6364406479403744,88.35257942536484,-2.358620807005911,0.010936391005034622,-0.008047313103430506,
343.5,29333.388667981748,1219.3940304946616,28733.962108481748,1048.4655420157214,29794.99075674459,849.8087659273259,83.38062321760555,1.5981465334539895,88.35927464252481,-2.4164894885088586,0.010979804418026679,-0.008448774913714938,
344.0,29375.0735332002,1220.1837280208956,28774.913727783463,1048.2113354024082,29839.638631934773,843.6315405290492,83.35883765620494,1.5606435714820273,88.33932611662439,-2.550082718241571,0.011535143371699388,-0.008473529000136074,37.05767722760169
344.5,29416.74765283566,1220.954856228338,28815.86412966121,1047.9423989094707,29883.81011885922,842.3529732794501,83.33764088563561,1.5238692582871942,88.34662158115565,-2.564186280154519,0.010883210555717655,-0.008146574804018774,
345.0,29458.41132289773,1221.7077643071127,28856.809619615025,1047.6626279015845,29927.981185710243,841.0610496200235,83.3170393626392,1.487763056811378,88.33764582294293,-2.6035083575519593,0.011613243163221801,-0.008005277514265764,
345.5,29500.06484257905,1222.442771776591,28897.75060918798,1047.3613782323387,29972.152244030913,839.7451254043588,83.29703936263921,1.4522668211018743,88.34658745974367,-2.6601885051072505,0.01159755234467948,-0.007177410188826539,
346.0,29541.708514164166,1223.16016978346,28938.689296520402,1047.0368144782096,30011.57796010148,858.77272817626,83.27764697782936,1.417325206374563,88.41498777552633,-2.3945678454875914,0.011208569773742136,-0.006403958744178667,42.15519553921248
346.5,29583.342642937456,1223.8602226007488,28979.62064168362,1046.6850593928893,30055.782746374818,857.5576523737654,83.25886811531792,1.3828860627795376,88.40415731782201,-2.465735364490123,0.010989313430854063,-0.00656222367271847,
347.0,29624.96753709012,1224.5431693191963,29020.541698675792,1046.304326366168,30099.981930137714,856.3115875418836,83.24070849532835,1.3489008110100713,88.39257773375812,-2.5185239630370946,0.011478211013651431,-0.00724618512815676,
347.5,29666.583507626317,1225.2092257214438,29061.454678224618,1045.895799133642,30144.177722117867,855.0357174162111,83.22317364945678,1.3153247979795648,88.39059018685282,-2.5849565396529113,0.011889459001259447,-0.007284981408847966,
348.0,29708.19086826843,1225.8585863286594,29102.363223862172,1045.463727705216,30187.784452148775,855.4533697935191,83.20626891898715,1.2821176308828732,88.39685002268872,-2.5952671007191173,0.011839997137472497,-0.008120121525820777,41.438610866085156
348.5,29749.789935361492,1226.4914266083947,29143.269966751428,1045.0150521137969,30231.985017731982,854.1460885926409,83.18999945326412,1.2492434880577403,88.4054123101408,-2.6338577027935073,0.012995773741638527,-0.007821592970719089,
349.0,29791.38102777684,1227.1079053317012,29184.178335052784,1044.5437821846601,30276.19190697913,852.8142428875151,83.17437020812456,1.2166714051685514,88.42214467845874,-2.6935251177098336,0.01288673330719958,-0.007275187088973539,
349.5,29832.964466814967,1227.7081670668304,29225.09007928498,1044.0513816224325,30320.406870408955,851.4592963827687,83.15938594438792,1.1843755353477516,88.4377090408452,-2.7262609012756456,0.013483242707385327,-0.006984524793151703,
350.0,29874.540576107665,1228.2923447961798,29266.00822143902,1043.5437627454446,30374.739602097783,827.1612221535396,83.14505122640611,1.1523353820495632,88.45308462170672,-3.0912023595138614,0.012779377460395643,-0.007648026534070875,40.30428435094364
350.5,29916.109681519436,1228.860562642566,29306.9225085853,1043.010604756718,30418.959721141884,825.5968568321697,83.13137042067308,1.1205360034955523,88.42739155468854,-3.1662589259661305,0.012976310658815226,-0.007852874578473125,
351.0,29957.672111048225,1229.4129386903703,29347.826157527463,1042.4501384167909,30463.17377737823,824.0026941955826,83.11834769449479,1.0889681877215656,88.42883339069543,-3.2103916203821097,0.012069705468853118,-0.0076991254984981996,
351.5,29999.22819472553,1229.9495878866433,29388.718433500577,1041.8699992864001,30507.381036041887,822.3863698045151,83.10598701471979,1.0576285973699977,88.4002012639255,-3.254905943887995,0.012230743751256948,-0.007359074777556568,
352.0,30040.778264515844,1230.470625006863,29429.59775832254,1041.270731023909,30551.011281281553,821.8177170858403,83.09429214653088,1.0265198835096783,88.3946544522619,-3.282003856093071,0.011762404500449585,-0.008056675202612495,44.24384809298957
352.5,30082.322654215553,1230.9761676697171,29470.479748163063,1040.64950462039,30595.217068532937,820.1627690724353,83.08326665229819,0.9956507679072422,88.42849455327028,-3.3377881975269923,0.010939520403088931,-0.008329985841117115,
353.0,30123.86169935125,1231.4663393850235,29511.368805753136,1040.0086298200983,30639.434502704702,818.4857067071326,83.07291389049409,0.965036093318035,88.44124213378637,-3.370461263683482,0.009985156494618466,-0.008174285696960552,
353.5,30165.395737077542,1231.9412726187306,29552.254565406834,1039.3480279214318,30683.65321811092,816.78645128833,83.06323701467011,0.934696841510783,88.43361949109773,-3.426560411527091,0.009351748604530022,-0.007609677945035307,
354.0,30206.925106074334,1232.4011118588303,29593.137684089477,1038.668505506028,30723.157587487898,822.885457591938,83.05423897249635,0.9046601188877368,88.43659071244086,-3.350324513684622,0.009007541738257907,-0.007671168237371818,46.339575566637
354.5,30248.450146443673,1232.84601666598,29634.024829778984,1037.9692114891632,30767.380653359134,821.1954999303009,83.04592250486364,0.8749591097101451,88.45567277250441,-3.409506132863703,0.009535272813959671,-0.007625070773414872,
355.0,30289.97119960615,1233.2761646926792,29674.908407899387,1037.2469140708915,30811.604747227637,819.4802338459104,83.03829014504858,0.8456329970870492,88.44070270149471,-3.4515582046980384,0.008644785529945445,-0.007186257022928785,
355.5,30331.488608196898,1233.6917546549594,29715.78358231283,1036.5123191731527,30855.825032955545,817.7503652607064,83.0313442179419,0.8167268520328582,88.44044021012907,-3.467916136117991,0.008589290232982907,-0.007462283701578743,
356.0,30373.00271596122,1234.0930092407289,29756.66433066332,1035.7668966189285,30893.842599145606,825.3691896150103,83.0250868393403,0.7882914910452984,88.45897645399515,-3.3807707824065365,0.0071583315286950205,-0.006962289268919132,47.922797955687585
356.5,30414.51386764988,1234.48017793919,29797.54811559593,1035.0061942017267,30938.06948853492,823.6703549667646,83.0195199153019,0.7603833027994752,88.44858110325578,-3.4145678105762993,0.007569228900887748,-0.0059277329109675685,
357.0,30456.022408914097,1234.8535397760636,29838.427311010382,1034.2330450781237,30982.29639225261,821.9569534553822,83.0146451415657,0.7330640446953054,88.45903376751482,-3.439038234953825,0.007463888926881729,-0.0056112990756698,
357.5,30497.528686200247,1235.2134059397708,29879.304161771248,1033.4449835313565,31026.525555163265,820.2265193640993,83.01046400303498,0.706400610133822,88.4576178750954,-3.4826981301774698,0.007225377464036454,-0.005583579270473592,
358.0,30539.033046644337,1235.5601222841872,29920.173981428085,1032.6457628583976,31065.05973273529,826.423104700222,83.00697777332508,0.680464767532212,88.42470642203571,-3.39005659147566,0.007145310439118151,-0.005663912203975424,49.23290859866587
358.5,30580.53583796626,1235.8940716941245,29961.036717573337,1031.8402309370942,31109.271678860605,824.722084691255,83.00418751437532,0.6553328722173191,88.42307807922678,-3.414023444392464,0.006362571085046815,-0.005040790139852389,
359.0,30622.037408363885,1236.2156763002945,30001.89765750227,1031.0208609115728,31153.48643120606,823.005257186793,83.0020940761256,0.6310855524621432,88.43593130258897,-3.4532865734553115,0.00635294482940186,-0.004899020192955025,
359.5,30663.53810640698,1236.5253995311723,30042.75156651538,1030.1866189770144,31197.698755072142,821.2715883820175,83.0006980962575,0.6078073710490244,88.41336416172648,-3.481388645646638,0.0063761075472609265,-0.0037489296505863407,
360.0,30705.038280931043,1236.8237479898987,30083.593046967093,1029.3483339048805,31239.392108454063,822.8134591699582,83.0,0.5855864638562054,88.39236082381433,-3.4361018429800647,0.006622170226440769,-0.0043441843107300225,50.26667127499249
360.5,30746.538280931043,1237.1112731451303,30124.431302168265,1028.5080581914528,31283.591848532033,821.0904652287713,83.0,0.5645141570707854,88.406599488069,-3.4558739217673535,0.007798227487899425,-0.004041110814872891,
361.0,30788.03845545511,1237.3885728255807,30165.27364619043,1027.658957319034,31327.800276148304,819.3567367414556,83.0006980962575,0.5446845647302485,88.42711097702083,-3.4790400274955684,0.008157440813157321,-0.003373797048543228,
361.5,30829.539153498205,1237.65629250886,30206.123263497575,1026.7963133039175,31372.020575766852,817.6075557243048,83.00209407612559,0.5261941683863253,88.45408749717255,-3.5176840411077137,0.008257164092087252,-0.002609039386448445,
362.0,30871.04072389583,1237.9151263961485,30246.976500180463,1025.91898521329,31425.32945122563,804.6388556154968,83.0041875143753,0.5091413807685128,88.50850500488899,-3.6830798996493415,0.007897598145799654,-0.002421939597348774,50.56698632690877
362.5,30912.543515217752,1238.1658182651906,30287.834309587335,1025.0315623642475,31469.59141252619,802.7921452541715,83.00697777332506,0.4936260953997523,88.53934019736036,-3.7037615456519206,0.007749590593626127,-0.002182299615707404,
363.0,30954.04787566184,1238.4091620950862,30328.711479420974,1024.1400313093027,31513.877355610508,800.9392198494185,83.01046400303497,0.4797492241832305,88.60443213990132,-3.7079400733599193,0.00892330301433251,-0.0022255255552242476,
363.5,30995.55415294799,1238.6460024573912,30369.594215530262,1023.2445795701575,31558.17348632747,799.0802669229402,83.01464514156568,0.46761222503669825,88.58009072793458,-3.727871632553666,0.009204291654259813,-0.0025078216142269474,
364.0,31037.062694212203,1238.877234669075,30410.465763379078,1022.3495939932725,31591.17711674255,810.3999971965943,83.01951991530188,0.45731662169885745,88.51324523686544,-3.5561369852253706,0.009305107145840073,-0.0014203178560369377,53.406480778492586
364.5,31078.573845900864,1239.1038047039674,30451.33764643079,1021.45526964453,31635.439158309575,808.6172527657627,83.02508683934029,0.44896351787102184,88.53492103123077,-3.574840738101188,0.009714695568844849,-0.002857071954911525,
365.0,31120.087953665185,1239.3267088604068,30492.211200452453,1020.558833808385,31679.70745387996,806.830513781398,83.03134421794189,0.4426531078862377,88.53826125030092,-3.5721151993578175,0.010100735939726114,-0.0028054671392407186,
365.5,31161.60536225593,1239.5469931839077,30533.090129636224,1019.6667988019451,31723.98570764586,805.0462925606076,83.03829014504856,0.43848418611722684,88.57475381330602,-3.564769683803932,0.010493677293299886,-0.002467884068617109,
366.0,31203.12641541841,1239.765752644773,30573.973915092818,1018.7817161560041,31728.427478881535,847.9410118403435,83.04592250486363,0.43655365734379,88.33560651873393,-3.0254618974349583,0.010481338750105996,-0.003235891113035693,56.71965376912335
366.5,31244.65145578775,1239.984130071684,30614.85924003612,1017.9005663144727,31772.601008467158,846.4274648325991,83.05423897249634,0.43695605029965967,88.35851182376217,-3.028726133542684,0.010539055264928147,-0.00348176529598171,
367.0,31286.18082478454,1240.203314843411,30655.75973908557,1017.0202540259634,31816.794135135573,844.9136065480934,83.0632370146701,0.43978303660818835,88.41399484990374,-3.026707004479772,0.010348555773073342,-0.0038771935087793716,
367.5,31327.71486251083,1240.4245413418869,30696.67284600354,1016.1444781702363,31861.004292649162,843.4031358665869,83.07291389049408,0.44512295729577245,88.42663520444435,-3.0151757215462336,0.01000586093611757,-0.004613750798587759,
368.0,31369.25390764653,1240.6490871709711,30737.590987985823,1015.2724077950307,31917.75553838217,828.229753114014,83.08326665229818,0.45306035904162095,88.52964128992345,-3.1748935066570265,0.0104348675522022,-0.004737270216558518,54.43136634870337
368.5,31410.798297346235,1240.878271146302,30778.52665553942,1014.3998380124725,31962.0360372202,826.6408749458926,83.09429214653086,0.463675542282518,88.59235406219013,-3.180619165828192,0.011171212485736848,-0.004526475852701653,
369.0,31452.348367136547,1241.1134510626832,30819.479153488635,1013.524155492492,32006.337844625345,825.0475165152611,83.10598701471977,0.4770441232417619,88.61487555839312,-3.1928145566977126,0.011093411863809648,-0.0040269924694579275,
369.5,31493.90445081385,1241.3560212464668,30860.44074010485,1012.6493049895728,32050.653218868985,823.4536225766033,83.11834769449477,0.49323661189273643,88.64662141617168,-3.182761197934025,0.010556650148524385,-0.00396999962576228,
370.0,31535.466880342643,1241.60740990139,30901.413880741475,1011.7820967316817,32077.76309499428,839.8313457947011,83.13137042067306,0.5123180077998216,88.56729641248067,-2.963764597743139,0.011124307056680766,-0.0034084066282311014,57.44705762818525
370.5,31577.03598575441,1241.8690762572655,30942.39795499105,1010.9261674384785,32122.054016054943,838.3557523251937,83.1450512264061,0.5343474157028733,88.59638783016514,-2.9386092802860873,0.011436013942309028,-0.0028881876523825303,
371.0,31618.61209504711,1242.142507531848,30983.38834288188,1010.0857403213365,32166.35564252324,836.8945710466871,83.1593859443879,0.5593776826266688,88.61011804302531,-2.9061158337404436,0.01125255470197083,-0.003686680675978176,
371.5,31660.195534085236,1242.4292157170557,31024.385362055003,1009.2638954137752,32210.66829204021,835.4508819927006,83.17437020812454,0.5874550582038647,88.64048002485093,-2.868640382205816,0.011505417792600862,-0.0027871199791512304,
372.0,31701.786626500583,1242.7307342015565,31065.390932829276,1008.4587851234209,32223.79946214018,865.5526061460946,83.18999945326411,0.6186188797995863,88.45394423422394,-2.4917799343970195,0.012253829187178057,-0.0022245740151053822,59.47491005613683
372.5,31743.385693593646,1243.048614242486,31106.409029932944,1007.6670184555014,32268.037915044213,864.312930640883,83.20626891898713,0.652901283918186,88.49986738190826,-2.4669220864490913,0.011696137638163275,-0.0019562759148900486,
373.0,31784.993054235754,1243.3844212997803,31147.441562965178,1006.8899724261126,32312.295026769636,863.087358976892,83.22317364945677,0.690326945258481,88.52857951979362,-2.4353645695146846,0.01281198280841752,-0.002120734215526091,
373.5,31826.60902477195,1243.7397312472608,31188.48517280916,1006.1372652491832,32356.567438199636,861.8855093680503,83.24070849532833,0.7309128446633806,88.56106620020591,-2.3720338658521007,0.012411321368443862,-0.001884357945006082,
374.0,31868.233918924612,1244.1161264751975,31229.540096373377,1005.4061370553954,32376.795017348122,884.3891744083363,83.25886811531791,0.7746680670838059,88.42700236934206,-2.0914155047250214,0.012754867744029395,-0.0015801948375359517,60.25492214740563
374.5,31909.8680476979,1244.5151918996048,31270.606438222687,1004.6982944778715,32421.016675975698,883.3611791562605,83.27764697782935,0.8215936305457323,88.45963214096136,-2.020565503578169,0.012273869985829218,-0.001041750974040276,
375.0,31951.51171928302,1244.9385108939846,31311.68619414909,1004.0215331708436,32465.25583398908,882.3639947598687,83.2970393626392,0.8716823469736367,88.49699991256173,-1.9681720819890882,0.012689824311496565,-0.0005691004619091116,
375.5,31993.16523896434,1245.387661159624,31352.777217146962,1003.3731546762914,32509.510344382637,881.3949227611407,83.31703936263919,0.9249187155842159,88.52104166167594,-1.908115912923001,0.013059371250983751,-4.716016012580625e-05,
376.0,32034.828909026408,1245.8642105508754,31393.87821778096,1002.7514064655583,32574.309020248285,860.8082617931394,83.3376408856356,0.9812788494215705,88.69588281262345,-2.0749952428315637,0.01454208209069472,-9.789650110386993e-05,58.71081171663612
376.5,32076.503028661868,1246.3697128720958,31434.993552891527,1002.1629123878366,32618.667390853367,859.7922621971938,83.35883765620493,1.0407304354597622,88.73759960770002,-1.9890031409504187,0.015214617814448439,-6.340925254414586e-05,
377.0,32118.18789388032,1246.9057036630986,31476.128692863935,1001.6140856467948,32663.04977547108,858.8153797911386,83.38062321760553,1.1032327285513925,88.79193886315412,-1.9185264832704756,0.01663402959794531,-0.0005660467284338319,
377.5,32159.88379741816,1247.4736959900747,31517.28293174605,1001.1054596018125,32707.4554681493,857.8781479343534,83.40299093374436,1.1687365793522944,88.83083184971605,-1.8304009438706208,0.016860073174924984,-0.00029452975842690757,
378.0,32201.591028649396,1248.0751762589637,31558.457361517314,1000.6396112631462,32700.09053777122,904.5810516142868,83.4259339911984,1.2371844962031888,88.51923512076306,-1.2455375856878446,0.017208902174519466,-9.822006969917633e-05,63.66241829745345
378.5,32243.309873497517,1248.7116000682145,31599.654336909538,1000.2118514605372,32744.36206553102,903.9759524658459,83.4494454012901,1.308510740799967,88.56687591843472,-1.1748590080760077,0.017395326680381934,0.0008965116638155739,
379.0,32285.040614348392,1249.3843881177484,31640.865491981196,999.8207437790234,32788.65164656299,903.4076101513343,83.47351800221618,1.3826414573357173,88.59144820944984,-1.0985102499701809,0.016912034156014125,0.0007034975320537942,
379.5,32326.783529964254,1250.094922190745,31682.0892215077,999.4702720633113,32832.957675642545,902.8800085154587,83.4981444612292,1.4594948346504384,88.63266810876235,-1.0118962935325313,0.01705902004792393,-0.0004549777061604017,
380.0,32368.53889539878,1250.8445412246022,31723.334524609443,999.1585473961046,32887.77564627917,892.9381483216622,83.5233172768712,1.5389813007791684,88.76900429475373,-1.0419553234089933,0.017154783677014614,-0.0009934806384689844,61.36851288337868
380.5,32410.306981913312,1251.6345374870837,31764.60522428697,998.8887291400655,32932.17431123233,892.4419197494032,83.54902878125866,1.6210037491467215,88.8256555178826,-0.942958965627076,0.016544876680813506,-0.0010002624213945905,
381.0,32452.08805689423,1252.46615287325,31805.894303775676,998.6612164687857,32976.59529925022,891.987973950085,83.57527114241827,1.7054577955179435,88.85829655368381,-0.8728242316457171,0.016664838739798855,-0.001674221855218288,
381.5,32493.882383771503,1253.3405753382985,31847.198756637623,998.475032392244,33021.035603894896,891.5753339336864,83.60203636667262,1.792232064677019,88.90292202503751,-0.7777358339488935,0.01656497762823193,-0.002676827629164519,
382.0,32535.690221938443,1254.2589354808874,31888.517758977945,998.3291227304283,33050.13144413208,904.5481613002032,83.62931630107512,1.8812085056784884,88.81874183068466,-0.5748600004827151,0.01648144473525369,-0.0024158245452388693,63.584761407602436
382.5,32577.511826672686,1255.2223032909037,31929.849504850088,998.2267558046213,33094.55011165909,904.2878589126409,83.65710263589348,1.9722627343868446,88.85592827732857,-0.46634954976645904,0.01713654163625971,-0.0018326568137915248,
383.0,32619.347449058445,1256.2316850749758,31971.19963233106,998.1728767883067,33138.99099642923,904.0761960066965,83.68538690714094,2.065264401901431,88.90761080322918,-0.3803020740113661,0.016953211311104367,-0.0009769609403607528,
383.5,32661.19733591002,1257.2880205722886,32012.566624270166,998.1585207120061,33183.452581291815,903.9042076128919,83.71416049915449,2.160077587349396,88.93872864709788,-0.30765150120715556,0.017403464242438743,-0.0014148482342412859,
384.0,32703.061729696612,1258.3921802724815,32053.948695933104,998.1846548389294,33135.7504297602,981.5244096491598,83.74341464721925,2.25656121342219,88.29134919702403,0.5677306945330154,0.017549741843514828,-0.0014449195316396661,68.7221385409967
384.5,32744.94086846848,1259.5449629465697,32095.354253809754,998.262792425516,33179.91195568332,981.8384459762368,83.77314044023835,2.354569482930969,88.35475449543448,0.6884146137747902,0.017310114128608303,-0.0018541434056200644,
385.0,32786.8349857844,1260.7470934009434,32136.781565724887,998.3973194189265,33224.098402026735,982.2100134426033,83.80332882344726,2.453952334563783,88.39103087822735,0.7978552516915707,0.01750180160336928,-0.002838451771165063,
385.5,32828.744310640555,1261.99922046357,32178.221087038197,998.5860856128522,33268.300224150145,982.6369618419508,83.83397060117201,2.5545559159429487,88.41625761541587,0.9099383456982401,0.017511827534205368,-0.0019593338673517613,
386.0,32870.669067400755,1263.301915210557,32219.674966256393,998.8314320612337,33304.746855225094,989.6166702310135,83.8650564396303,2.6562230720049356,88.40267226287486,1.0938795195375506,0.01715712395824831,-0.001210908620431661,65.49267813572321
386.5,32912.60947572811,1264.6556694402227,32261.146129846096,999.1274786197968,33348.95739618891,990.1857916413677,83.89657686977456,2.758793846657766,88.43949159239972,1.182606121879568,0.016359791024077454,-0.0018390361482720397,
387.0,32954.5657505181,1266.0608944007902,32302.636083534515,999.4669095427714,33393.1898369962,990.7995211913156,83.92852229017646,2.862105995612633,88.49027163674282,1.2723120779118928,0.017038874504475006,-0.0010816340178865516,
387.5,32996.53810183313,1267.5179197767527,32344.152841800056,999.8551285234608,33437.452192125354,991.4632625741602,83.96088296995146,2.9659955082374565,88.55914887989265,1.3826534534663202,0.016971913894670277,-0.0014696803097672385,
388.0,33038.52673483855,1269.0269929378721,32385.688069666063,1000.293292641734,33488.20400936382,986.9588950720504,83.99364905172301,3.0702971362406175,88.62608838158422,1.4255264272248007,0.01724878101186488,-0.0016957752246271798,65.44641590994775
388.5,33080.531849740146,1270.5882784536732,32427.23356924607,1000.7789029601335,33532.52609948344,987.6967126352585,84.02681055462521,3.1748449269633356,88.66227209688499,1.5257438256071019,0.017458228757704215,-0.0016411637976966966,
389.0,33122.55364172314,1272.2018578751738,32468.79377280067,1001.3140154905471,33576.8660523314,988.4851920719912,84.06035737734304,3.2794727590391983,88.69753929495216,1.6281739213237922,0.01834436182493935,-0.0021838501839038893,
389.5,33164.59230089277,1273.8677297844758,32510.3739308003,1001.9064837861714,33621.229118378134,989.332186935445,84.09427930118929,3.384014878169315,88.75472489197625,1.7598055324912738,0.01794887025408734,-0.0024263863144138548,
390.0,33206.64801221638,1275.5858101117085,32551.977650669338,1002.5567337082172,33634.87617738377,1014.1051962521653,84.12856599321738,3.4883064307614857,88.56483815418395,2.0949781195107366,0.016942236486949647,-0.0024367068778204212,68.14652738385239
390.5,33248.720955467026,1277.3559327176968,32593.601225085076,1003.2576955593044,33679.16906433331,1015.1786656586942,84.16320700936876,3.5921839931916586,88.60670964399526,2.1988995066046177,0.01674969388096079,-0.0018686496377329639,
391.0,33290.811305168776,1279.1778502396112,32635.24400836209,1004.0132625024328,33723.4840764897,1016.308184101498,84.19819179765433,3.695486094465743,88.65333898156022,2.319174264610393,0.01674962958180024,-0.0018078409544721448,
391.5,33332.91923054353,1281.05123519575,32676.907720417326,1004.8198430581153,33767.82293376989,1017.4901601010895,84.23350970136869,3.7980537300894675,88.70209013916914,2.4087297337556888,0.016744720112816074,-0.001709377248621501,
392.0,33375.044895459454,1282.9756813445208,32718.593828989066,1005.6705462735912,33813.43167064596,1017.7787240537746,84.26914996233623,3.8997308649932845,88.76440124504121,2.492473983041617,0.016275219744183514,-0.0023033509719658962,67.18647421156471
392.5,33417.18845838108,1284.950705291621,32760.296040605816,1006.5749492478664,33857.81977061431,1019.0569215332633,84.30510172418819,4.000364923408166,88.787998628366,2.6203159349133673,0.01640991278029891,-0.0020063481797446977,
393.0,33459.350072321045,1286.9757483383846,32802.01780537426,1007.5354603678513,33902.23035013575,1020.3926601460468,84.34135403566965,4.09980726364626,88.85431945740321,2.722638516220215,0.016428173747411977,-0.002065839815868787,
393.5,33501.529884793454,1289.050178563248,32843.761804442045,1008.5448931039975,33946.66609035795,1021.7787533625763,84.37789585397536,4.197913635807554,88.88864143137819,2.821734349897826,0.016086579535112562,-0.0008244010850772035,
394.0,33543.728037768975,1291.1732931273273,32885.52381397442,1009.6038119838645,33865.130513096745,1114.7010235633138,84.41471604811346,4.294544620509619,87.92944102581006,3.7846952782826286,0.01656582526027072,-0.0014294839435661036,74.84655315149789
394.5,33585.94466763157,1293.34432079416,32927.310466266725,1010.7120367638034,33909.10992048681,1116.6184834594476,84.45180340229614,4.3895660468218045,87.98818853443821,3.8851443062526747,0.01606078290779088,-0.001456445432042842,
395.0,33628.17990513698,1295.562424652785,32969.12252980746,1011.8689775203561,33953.116613703314,1118.587129404224,84.48914661935602,4.482849387677625,88.03858433157654,3.989439472852947,0.015380349729283488,-0.0012255728229408538,
395.5,33670.433875372866,1297.8267050324891,33010.95918359404,1013.0746958637903,33997.14977174368,1120.607023007911,84.52673432418746,4.574272131139016,88.09404782989434,4.090134941894528,0.016020403623192465,-0.0006524224023131896,
396.0,33712.706697720714,1300.1362025967721,33052.82097223471,1014.3251196797028,34013.54212433729,1142.7006061322497,84.56455506721143,4.663718125993269,87.92551363477442,4.366053161951784,0.015399014184076033,-0.0007284023407032559,70.91586469115214
396.5,33754.99848581948,1302.4899016033398,33094.71441452393,1015.6167067252779,34057.52515086607,1144.9053789295092,84.60259732786324,4.751077900277284,88.00659248035201,4.4530380270864685,0.014932142735172649,0.00013954374077178593,
397.0,33797.30934753097,1304.88673331627,33136.643497797144,1016.9516152458233,34101.54546304158,1147.1561724574456,84.64084951810176,4.836248951443746,88.07465622166218,4.550136084658142,0.015158619710108233,7.083247630918497e-06,
397.5,33839.63938490698,1307.3255795558835,33178.60076056461,1018.3264040972988,34145.59559937406,1149.4495455720182,84.6792999859393,4.919136007009512,88.12588910823962,4.623356373631754,0.01520236614839119,-0.00011943965338479545,
398.0,33881.988694158215,1309.8052763713001,33220.58362235079,1019.7386979198244,34130.35683082368,1193.2342500318002,84.71793701899085,4.999651254657198,87.70344568512577,5.094299386430678,0.015584505032909365,-0.0005233361655460481,73.5290123069532
398.5,33924.35736562497,1312.3246178201885,33262.58828826148,1021.1933494332798,34174.21731382559,1195.8047896741796,84.7567488480419,5.077714540896202,87.73848632250264,5.187859183087263,0.015574892437956464,5.540018001663066e-05,
399.0,33966.74548374964,1314.8823598397946,33304.613088945174,1022.6922256101717,34218.09906992703,1198.4227175497845,84.7957236506333,5.153253537528535,87.7885380832859,5.283852319332037,0.015448124300922138,0.00016526641684678396,
399.5,34009.153127050966,1317.4772241930036,33346.655798719265,1024.236324937436,34261.99987344542,1201.0890321455504,84.83484955466265,5.226203875307233,87.81467599025893,5.381406063731075,0.014305658944718993,0.0003480290492385464,
400.0,34051.580368100134,1320.1079024729106,33388.70966174515,1025.8269269190707,34330.858495868204,1186.826567014838,84.87411464200056,5.29650924432019,88.04136757466159,5.326954538409573,0.013189706872388088,-0.00021979567572281457,69.31829764703325
400.5,34094.027273498665,1322.7730601491855,33430.77346844621,1027.456797767283,34374.88461287064,1189.5071047782276,84.91350695212105,5.364121460779317,88.06310043507746,5.395196515148365,0.013254146647033048,-0.0005228857709056779,
401.0,34136.49390385813,1325.4713406393912,33472.85714044829,1029.117025630389,34418.93195013061,1192.2209748180558,84.95301448574486,5.4290005000432995,88.12624860479909,5.460283644164756,0.01362904631904435,-0.0006271236733631323,
401.5,34178.980313781685,1328.201369388365,33514.96881719213,1030.8145814633383,34463.008647088864,1194.9751480892726,84.99262520849452,5.491114495851337,88.18053922823734,5.55640944070243,0.01363292605032683,-0.0008447987200506592,
402.0,34221.486551847454,1330.9617579388016,33557.10272525015,1032.5465875149666,34435.5122517991,1243.914643912701,85.03232705456017,5.550439705894316,87.62508651866888,6.022943328371606,0.013837840272255134,-0.0007348061309518021,75.31784257199263
402.5,34264.01266059369,1333.7511079762749,33599.25720030475,1034.302875067672,34479.3363804253,1246.9402240442937,85.0721079303749,5.6069604439983225,87.67142798614863,6.079377197999491,0.01320866319081756,-0.001251357164853821,
403.0,34306.55867650586,1336.56801533211,33641.43601268067,1036.0873137816625,34523.185555386546,1249.9974220704662,85.11195571829857,5.660668979342534,87.72527185882213,6.14941490669056,0.014315250826253437,-0.002589900077859769,
403.5,34349.12463000551,1339.4110739277653,33683.64123962126,1037.9059940202922,34567.061853926185,1253.0923283545726,85.15185828030897,5.71156540327869,87.77992229972133,6.230210229734803,0.01368140393799059,-0.0029545279639006743,
404.0,34391.71054544102,1342.2788796447005,33725.875052806856,1039.7603957916788,34607.543098811075,1258.380895545382,85.19180346169915,5.7596574644618945,87.81378448527221,6.325326347453353,0.013160682939535533,-0.003847870979245364,72.14685814584756
404.5,34434.31644108014,1345.1700341041014,33768.13488210041,1041.647215655867,34651.46106788237,1261.560465554917,85.23177909477991,5.804960373141822,87.85809179989685,6.392953690687439,0.01190837602692274,-0.0030265724100531294,
405.0,34476.94232910449,1348.0831483412867,33810.41523863701,1043.5649521298717,34695.4002419214,1264.7744417975696,85.27177300258616,5.847496575598799,87.8986043562467,6.462951279921842,0.011883778968385892,-0.0032390701861883687,
405.5,34519.588215605785,1351.0168463601462,33852.71346039758,1045.5145009136306,34739.35795890908,1268.023719973277,85.31177300258616,5.887295499840243,87.93226359446977,6.534161422907267,0.012695227149149483,-0.004448420556264888,
406.0,34562.25410058403,1353.969768553556,33895.031334260646,1047.488323236919,34771.28108297482,1278.528039037989,85.35176691039241,5.924393273798795,87.8775754251798,6.6370450677709245,0.01248745459555883,-0.005218020531733752,72.9809068361298
406.5,34604.9399779475,1356.940574976354,33937.3705955548,1049.4795491331433,34815.22996418766,1281.8575313881156,85.39174254347317,5.958832417393821,87.91794942616933,6.680924332735297,0.012216172862222027,-0.005393426568269826,
407.0,34647.64583551459,1359.9279484581853,33979.730583695215,1051.492121929137,34859.200136695654,1285.21193475549,85.43168772486335,5.990661509932047,87.9627406058195,6.73668913676189,0.01175641776493275,-0.0055572741264927105,
407.5,34690.37165501752,1362.930597544276,34022.11496970785,1053.5249927258517,34903.19527152478,1288.5902002410633,85.47159028687375,6.019934834430614,88.01779871070114,6.7763728055318575,0.01196765100100132,-0.005619329976083411,
408.0,34733.117412107946,1365.94725925302,34064.53110001227,1055.5770723861183,34933.62016864222,1299.7787401685957,85.51143807479743,6.046712000546145,87.97506853832876,6.894526727302267,0.012583023324126249,-0.005332802834265841,73.3815231729319
408.5,34775.8830763643,1368.976701640128,34106.978918452165,1057.6453496104573,34977.621345819105,1303.2329522521368,85.55121895061215,6.071057547886184,88.02964016920532,6.922321606861202,0.012348541261218272,-0.004833553907848279,
409.0,34818.668611301124,1372.0177261599906,34149.452833600044,1059.7264070355502,35021.64905322844,1306.7035868582625,85.5909207966778,6.093040531564131,88.08118946813002,6.960216817641183,0.011513051306464397,-0.005870101083518476,
409.5,34861.47397438015,1375.0691698158653,34191.9547079734,1061.8172126231584,35065.70515338772,1310.1876119487342,85.63053151942746,6.1127340919351605,88.143211168986,6.975883544245794,0.01196754304857096,-0.006598235389516189,
410.0,34904.29911702327,1378.1299070914786,34234.48026197743,1063.9114711773202,35163.84521260167,1284.145585430323,85.67003905305127,6.13021501051831,88.64761626948787,6.739824135240683,0.012187267442175007,-0.006362519152164252,69.53259872758441
410.5,34947.14398462732,1381.1988516576503,34277.02715370102,1066.0102317777826,35208.18245027566,1287.5203186231192,85.70943136317176,6.14556325416856,88.70133442646734,6.759108635944084,0.011668680676986487,-0.007382190922885512,
411.0,34990.00851658074,1384.2749578485952,34319.59595132519,1068.1158622340624,35252.542559425,1290.9052747211197,85.74869645050967,6.158861509612116,88.73910217087953,6.780715756057875,0.012185746610105576,-0.007180500179322833,
411.5,35032.892646282,1387.3572219036228,34362.186167833795,1070.223489600935,35296.925053033556,1294.2955807790995,85.78782235453902,6.1701947104980235,88.79087226335105,6.78050847586202,0.011964888813723118,-0.0068359628580358005,
412.0,35075.79630115992,1390.4446829710346,34404.798929629316,1072.3342576522386,35259.503311661865,1339.4043235993217,85.82679715713043,6.179649559149431,88.11057111585711,7.146753174772991,0.011966132801036878,-0.006804661194285372,77.24547422142166
412.5,35118.71940269575,1393.5364238721265,34447.42451946026,1074.4504520256805,35303.561407437104,1342.9801266190727,85.86560898618147,6.187314045218283,88.12181198509472,7.156458904230722,0.011758111199302207,-0.007003046214708144,
413.0,35161.6618664471,1396.6315716242957,34490.065031806094,1076.5698825219451,35347.634561193365,1346.5629040404458,85.90424601923303,6.193276963457739,88.17080303994115,7.1746507812611044,0.011511369003198447,-0.008225593759180399,
413.5,35204.623602073676,1399.729297723367,34532.72509949718,1078.6948844514889,35391.727405761005,1350.1549911738973,85.94269648707056,6.197627432827238,88.20057523060301,7.193697752545015,0.011096095521613536,-0.008436375122999199,
414.0,35247.60451336477,1402.8288181863577,34575.4107017835,1080.822602487975,35407.300657576125,1367.9284130193494,85.98094867730909,6.200454419135767,88.02004814984578,7.315998605647062,0.010237699572469271,-0.008613582469200885,74.81991272341303
414.5,35290.60449826859,1405.929393356994,34618.125120740726,1082.9508565230783,35451.321260526216,1371.5890604152132,86.0189909379609,6.201846263409722,88.0623636505216,7.326590977808114,0.010154739470349524,-0.009277938064695455,
415.0,35333.623448923325,1409.0303274773821,34660.865517717335,1085.0827097907086,35495.36768446549,1375.257178239492,86.05681168098486,6.201890218142678,88.12333210657766,7.345880319307275,0.009576245999768786,-0.009084692051379045,
415.5,35376.66125169003,1412.130968030304,34703.62566606556,1087.2199575224563,35539.43370274619,1378.9345617237764,86.0943993858163,6.200671993545713,88.14074101620473,7.363653617830097,0.008680910063483047,-0.009636393500157783,
416.0,35419.7177871872,1415.2307048576577,34746.39741541749,1089.353583984481,35570.62279580215,1388.7182508541707,86.13174260287619,6.198275315868766,88.05358971844026,7.395958257521403,0.009026164481635774,-0.009238637133295698,74.02536409980597
416.5,35462.792930327174,1418.3289690615763,34789.18727543989,1091.4814098917914,35614.6603853271,1392.4185222377312,86.16882995705886,6.194781499805997,88.09676838135164,7.405127276720706,0.009083289463370262,-0.009721875837109798,
417.0,35505.88655035423,1421.4252316957609,34831.99050997134,1093.606176595565,35658.71105787397,1396.1196620439648,86.20565015119696,6.190269036931686,88.10592180611656,7.399431948214407,0.009212274665977101,-0.010309837692001663,
417.5,35548.998510884405,1424.5190022555032,34874.80487090011,1095.7222916554838,35702.772565331,1399.8160778325537,86.24219196950267,6.184813202037956,88.14010802201229,7.386231206141197,0.009305247843642684,-0.010456963307046273,
418.0,35592.12866994703,1427.6098269758031,34917.63866304068,1097.8266067986237,35757.10488623717,1398.9068299034661,86.27844428098413,6.17848567916208,88.27531544946689,7.331665976025497,0.009710073836372145,-0.010486590899146367,72.54014356149742
418.5,35635.27688002798,1430.6972869478434,34960.4886850063,1099.9199869221718,35801.247943650764,1402.5702068511587,86.3143960428361,6.171354208999485,88.29691420489668,7.32184181474531,0.00980273191801186,-0.011055341115043145,
419.0,35678.44298811464,1433.7809960649183,35003.35989170906,1102.0051383315972,35845.41200335762,1406.2292412069612,86.35003630380363,6.163482259299448,88.35932462252853,7.314295608465042,0.010482103579823838,-0.010947322477212798,
419.5,35721.62683574247,1436.8605988096767,35046.25474921006,1104.0882368210998,35889.59953141885,1409.8901087650738,86.38535420751799,6.154928719734086,88.39078762236065,7.329174623985619,0.010306704124404733,-0.011734890873800608,
420.0,35764.8282590433,1439.9357678952647,35089.170265496214,1106.1693659118184,35928.75803428356,1415.6743627478768,86.42033899580356,6.1457476226183125,88.39499521331936,7.338269140472537,0.010491994539496995,-0.011320174951540925,73.20216041893266
420.5,35808.04708879524,1443.006201773604,35132.110180774835,1108.2447863201708,35972.96711042888,1419.3434869979694,86.45498001195494,6.135987890739226,88.4413093679559,7.338227859897996,0.01055941494973938,-0.010940429143169336,
421.0,35851.28315047423,1446.071622024646,35175.07071474935,1110.310717998149,36017.196567989,1423.0070270590375,86.48926670398303,6.125693113428607,88.47652087251139,7.3159323843745465,0.010646612063115374,-0.011375969539146744,
421.5,35894.53626430718,1449.1317706409739,35218.04923559838,1112.3738070062984,36061.443775142536,1426.6716289916271,86.52318862782928,6.11490135188239,88.51230774162167,7.342475345983567,0.011214932374724276,-0.012565065145920136,
422.0,35937.80624532678,1452.1864072225937,35261.046518896415,1114.4419496766861,36099.11815043717,1432.9484058817438,86.55673545054711,6.103644974596566,88.48967335482659,7.371344618416263,0.011021731257538213,-0.013206996266932374,73.04268655912145
422.5,35981.09290342778,1455.2353060971557,35304.06181247408,1116.5177086995393,36143.37114521086,1436.643287619288,86.58989695344931,6.09195052365081,88.52230573994721,7.408182331761251,0.01136869373450327,-0.01315045431790519,
423.0,36024.396043424946,1458.2782533811758,35347.093199440984,1118.5974312693334,36187.63992318943,1440.3460594405362,86.62266303522087,6.079838612429578,88.55280617435844,7.402904953231759,0.011408942613191286,-0.013454316621920634,
423.5,36067.715465112495,1461.3150439980898,35390.14244112261,1120.663746768562,36231.92624569836,1444.0393507279825,86.65502371499586,6.06732385522636,88.59248386137455,7.370260196553119,0.0116404309323391,-0.013017600904508713,
424.0,36111.05096332509,1464.345478669154,35433.210163464086,1122.70950059239,36282.63014043983,1445.3455071362196,86.68696913539776,6.054414829030616,88.68522740682252,7.318919785304374,0.011941331431169697,-0.01319237696218436,71.8893109016185
424.5,36154.402328000324,1467.369360893324,35476.290163008794,1124.7400303436168,36326.97650612846,1449.0021336752206,86.71848956554203,6.04111406764954,88.70023534771066,7.307586370699972,0.011530169647046524,-0.013213004026737406,
425.0,36197.769344242704,1470.3864939322787,35519.38091267215,1126.7574026143113,36371.333383791556,1452.6495097358898,86.74957540400031,6.027418088168663,88.7272753046399,7.281917871976873,0.011600504704828887,-0.01384644037977253,
425.5,36241.15179238914,1473.3966778167228,35562.486428614124,1128.7547425439616,36415.704789589065,1456.280760457715,86.78021718172506,6.013317449607244,88.7583478853871,7.24308501532372,0.012113928994651033,-0.01527664241777177,
426.0,36284.549448075806,1476.3997063899938,35605.606497794215,1130.7354598574154,36473.13693920074,1455.4045152809508,86.81040556493397,5.998796843476919,88.90751972089981,7.198891484435401,0.01186973866328397,-0.014797653467908905,70.94068349743998
426.5,36327.96208230653,1479.3953644048145,35648.74651227056,1132.700710048684,36517.60393403326,1458.995390435636,86.84013135795307,5.98383521580601,88.96045960917715,7.16460913430449,0.012966875706145032,-0.014281071614427961,
427.0,36371.38946152252,1482.3834246887777,35691.90793368009,1134.6489207035054,36562.09224719227,1462.5730973213124,86.86938550601784,5.9684059200477115,88.9927930268565,7.146218408400949,0.012344011437237186,-0.0136702685072773,
427.5,36414.83134767353,1485.3636453938268,35735.08914099958,1136.5848869650356,36606.600257654536,1466.142431081136,86.89815909803139,5.952476900148885,89.03924882221817,7.131116630893651,0.012532827792098127,-0.014380303852061984,
428.0,36458.28749829035,1488.3357673445935,35778.29260274192,1138.506537385498,36606.311063178764,1483.9717663215597,86.92644336927884,5.936010902917943,88.65486112164184,7.203282331650165,0.012803926957490247,-0.01475966042774519,74.05428712424032
428.5,36501.7576665587,1491.299511499997,35821.5172243463,1140.4159180803847,36650.648751665765,1487.5717325341343,86.9542297040972,5.918965718695885,88.69589282636102,7.196582518647715,0.013442951340884671,-0.014243820024271965,
429.0,36545.24160139435,1494.254576541972,35864.75969100713,1142.3158505967444,36695.00367367884,1491.1662305868879,86.9815096384997,5.901294449204702,88.72379522592543,7.181409692367217,0.011912247652513388,-0.01377153819754976,
429.5,36588.739047519666,1497.200636604604,35908.01557943387,1144.2060624302758,36739.37140592746,1494.7549879755197,87.00827486275405,5.882945801322486,88.74713376852846,7.173619862159931,0.011751759222834812,-0.014558484130251476,
430.0,36632.24974554134,1500.1373391562884,35951.28234815175,1146.0911466987282,36799.50183814624,1493.6058261163153,87.03451722391367,5.8638644054154,88.91603450673118,7.144114888423598,0.012553544542596946,-0.014910862173329955,69.81756595377568
430.5,36675.7734320294,1503.0643030468282,35994.5586876734,1147.9719035464934,36843.96447382794,1497.1767177153226,87.06022872830113,5.84399115674359,88.93450822003999,7.139451507605999,0.01372657018242023,-0.014882210974311123,
431.0,36719.30983959745,1505.981116730602,36037.8538329794,1149.841324179335,36888.44549032366,1500.7402160540241,87.08540154394312,5.8232635783517335,88.98955776284205,7.114541847199988,0.014684472955431774,-0.015693826777495076,
431.5,36762.85869698418,1508.8873366761288,36081.16513595516,1151.697027821541,36932.94223951882,1504.2939403567077,87.11002800295614,5.801616203755698,88.99743901779455,7.100355363533846,0.015525267925852942,-0.015909049961659736,
432.0,36806.41972913589,1511.782485971479,36124.493109549,1153.542321292427,36971.41836688784,1509.4988706320364,87.13410060388222,5.77898097764507,88.99604906017441,7.0996859939348544,0.016049419651182624,-0.014723394321402227,70.46693693594895
432.5,36849.99265729035,1514.6660531340747,36167.84030218051,1155.3739085189204,37015.92087376872,1513.041877137508,87.15761201397392,5.755287672737712,89.0139784633481,7.072340027950667,0.015754894612232468,-0.014890199648907148,
433.0,36893.5771990617,1517.537491132471,36211.19964272484,1157.1982491380277,37060.435030827,1516.5815923951968,87.18055507142796,5.7304643208471875,89.04264976975682,7.086521002804237,0.01431549253516213,-0.014789016591004948,
433.5,36937.17306852645,1520.396216626722,36254.57595273413,1159.011171448162,37104.965659614834,1520.113844703516,87.20292278756679,5.704437656157326,89.07986538156517,7.042488230472298,0.014744701254989277,-0.015060670179030062,
434.0,36980.77997631058,1523.2416094329217,36297.974448348534,1160.8044922457598,37170.458082941026,1518.3497055820146,87.2247083489674,5.677133568640662,89.3341487685351,6.989757675201629,0.014403767227316521,-0.016117141287979943,67.87397646396168
434.5,37024.397629677704,1526.0730122164591,36341.39452884102,1162.5835194579035,37215.13398881529,1521.838864615207,87.24590511953673,5.648477565509166,89.36947472850173,6.9668784575687654,0.014369550284547904,-0.015579871261269666,
435.0,37068.02573261822,1528.889730417473,36384.830804114354,1164.3488065567358,37259.825848363165,1525.3181998178766,87.26650664253313,5.618395238546922,89.39796346299465,6.950462353109067,0.013884281463921875,-0.01594035152854291,
435.5,37111.663985939485,1531.691032410896,36428.28528916257,1166.094575352064,37304.53567657869,1528.7819329998304,87.28650664253313,5.586812735145255,89.44134939910586,6.904470374705565,0.013415403546571288,-0.016574711183148575,
436.0,37155.31208735695,1534.4761499023925,36471.760646364375,1167.8230859087232,37313.515930199406,1540.3376078682538,87.30589902734297,5.553657230841485,89.12763140680352,6.947019282279845,0.014024738222283091,-0.016437218590269427,70.80917347022937
436.5,37198.96973158625,1537.2442785603912,36515.249804417464,1169.5393896516805,37358.083298247155,1543.8046994707363,87.32467788985441,5.518857401153045,89.14184078419233,6.921347127649663,0.014463728153996306,-0.016956424542952556,
437.0,37242.63661043618,1539.9945788833043,36558.75800206095,1171.2373050297579,37402.66901910331,1547.2573760530788,87.34283750984399,5.482343890499168,89.20104264042604,6.889359201720221,0.015331637140974177,-0.016168932690470834,
437.5,37286.31241290257,1542.7261772999323,36602.28772899098,1172.9134790016299,37447.27558246402,1550.692284573956,87.36037235571555,5.444049776012783,89.22521080238927,6.850274881788218,0.015446348957267096,-0.015599738966826013,
438.0,37329.99682526304,1545.438167499952,36645.825904277204,1174.567901630984,37518.6747785294,1548.4999501898376,87.37727708618519,5.403911024065524,89.49885901987172,6.783670635540328,0.014853869897623431,-0.01503902017896875,65.72494959995423
438.5,37373.68953117257,1548.1296119903081,36689.37530716919,1176.1939070152673,37563.43319903845,1551.8753275478734,87.39354655190822,5.3618669373588865,89.5348230163231,6.717838796603055,0.01547405154047391,-0.015621001769665004,
439.0,37417.390211759805,1550.7995438722664,36732.936665164176,1177.788869820596,37608.20322728665,1555.2235937172977,87.40917579704778,5.317860590474292,89.54528997645095,6.675225881093421,0.01522525401579692,-0.014954428949460023,
439.5,37461.098545724264,1553.4469688328409,36776.507584195184,1179.3592967315853,37652.982469206996,1558.5512553827257,87.42416006078442,5.271839251824078,89.57167770493237,6.635420780618446,0.01495461257439091,-0.016260840008235394,
440.0,37504.814209434146,1556.0708673432978,36820.08766465834,1180.900030779308,37681.446747480564,1564.8589150391815,87.43849477876623,5.22375479000394,89.41642871524557,6.589542791800639,0.014327961962597682,-0.015936314031705,67.63413863596486
440.5,37548.53687702496,1558.6701970564525,36863.66946799684,1182.4113804625338,37726.15401501258,1568.1440543505764,87.45217558449926,5.173564062614868,89.41264141281836,6.5510144537783805,0.01394249546038973,-0.014639517753741426,
441.0,37592.26622049876,1561.243895393531,36907.24917499689,1183.8981770505368,37770.85862844042,1571.4085933407785,87.46519831067755,5.121229285698859,89.40581229857042,6.507141507029629,0.014501905910658195,-0.015759162581247155,
441.5,37636.00190982404,1563.7908823104601,36950.83659538789,1185.355062959814,37815.570397493524,1574.6471744262847,87.47755899045255,5.06671838201727,89.44126391382505,6.44718283499521,0.01422952172173502,-0.01554218666601964,
442.0,37679.743613036306,1566.3100632325877,36994.438551987965,1186.775186462579,37837.45258086534,1581.632378708519,87.48925385864146,5.010005306493287,89.22986485970644,6.39744721047198,0.013627651837758334,-0.01708619167568227,67.2310549855772
442.5,37723.490996339184,1568.8003321460212,37038.05684375323,1188.1626084220345,37882.07802539965,1584.8201877940767,87.50027935287414,4.951070347240144,89.2719132775339,6.35378913175966,0.013758677238810408,-0.01786936492938665,
443.0,37767.24372420607,1571.2605748330072,37081.68891640466,1189.517464291823,37926.71639354348,1587.9794121342545,87.51063211467824,4.889900400704039,89.2815592977864,6.283108228952128,0.014238531995191393,-0.018539403994197207,
443.5,37811.001459482366,1573.6896722380743,37125.32962883322,1190.8352691822874,37971.36254418779,1591.1055668393951,87.52030899050223,4.826489219564666,89.30304327944904,6.221510591609919,0.014003908033856314,-0.019175295356780704,
444.0,37854.76386348816,1576.0865039510047,37168.98500804875,1192.117542436945,38073.83546340359,1585.6385288574838,87.52930703267599,4.760837632156378,89.92940691214433,6.107944945150883,0.014210593753322955,-0.01946150377219354,60.040385465193005
444.5,37898.5305961214,1578.4499517921186,37212.656684567824,1193.3611387476776,38118.807554109866,1588.6739209015948,87.5376235003087,4.692953732298755,89.9589559129528,6.0336232312933795,0.013848490698056581,-0.019493748936590113,
445.0,37942.30131596151,1580.7789034848324,37256.34190852976,1194.5625124565595,38163.79310645881,1591.6710002661202,87.54525586012376,4.622853038556082,89.98325348281689,5.954694226808603,0.013707020936339458,-0.019868694435318985,
445.5,37986.075680373346,1583.0722563999916,37300.038744153804,1195.7195906289421,38208.79018466967,1594.6276940164116,87.55220178723043,4.550558622080553,90.00505936061816,5.872080774357573,0.013365657930235223,-0.020288521224142396,
446.0,38029.85334561161,1585.328921356095,37343.741560684786,1196.834292845704,38224.32100114792,1601.111629024271,87.55845916583203,4.4761012023330835,89.70194122370103,5.8184097628208225,0.012417627172702533,-0.019936293371860012,65.10455654962541
446.5,38073.63396692553,1587.5478264592077,37387.445736434434,1197.9070398136255,38269.17260163346,1604.0006149622939,87.56402608987044,4.399519210118007,89.70446071847043,5.7375339892706005,0.01309849009604501,-0.019345417737792733,
447.0,38117.4171986639,1589.7279209661153,37431.15520572661,1198.9408635642515,38314.029010046375,1606.8546150311763,87.56890086360664,4.320858817512891,89.72117293321816,5.678466286259166,0.012368526187554964,-0.01839657510085848,
447.5,38161.202694380336,1591.868179154099,37474.87740859648,1199.9356852170274,38358.89766642184,1609.673550350364,87.57308200213735,4.240173934421652,89.75345256865376,5.5972749904912495,0.012188074696123236,-0.019555746236807274,
448.0,38204.990106938836,1593.9676041806113,37518.61274619513,1200.88713713446,38426.059753671754,1610.0778262688843,87.57656823184726,4.157526171627403,90.0047027880931,5.508421005267538,0.012263415568023512,-0.019524371532746936,59.94761960501344
448.5,38248.77908861949,1596.0252319161107,37562.3534617226,1201.800350372922,38471.06257213912,1612.8168587592384,87.57935849079702,4.072984770370345,90.00657108136241,5.44770895614903,0.012878255354064602,-0.01982359295489414,
449.0,38292.569291224456,1598.0401347333595,37606.08996993083,1202.672942879116,38516.06100560091,1615.5191853760596,87.58145192904674,3.986626498624913,89.98716276580727,5.3615975111356695,0.013399001941354287,-0.02001489959312234,
449.5,38336.360366183944,1600.0114252366154,37649.81910421579,1203.4945547115929,38561.051887453104,1618.1744461778985,87.58284790891484,3.898535514398558,89.9763646429635,5.259445696220383,0.013703711688841935,-0.020060457356667505,
450.0,38380.151964662466,1601.9382599143455,37693.550499357276,1204.2675910013375,38603.724185757106,1620.9853698054153,87.58354600517234,3.808803196521426,89.97099069047928,5.183918347305961,0.012993651404089635,-0.019938610677481844,60.36844531493437
450.5,38423.94373766505,1603.819842699361,37737.28649005878,1204.9937182678234,38648.70929995347,1623.553458601451,87.58354600517234,3.7175279435410236,89.96946609498043,5.088436836837642,0.01312660178129302,-0.019625181470725908,
451.0,38467.735336143574,1605.6554284206159,37781.02713235339,1205.666769148303,38693.698855413284,1626.0723879834914,87.58284790891484,3.6248149414781814,89.98875574428786,4.987280691324463,0.014328042037981594,-0.019509146371678547,
451.5,38511.52641110306,1607.4443261313204,37824.77405317632,1206.290973924081,38738.69447907177,1628.5463882328409,87.58145192904674,3.5307759013395508,89.99373888964875,4.908720306073363,0.014351663613968295,-0.02047891724906761,
452.0,38555.31661370802,1609.1859022985095,37868.52631967316,1206.867491700957,38777.65583261208,1631.4027641817988,87.57935849079702,3.435528767416894,89.94482991595365,4.814330665937995,0.015538979948243546,-0.01980199486077495,59.27168990503032
452.5,38599.10559538868,1610.8795838397473,37912.28087008159,1207.394905522273,38822.626388304634,1633.788875328002,87.57656823184726,3.339197397533952,89.93739285427249,4.730113918873923,0.015448316683558371,-0.019455322451467347,
453.0,38642.893007947176,1612.5248609932626,37956.030904202176,1207.8661793551378,38867.59213080081,1636.1227691901754,87.57308200213735,3.241911216527099,89.92557713041232,4.605461529819793,0.014891616591903408,-0.02046181479715114,
453.5,38686.678503663614,1614.1212900084859,37999.77810140515,1208.2781441485645,38912.554739470834,1638.401276717332,87.56890086360664,3.1438048443658047,89.92485754966154,4.5085685788064245,0.01411530625405926,-0.019821383428219118,
454.0,38730.46173540199,1615.6684956446854,38043.52400254432,1208.641821042458,38929.07997531306,1642.2420889969733,87.56402608987044,3.045017700432499,89.61218757120359,4.437079417074325,0.014770434215626635,-0.019109127958234193,59.816372983515826
454.5,38774.24235671591,1617.1661734661907,38087.26374776927,1208.953258338861,38973.8808214564,1644.4324685375284,87.55845916583203,2.945693585588375,89.59119700214376,4.324438745146038,0.014772316012073784,-0.018859039042552934,
455.0,38818.02002195417,1618.6140919235256,38130.99748113448,1209.2068392994997,39018.674943038124,1646.5689439821988,87.55220178723043,2.845980243751394,89.58528932476199,4.221463033535695,0.01471114140672111,-0.018514136322065066,
455.5,38861.79438636601,1620.0120942106648,38174.73314164049,1209.4102545156627,39063.470279058776,1648.6592059222726,87.54525586012376,2.74602890480491,89.59605475784072,4.139584726759888,0.015259536426973329,-0.01771555728922714,
456.0,38905.56510620612,1621.3600998895508,38218.4730144414,1209.562850127775,39102.69068508129,1650.9627529382192,87.5376235003087,2.6459938107394145,89.53829286722876,4.035979065734572,0.015030795959588493,-0.017888903147389335,56.5478988791503
456.5,38949.33183883937,1622.6581062739872,38262.21034583185,1209.6616587138235,39147.45572749138,1652.9573089722483,87.52930703267599,2.5460317270056296,89.52187677314295,3.9422450703816208,0.015965389929062053,-0.01800270826428117,
457.0,38993.09424284516,1623.9061895660197,38305.948464848225,1209.7062350564925,39192.22076147265,1654.9015920025142,87.52030899050223,2.4463014411241293,89.53825915193885,3.8348870506823234,0.017003872324585004,-0.017956995709318246,
457.5,39036.85197812145,1625.1045057389645,38349.69021122138,1209.701750625898,39236.98862675597,1656.8007734991331,87.51063211467824,2.3469632506546025,89.53320198132123,3.7618389357933424,0.016725943099167827,-0.01834721742488245,
458.0,39080.604705988335,1626.253291162297,38393.426730497406,1209.649273919993,39247.75742429805,1659.8503378085104,87.50027935287414,2.248178442676487,89.13780693422771,3.6711837146575874,0.01607229631877862,-0.017421055281490967,57.69107743080389
458.5,39124.35208929121,1627.352862964709,38437.152001048926,1209.5437298569843,39292.31878241952,1661.6626166229044,87.48925385864146,2.1501087669718224,89.1076255516455,3.5779315429178773,0.016428828486140308,-0.01726151493037825,
459.0,39168.09379250349,1628.4036191327345,38480.86864094519,1209.3873025076316,39336.87019497977,1663.4280195257306,87.47755899045255,2.052915905130577,89.09802468932449,3.4836800683874465,0.015850491675105837,-0.01580832047941539,
459.5,39211.82948182877,1629.406038343472,38524.57750672825,1209.182940706186,39381.412518520825,1665.1494953512406,87.46519831067755,1.956760937818295,89.07126947488605,3.4022232336521774,0.015201819411733555,-0.016079215980756435,
460.0,39255.55882530256,1630.3606795310404,38568.276399980205,1208.9286223271906,39386.97415932677,1667.957697482814,87.45217558449926,1.861803812455587,88.61524925055701,3.318010500623495,0.015053625425366687,-0.015760926961766543,56.998787466663046
460.5,39299.28149289338,1631.2681811875439,38611.971268244924,1208.6169375202603,39431.2807381255,1669.588962551785,87.43849477876623,1.7682028135587058,88.61106594436615,3.207049775260934,0.01450395270063293,-0.01677997758741417,
461.0,39342.99715660327,1632.1292604004286,38655.66118120593,1208.2537139222366,39475.58043758091,1671.1727639598969,87.42416006078442,1.6761140379802055,88.58773187728777,3.128155857185928,0.014255352966337996,-0.016264308154626962,
461.5,39386.70549056772,1632.9447116292408,38699.34917948949,1207.8424281249995,39519.87629831927,1672.7125782990292,87.40917579704778,1.5856908772685314,88.59571107616286,3.0311014993438885,0.013869993663381484,-0.015421052877849294,
462.0,39430.40617115496,1633.7154052258918,38743.038695960415,1207.3850122622134,39584.13506404472,1673.704564206976,87.39354655190822,1.4970835093354113,88.81372151502568,2.947905869000718,0.013749373601957915,-0.01589166668222677,49.88098305570899
462.5,39474.098877064476,1634.4422857036207,38786.72126602559,1206.8773222476193,39628.53561499736,1675.1500882548598,87.37727708618519,1.410438401580249,88.78848229554856,2.8341903225343503,0.014268360815329166,-0.016640598356876025,
463.0,39517.78328942495,1635.1263697609088,38830.396952344265,1206.313440491385,39672.92767814097,1676.5434532695438,87.36037235571555,1.32589782757153,88.77977027890545,2.7392697362019924,0.015459097837286558,-0.01660739165822351,
463.5,39561.459091891345,1635.7687440676334,38874.06898680711,1205.709288204072,39717.31448536622,1677.900580461589,87.34283750984399,1.243599399326783,88.76745862209057,2.689239031978667,0.016062665329711612,-0.017797128092452253,
464.0,39605.12597074127,1636.3705628217563,38917.73870717362,1205.0653645724162,39750.67931342135,1679.3961659529004,87.32467788985441,1.163675617165097,88.63677290917462,2.6033725681887727,0.01584654294314072,-0.017787427976700455,51.125223403173756
464.5,39648.78361497057,1636.9330450858051,38961.40713458306,1204.3733180201818,39794.9955528208,1680.677005767841,87.30589902734297,1.0862534390299574,88.62818468862874,2.519986691573139,0.016390163916467988,-0.017677463520101255,
465.0,39692.43171638804,1637.4574719133363,39005.07698673284,1203.6402067091492,39839.31143233765,1681.9208390986992,87.28650664253313,1.0114538710954937,88.63533337876777,2.4553466318596904,0.01656869483561719,-0.0176459176995548,
465.5,39736.06996970931,1637.9451832764544,39048.74925618066,1202.8713441642203,39883.627944529595,1683.1329794703774,87.26650664253313,0.9393915813765636,88.63071538900364,2.3932148548533294,0.0164308475817915,-0.01903004385086755,
466.0,39779.69807264983,1638.3975748062892,39092.41382030605,1202.0685684232133,39938.311758215394,1684.178165569178,87.24590511953673,0.8701745379627986,88.71918765441521,2.3277142544402127,0.015912166102568633,-0.020160491740802308,47.2120521010875
466.5,39823.315726016954,1638.8160943591272,39136.07219000972,1201.2303012848854,39982.6717956642,1685.3248974551332,87.2247083489674,0.8039036733892919,88.72096214082246,2.259213289380696,0.015652219424088783,-0.02003581803370118,
467.0,39866.922633801085,1639.2022384216102,39179.73442641469,1200.3585401166154,40027.034089628076,1686.4421653943211,87.20292278756679,0.7406725765424745,88.72821371467573,2.209858467371685,0.015595431776517179,-0.02034629414689154,
467.5,39910.518503265834,1639.557548369091,39223.39266799425,1199.456929876789,40071.39077858032,1687.5336143451277,87.18055507142796,0.6805672133794001,88.69854209429704,2.1559373358549183,0.01554162185292694,-0.021136318581368073,
468.0,39954.10304503719,1639.883606591839,39267.04180815353,1198.524117424678,40093.600853373595,1688.8405554035235,87.15761201397392,0.6236656776127132,88.4213640883502,2.1220689649492166,0.015133492450004353,-0.020631572776875405,48.87192616243456
468.5,39997.67597319166,1640.1820325043377,39310.68328693142,1197.5683260519845,40137.80536671595,1689.8963672941804,87.13410060388222,0.5700379723825331,88.39668928105331,2.1011785976788597,0.01541553632855478,-0.021115334247024102,
469.0,40041.23700534337,1640.4544784533837,39354.31941268675,1196.5894194102077,40182.0025351783,1690.9331627976474,87.11002800295614,0.5197458238009504,88.39198456832976,2.0460034161884444,0.014732269470470093,-0.02138377741413423,
469.5,40084.78586273009,1640.7026255411126,39397.95299579058,1195.5840017699968,40226.19516913168,1691.9475461845734,87.08540154394312,0.4728425271154033,88.37855124519085,2.0115301315157974,0.014272863858726099,-0.02213227753879212,
470.0,40128.32227029815,1640.9281793794153,39441.583725088196,1194.5504126822707,40259.40521279795,1693.1149490847322,87.06022872830113,0.42937282609449934,88.23923125979165,1.9630677803249437,0.015064763244795176,-0.022101850162563014,46.09030329417621
470.5,40171.8459567862,1641.1328657924626,39485.212185478755,1193.4905809432735,40303.52195755971,1694.0898138067912,87.03451722391367,0.38937282609449925,88.22774778722709,1.9363911079118103,0.014681575301560222,-0.022003512067537867,
471.0,40215.35665480787,1641.3184264842655,39528.832294027736,1192.4063772050781,40347.628163749374,1695.0444461251873,87.00827486275405,0.35286994111735825,88.19707697142978,1.8821381656725127,0.014121599783233104,-0.021286513032704353,
471.5,40258.85410093318,1641.4866146883005,39572.44090723663,1191.2966158253298,40391.72068786844,1695.9776603975654,86.9815096384997,0.319882875022539,88.17301950482711,1.8507189238397792,0.014025091461017271,-0.022113857794720953,
472.0,40302.33803576883,1641.6391908162825,39616.03833837471,1190.166853399528,40452.94059214932,1696.488364325213,86.9542297040972,0.29042163690547124,88.35592085585883,1.7925800442519662,0.013911745025083763,-0.02181055724389816,41.03254092395475
472.5,40345.808204037174,1641.7779181231356,39659.6226171754,1189.0173932308012,40497.11072472542,1697.3770654629404,86.92644336927884,0.2644875905061893,88.32460944853706,1.7622245066568472,0.013935884048223487,-0.022291976135511222,
473.0,40389.264354654,1641.9045584051028,39703.1888262817,1187.8486729033848,40541.26091443939,1698.2505712833756,86.89815909803139,0.24207353736297096,88.27614940734112,1.731798775083875,0.014043917311449687,-0.023223470881707637,
473.5,40432.70624080501,1642.020867747763,39746.74180052402,1186.667587872153,40585.395996121624,1699.1157772413928,86.86938550601784,0.2231638332784343,88.26417732163165,1.7290250569852645,0.014312270522725651,-0.023019687562321693,
474.0,40476.133620021,1642.1285923404625,39790.28336096196,1185.4734930471652,40628.75458498861,1699.997452938334,86.84013135795307,0.20773453752013515,88.21335698361071,1.6974355860155,0.014593095620746444,-0.023030923358915767,41.11417178681157
474.5,40519.54625425172,1642.2294643733512,39833.80999155002,1184.2626830757454,40672.854747215744,1700.8417738756868,86.81040556493397,0.19575359403493697,88.18729192491008,1.679848163395899,0.014744408895491478,-0.02290605648502152,
475.0,40562.94390993838,1642.3251980328143,39877.32650711866,1183.041606877335,40716.94290686022,1701.679897280538,86.78021718172506,0.1871810438168877,88.16534665297922,1.6726454560086423,0.015101071437036376,-0.0227882058652,
475.5,40606.326358084814,1642.4174856106267,39920.834510440916,1181.8140340214181,40761.02066669507,1702.5155927223714,86.74957540400031,0.18196926743269218,88.1456926864192,1.6701363113251209,0.014792041473922591,-0.023371335626273086,
476.0,40649.6933743272,1642.5079937416292,39964.341150130706,1180.5775251811813,40800.493085509595,1703.5791061339269,86.71848956554203,0.18006325657770006,88.09284432653119,1.6638019219246216,0.01466757593814478,-0.02360651421254025,39.72776876676061
476.5,40693.044739002435,1642.598359784126,40007.84480764675,1179.3387855327474,40844.53293072207,1704.4170986510694,86.68696913539776,0.18140091340922726,88.06653652335358,1.688168146645834,0.01481777072352465,-0.02425944562661423,
477.0,40736.38023721503,1642.690188356549,40051.33903041689,1178.102649681163,40888.5613637897,1705.2617909920066,86.65502371499586,0.18591337628353896,88.04719574716677,1.6906012171029177,0.015346046352213417,-0.023901819111106015,
477.5,40779.69965890259,1642.785048043222,40094.82171702238,1176.8643609938,40932.57628329372,1706.1084265241102,86.62266303522087,0.19352537040850945,88.01248226893651,1.6959409113113386,0.01588819528081222,-0.023989987840743732,
478.0,40823.00279889975,1642.8844682812785,40138.29310202523,1175.6174509384462,40951.876339167495,1708.79983086197,86.58989695344931,0.204155581816325,87.66653146108972,1.7433618717657893,0.016400534649160407,-0.02380307090002519,40.647649536835644
478.5,40866.28945700075,1642.9899364399726,40181.75360921739,1174.3599603186076,40995.701100007034,1709.670974060212,86.55673545054711,0.2177170529600793,87.63251189708602,1.7412109212026856,0.017724578930205855,-0.02304793513491693,
479.0,40909.55943802034,1643.1028951027488,40225.20342028609,1173.0989764778074,41039.512686697344,1710.5428931350405,86.52318862782928,0.23411759814521013,87.61383486416237,1.7464653781105188,0.01788153640249845,-0.023606252995103442,
479.5,40952.8125518533,1643.2247395615154,40268.63600280503,1171.8402008156388,41083.304566812134,1711.4212894860484,86.48926670398303,0.2532602369218146,87.55368559498805,1.7671200259216946,0.018424969843924426,-0.022835712448103406,
480.0,40996.04861353228,1643.3568155316177,40312.04615405592,1170.5861249656898,41107.9268964657,1714.3674461097064,86.45498001195494,0.2750436434873574,87.2530428430517,1.85040633548909,0.018029962342004435,-0.023633204412670986,38.41647543347387
480.5,41039.26744328422,1643.5004170950099,40355.448725990595,1169.3391601135468,41151.5530303554,1715.3003034045262,86.42033899580356,0.2993626100814829,87.25149271572866,1.8810228437905399,0.01716932442603636,-0.023038775047762784,
481.0,41082.46886658505,1643.6567848781042,40398.84138374418,1168.1034468446958,41195.16636770547,1716.2488399392596,86.38535420751799,0.3261085222958634,87.20185668455942,1.9131232951430868,0.017478155433882876,-0.023046368026594505,
481.5,41125.65271421288,1643.8271044697212,40442.22608926889,1166.880710304794,41238.768870468135,1717.2147808595635,86.35003630380363,0.3551698441725114,87.20815436610718,1.9506403860723174,0.017695394184471046,-0.02263251658057883,
482.0,41168.818822299545,1644.0125050834954,40485.60209779441,1165.6659511468724,41284.34943568867,1717.8972154556673,86.3143960428361,0.38643261092399533,87.18354047411772,1.954052507135461,0.017936213076830028,-0.021748954797308248,33.67958143809761
482.5,41211.967032380504,1644.2140584679962,40528.95841109223,1164.4641962066007,41327.931804087304,1718.888638106804,86.27844428098413,0.41978092707866393,87.14593312042113,2.0116380974107675,0.017565729135338708,-0.021356406808871683,
483.0,41255.09719144312,1644.4327780667243,40572.29853444212,1163.2831611476067,41371.495144118926,1719.9051888741735,86.24219196950267,0.45509746783348065,87.1074270060738,2.0545649720675567,0.018425824080241168,-0.020920788841431663,
483.5,41298.2091519733,1644.6696184290292,40615.62498352094,1162.1199027282762,41415.04197146041,1720.9439245161616,86.20565015119696,0.49226398138644983,87.07988235985354,2.1003775958845345,0.018884628529767224,-0.021524132875947424,
484.0,41341.30277200037,1644.9254748718809,40658.94368959533,1160.9699424433247,41454.24353514194,1722.8792423261605,86.16882995705886,0.5311617900199473,87.00188643322733,2.148689363042705,0.019007078893422607,-0.020635378773027447,32.757472507240436
484.5,41384.37791514035,1645.2011833913145,40702.249912777246,1159.8350828544146,41497.73280199007,1723.966867779293,86.13174260287619,0.5716722877155409,86.95518095929236,2.2018124494869507,0.018534434008222897,-0.02030753242066555,
485.0,41427.43445063752,1645.4975208212684,40745.53839349778,1158.7138452590739,41541.20138731997,1725.0725735689377,86.0943993858163,0.6136774321000534,86.91916036030854,2.2210107090925706,0.01875400204251973,-0.01975834544539785,
485.5,41470.472253404216,1645.8152052364312,40788.817573372165,1157.605154944423,41584.657732746884,1726.1952849822158,86.05681168098486,0.6570602285516135,86.90622134734619,2.2698349440186827,0.019752909267720747,-0.019855964935478445,
486.0,41513.491204058955,1646.1548965946524,40832.08932548482,1156.5205010155637,41642.872940527704,1723.3249025496552,86.0189909379609,0.701705204333094,87.10202640544883,2.237289557820959,0.020134131642211103,-0.018820902530196887,27.62011552278829
486.5,41556.49118896277,1646.5171976134027,40875.34798010532,1155.4590179713653,41686.415230593746,1724.4547864231563,85.98094867730909,0.7474988706685098,87.06713385871323,2.282245936183256,0.020626900300510845,-0.018957734524811084,
487.0,41599.472100253864,1646.9026548737536,40918.58528816456,1154.416266751107,41729.93359773562,1725.60765753752,85.94269648707056,0.7943301707354004,87.00633470876322,2.329238521271855,0.020822925639802266,-0.018020302995715422,
487.5,41642.43383588044,1647.3117601443407,40961.800037609144,1153.3946189391859,41773.426829899916,1726.7858874771434,85.90424601923303,0.8420909116127075,86.96659394845953,2.3836812372216656,0.020417619341647434,-0.017360819005058797,
488.0,41685.37629963179,1647.7449519168185,41005.00281039398,1152.3929873010352,41813.37522296986,1729.2939463650168,85.86560898618147,0.890676178298863,86.89174916619916,2.4555748868001976,0.020192757250144824,-0.01698290796300015,28.772868786400316
488.5,41728.29940116761,1648.2026171433927,41048.1981852352,1151.408031966232,41856.815694698416,1730.532033983406,85.82679715713043,0.9399847279984074,86.87013774802081,2.49677558675668,0.01938928019229728,-0.016810147754733298,
489.0,41771.20305604553,1648.685093166134,41091.375308457,1150.4362496076587,41900.23524568343,1731.787608727797,85.78782235453902,0.989919362967077,86.80806619202319,2.5255233908072108,0.0200230530502162,-0.01798298920067384,
489.5,41814.087185746794,1649.192669826952,41134.530639735254,1149.4796159526222,41943.63033560078,1733.0626463254966,85.74869645050967,1.0403872803045056,86.77229347736495,2.5746269999904814,0.01974881170794149,-0.017972456959695186,
490.0,41856.95171770021,1649.7255917463256,41177.666327482766,1148.5388852615988,41964.56725618651,1745.4042013677906,85.70943136317176,1.091300397190072,86.33946878296464,2.838108450628238,0.020158128116916033,-0.018239528273977505,30.995457854026427
490.5,41899.79658530427,1650.2840607581657,41220.78795283587,1147.6162777321626,42007.73331059372,1746.8379775945587,85.67003905305127,1.1425756501704747,86.32474884588841,2.89699645644434,0.018827570227675953,-0.018339274787838606,
491.0,41942.621727947386,1650.8682384875149,41263.90320830857,1146.7211374351368,42050.88969011253,1748.3039870066777,85.63053151942746,1.194135267226838,86.30076922937627,2.967041192031689,0.018358302373017374,-0.018338038211968555,
491.5,41985.42709102642,1651.4782490571902,41307.007396772395,1145.855971317388,42094.031697614475,1749.804736551014,85.5909207966778,1.2459070114740294,86.26726077837758,3.0359569853134296,0.017849558153667983,-0.0179078581088859,
492.0,42028.212625963235,1652.1141819089275,41350.09182870529,1145.0178521468088,42121.53493580876,1761.2953594657824,85.55121895061215,1.297824395474798,85.92749515759449,3.2925726557226316,0.0186360958758473,-0.018102061004856406,28.431833283576346
492.5,42070.97829021959,1652.7760947241177,41393.16466540778,1144.1987879892888,42164.49822762931,1762.9510713916534,85.51143807479743,1.3498268652857919,85.92567212460146,3.3302750477605376,0.019023919682418573,-0.017971861246313732,
493.0,42113.72404731,1653.4640164288119,41436.2316048248,1143.397635486398,42207.45183726438,1764.6298380926924,85.47159028687375,1.4018599534908343,85.8887664156725,3.3847917563955026,0.019534728070614096,-0.01829454951690315,
493.5,42156.44986681294,1654.1779502673392,41479.28177698718,1142.6122178872333,42250.38489474479,1766.3294828179967,85.43168772486335,1.4538754006184493,85.84346350595949,3.413787144822254,0.020391535939812234,-0.018824038884185084,
494.0,42199.15572438002,1654.917876928615,41522.316695345384,1141.838056382435,42296.91002515617,1765.0203813147211,85.39174254347317,1.505831244484864,85.88279725504039,3.3929994953752742,0.020667137405774114,-0.019083253940275186,22.284773827338796
494.5,42241.84160174349,1655.6837577090237,41565.34080227083,1141.0830223349508,42339.844601608784,1766.7319479634916,85.35176691039241,1.5576918771499448,85.85550855543293,3.4532670997070025,0.02125484442973429,-0.019181863778978507,
495.0,42284.507486721726,1656.4755376956414,41608.35624694597,1140.3516031142758,42382.76685327328,1768.4721659416668,85.31177300258616,1.6094280693211005,85.83349810253806,3.5076048129943307,0.02105505978936571,-0.020064189320016333,
495.5,42327.15337322302,1657.2931489535188,41651.35451690275,1139.6334617235518,42425.66826768158,1770.230698252389,85.27177300258616,1.6610169621884283,85.77215953069,3.526524429894016,0.021611287004811127,-0.02120273783284543,
496.0,42369.77926124736,1658.1365137007715,41694.334046887554,1138.9276835093258,42468.37116691633,1772.2124592450232,85.23177909477991,1.7124420268226292,85.74006295062414,3.5809190098606627,0.02111527271990892,-0.020613321959754696,21.41075877248595
496.5,42412.38515688648,1659.005547455331,41737.302524829676,1138.242796358963,42511.23354825436,1774.0161799087132,85.19180346169915,1.7636929914148314,85.70946240147,3.63396364489907,0.021545639523267702,-0.020784244023737283,
497.0,42454.971072321976,1659.9001621373807,41780.26283492542,1137.5773072159411,42554.08409236096,1775.8443418166783,85.15185828030897,1.8147657367837464,85.69271402493628,3.678683986960952,0.02030846137720836,-0.02100193607912062,
497.5,42497.53702582163,1660.8202691117565,41823.2115280482,1136.934747537736,42596.91935010954,1777.7004764263945,85.11195571829857,1.8656621607199018,85.64831696940838,3.745854451903966,0.02022751780819988,-0.021345231416990195,
498.0,42540.08304173379,1661.765782154906,41866.13183652332,1136.3142527655075,42650.49558526759,1761.5262265265455,85.0721079303749,1.9163900118784025,85.83549756356763,3.474975879907731,0.020075865476178463,-0.02192333311908511,15.38235404943244
498.5,42582.60915048003,1662.7366203313932,41909.028117761154,1135.704321335486,42693.406842056596,1763.2687289113387,85.03232705456017,1.9669626940701335,85.80952959244141,3.495033659265057,0.019044196968927576,-0.0214735124708983,
499.0,42625.11538854579,1663.7327107653946,41951.909068727065,1135.1098706473615,42736.29959891003,1765.0312020597091,84.99262520849452,2.0173990419358887,85.76149782128495,3.554858934216397,0.01952586649550904,-0.021213660076619813,
499.5,42667.60179846935,1664.753991293158,41994.76662078123,1134.5338072614136,42779.165787188074,1766.816552531936,84.95301448574486,2.067723069118042,85.70325529089862,3.586542954690751,0.01860569844855471,-0.021894988433185436,
500.0,42710.06842882882,1665.8004129829799,42037.59939062819,1133.9695799812127,42821.24154621365,1770.7134006376473,84.91350695212105,2.117963690169421,85.62508284599083,3.6548452599883317,0.019102759898896784,-0.0226494029949181,17.900696225935988
500.5,42752.51533422735,1666.8719425099118,42080.41020221435,1133.41645494169,42864.042327341245,1772.5480404427265,84.87411464200056,2.168154417558493,85.5780416644041,3.683713960328386,0.018910599801355708,-0.022161590127878553,
501.0,42794.94257527652,1667.9685643731123,42123.19987094579,1132.8790764189,42906.81874873208,1774.4029768562893,84.83484955466265,2.218333035243261,85.52764389894534,3.7360316939230556,0.018625413353604778,-0.02214187293532041,
501.5,42837.35021857784,1669.0902829445213,42165.971359548006,1132.3672823985028,42949.57377311164,1776.288047863996,84.7957236506333,2.2685412503929103,85.49245361929205,3.8042523369045087,0.01965006708176701,-0.02247462357612935,
502.0,42879.73833670251,1670.2371243383534,42208.72417917113,1131.881414075391,42991.21592918752,1783.6254699561343,84.7567488480419,2.3188243249357323,85.38888973379976,3.9446086392168076,0.019277956970414956,-0.02296001477735144,16.734278575335725
502.5,42922.10700816927,1671.4091380917632,42251.46292831041,1131.4196109864731,43033.90612373763,1785.6130425989159,84.71793701899085,2.369230688703782,85.37188846663334,4.0056819319090025,0.019185646895283702,-0.022944976335508405,
503.0,42964.456317420496,1672.6063986479462,42294.19204097604,1130.983119877712,43076.58336244776,1787.6306245646442,84.6792999859393,2.4198115360286447,85.33706637390056,4.064645931004607,0.018382242492163164,-0.0229616621389632,
503.5,43006.78635479651,1673.829006633883,42336.90496421594,1130.5620413433242,43119.241092365824,1789.6683164475362,84.64084951810176,2.470620407718248,85.29385329835675,4.086121600562891,0.018242823931248115,-0.023340332304796405,
504.0,43049.097216507995,1675.0770899259155,42379.603101239714,1130.149837283406,43162.36183879343,1784.7187035476165,84.60259732786324,2.5217127604114964,85.31751148486504,4.010515448240172,0.018213321161787213,-0.023693335134965077,13.056025559482647
504.5,43091.38900460676,1676.3508044973596,42422.29079279438,1129.751438077763,43205.01418765238,1786.7341701189896,84.56455506721143,2.573145525365358,85.2918839509104,4.051350837252107,0.01764240930522522,-0.024314186811324863,
505.0,43133.66182695461,1677.6503350433954,42464.96669129972,1129.3643564128595,43247.65153537243,1788.7654706740082,84.52673432418746,2.624976658777601,85.25750692931618,4.073851382822721,0.017874428119167004,-0.024967001294537744,
505.5,43175.91579719049,1678.9758953795367,42507.63044033467,1128.9910817160287,43290.27352553255,1790.8150946400056,84.48914661935602,2.67726468578747,85.23045371116584,4.124644481167128,0.017582909843789005,-0.025272752825698235,
506.0,43218.151034695904,1680.3277286110651,42550.282439403665,1128.6402048998339,43333.343062100015,1802.2820552855949,84.45180340229614,2.7300682403260277,85.14278199393628,4.3225209312261414,0.017461275246626256,-0.02482200867483071,13.725775389631071
506.5,43260.36766455851,1681.7061070718985,42592.92181436199,1128.309777917175,43375.90675379689,1804.4541815394805,84.41471604811346,2.7834456030075194,85.11198479355002,4.365984084315655,0.01739967504514898,-0.025012248898785408,
507.0,43302.56581753403,1683.111332032466,42635.551184300086,1127.9966970046082,43418.457108682276,1806.6484014279367,84.37789585397536,2.837454239262885,85.08943474800023,4.410895469509046,0.017593921730385646,-0.024411068124064402,
507.5,43344.745630006444,1684.543733177261,42678.16891163496,1127.7070560621082,43460.99248917318,1808.8708088509386,84.34135403566965,2.89215033991637,85.0520872155853,4.478734222499014,0.01684243726373159,-0.024468171830317898,
508.0,43386.90724394641,1686.003667853839,42720.77455993553,1127.4408227009887,43502.743849606486,1805.691335374306,84.30510172418819,2.947588366396102,85.05221794275981,4.444163291714708,0.016600301502116336,-0.024612271726460015,10.194692705372912
508.5,43429.050806868036,1687.4915200961254,42763.37118625421,1127.1953234854352,43545.26370865611,1807.92763928294,84.26914996233623,3.003820602749524,85.0272182557102,4.501052342821358,0.01754183576396054,-0.023797421086199956,
509.0,43471.17647178396,1689.007699425964,42805.95645008955,1126.973716400599,43587.76893324901,1810.1924549074565,84.23350970136869,3.0608967166048155,84.99368011590397,4.558210155244517,0.016968103859714836,-0.02350875797442701,
509.5,43513.28439715872,1690.55263943791,42848.527350326505,1126.7766416002064,43630.25652227015,1812.486422401582,84.19819179765433,3.1188633311800147,84.95667596864185,4.617659821258173,0.016648684584643428,-0.023542234164532706,
510.0,43555.37474686048,1692.1267961733033,42891.07768485176,1126.6001148427736,43665.8785530925,1784.4422047299902,84.16320700936876,3.177763610392639,84.9974478235621,4.226756843767114,0.017428156502485474,-0.02336483908553474,5.7184574455766235
510.5,43597.44769011112,1693.7306462906674,42933.60984954063,1126.4412466056056,43708.37055900178,1786.5672131066644,84.12856599321738,3.23763685906445,84.97057581353339,4.273276662930537,0.01695338878659107,-0.023076157644022172,
511.0,43639.50340143472,1695.3646850404707,42976.12486236376,1126.298878415838,43750.84241538992,1788.7126552378686,84.09427930118929,3.2985181401488113,84.91684973902439,4.308491861886079,0.017076843021151245,-0.023530509496663,
511.5,43681.542060604355,1697.029424053216,43018.61633390044,1126.1804540871817,43793.287732836216,1790.8859749373132,84.06035737734304,3.360437910832229,84.86442004618428,4.384786935892364,0.016564759046263394,-0.02275573773944161,
512.0,43723.563852587344,1698.7253889507435,43061.08960368296,1126.0895430289315,43835.20968998023,1791.4268052832529,84.02681055462521,3.423421679277398,84.83559657321264,4.411201340229782,0.017286882190324964,-0.022886112400271483,7.239375541924483
512.5,43765.56896748893,1700.4531167914836,43103.55373697018,1126.026443172889,43877.62345210063,1793.6517596258655,83.99364905172301,3.487489683682854,84.81945190840322,4.488616030221173,0.017630391593677526,-0.022909235238929085,
513.0,43807.55760049435,1702.2131533612128,43146.008938644554,1125.9953001294948,43920.02529694906,1795.9125684326455,83.96088296995146,3.5526565952344935,84.78792748530869,4.55461919689845,0.01779566555504144,-0.02275327124084303,
513.5,43849.52995180939,1704.0060503216257,43188.452379263676,1125.9890382620658,43962.412395083105,1798.2021560669095,83.92852229017646,3.618931246417307,84.76046505087709,4.603731340158398,0.01713759925647391,-0.022553407107476043,
514.0,43891.48622659938,1705.8323622297405,43230.88130497095,1126.0079074292305,43989.954314604096,1759.618212759592,83.89657686977456,3.6863163860420207,84.76795880214925,4.1163130677113715,0.018323264814720044,-0.023131362444004207,1.8759849887000777
514.5,43933.426634926735,1707.6926434418065,43273.29162536401,1126.055004603066,44032.32745554858,1761.6913173713724,83.8650564396303,3.754808462221638,84.7246049757467,4.176105379409778,0.017846901497501948,-0.02402170534611861,
515.0,43975.35139168694,1709.5874449159637,43315.68977865897,1126.1342306966162,44074.685678844595,1763.799594694451,83.83397060117201,3.8243974344074627,84.70828820830216,4.257003912904324,0.01799734588248142,-0.02342847439920335,
515.5,44017.260716543096,1711.5173109284315,43358.08382856101,1126.244832520054,44117.037048197315,1765.9422915390007,83.80332882344726,3.895066615463806,84.69718920257287,4.3137834652950415,0.01829938702236629,-0.023723178437330655,
516.0,44059.154833859015,1713.482775718454,43400.47391949449,1126.383795395191,44167.042770668464,1786.3825011251074,83.77314044023835,3.9667925446256658,84.67467962593618,4.624701104700934,0.017922103379333944,-0.022890128580231026,5.748817226147502
516.5,44101.03397263088,1715.4843600776214,43442.85576132276,1126.5490519402515,44209.373005642454,1788.7071629616585,83.74341464721925,4.039544892044933,84.64626027002755,4.673946241503206,0.01838763383706583,-0.023690725685153326,
517.0,44142.898366417474,1717.5225678995048,43485.23178527312,1126.742072617346,44251.694592286374,1791.0630002775852,83.71416049915449,4.11328639548868,84.6400863056441,4.749403022204208,0.018425618365111272,-0.024100883213373888,
517.5,44184.74825326905,1719.597882705779,43527.59798440648,1126.9678500536488,44294.00352366114,1793.4550057000624,83.68538690714094,4.187972829608456,84.5956391933856,4.8186186677044605,0.017935742718471235,-0.02414255676536369,
518.0,44226.583875654804,1721.7107641651944,43569.94225471466,1127.2236523525867,44341.67059080302,1807.4407756253063,83.65710263589348,4.263553008052987,84.54480140020104,5.033268580049728,0.018213565948723056,-0.024025229881918974,3.8206973534661515
518.5,44268.40548038904,1723.8616446218448,43612.26461322828,1127.5118108497006,44383.93187794276,1809.977157663337,83.62931630107512,4.339968818548739,84.50034715876636,5.112259572072831,0.018354792135919958,-0.023401815565241447,
519.0,44310.21331855597,1726.050925649213,43654.57402401018,1127.8366412823991,44426.17734927278,1812.5538479864733,83.60203636667262,4.417155290924324,84.4815381612845,5.194501720472881,0.01795490963948843,-0.023323550539314456,
519.5,44352.007645433245,1728.2789746464207,43696.8710825593,1128.1912778445742,44468.40760029202,1815.1639807886074,83.57527114241827,4.495040697906175,84.43946591567992,5.246029488063298,0.017596583535941398,-0.023251225987038368,
520.0,44393.78872041416,1730.5461214929885,43739.14844851681,1128.5702886834836,44509.93057285839,1816.4542685227511,83.54902878125866,4.573546688365122,84.38999917694099,5.289380344121953,0.01787821052560366,-0.02331435752313163,1.453311400278621
520.5,44435.55680692869,1732.8526552782166,43781.41389373255,1128.9726167089802,44552.12282773878,1819.1107708441275,83.5233172768712,4.652588452546964,84.37902034459287,5.336628941383638,0.018724937829352594,-0.022756212224762006,
521.0,44477.312172363214,1735.198821121022,43823.67532155131,1129.4033494025005,44594.30820015117,1821.799288778178,83.4981444612292,4.732074918675694,84.3624693049646,5.417442794818821,0.018637144361764134,-0.02251926138831612,
521.5,44519.055087979075,1737.584817095735,43865.93551223718,1129.8691737041358,44636.48947035964,1824.5265092649943,83.47351800221618,4.811908980176126,84.36261152889189,5.491439152446967,0.01847236008777094,-0.021558200795797514,
522.0,44560.78582882995,1740.0107912789351,43908.19109814016,1130.373424905388,44703.91633142695,1873.4491229566802,83.4494454012901,4.891987752624152,84.4040877290965,6.16235508731721,0.017885339080395926,-0.02042987834308912,3.9015621831873535
522.5,44602.50467367807,1742.4768389319406,43950.43537586455,1130.9186368311248,44746.11167767659,1876.551755109206,83.4259339911984,4.972202859398154,84.3772972694598,6.248173522785688,0.017318797809275564,-0.02029863384996067,
523.0,44644.21190490931,1744.982999833009,43992.67285908057,1131.5004796697183,44788.29730479647,1879.695472508423,83.40299093374436,5.052440744874933,84.36521121006027,6.326696074082617,0.017466912581441004,-0.019231435949648254,
523.5,44685.90780844715,1747.5292557726998,44034.90386094331,1132.1255074084156,44830.473525941685,1882.8868291415788,83.38062321760553,5.132583013888439,84.33967337079972,6.438730458540135,0.018070555244343874,-0.01941833411858436,
524.0,44727.5926736656,1750.1155282251846,44077.12663610242,1132.789649077033,44836.09667014883,1823.4255266298903,83.35883765620493,5.212506796050125,84.19004791167836,5.7314176364973575,0.017573101843393203,-0.019727986675341515,-5.405121456729923
524.5,44769.26679330106,1752.741676207551,44119.34082543549,1133.48287588419,44878.18496431876,1826.308659080868,83.3376408856356,5.2920851334165055,84.16312876804433,5.801112167413053,0.01813700310349856,-0.020205011764859244,
525.0,44810.93046336313,1755.407494338376,44161.54715926292,1134.2177957666404,44920.262505954284,1829.2368265969635,83.31703936263919,5.371187389882908,84.14703777404956,5.911557896968635,0.01754861049481374,-0.02084576212851395,
525.5,44852.58398304445,1758.1127111059925,44203.74229464973,1134.995410980236,44962.32595212042,1832.2110314340284,83.2970393626392,5.449679680582999,84.10674689051241,5.985261451291245,0.01793190495543302,-0.020456546205547713,
526.0,44894.227654629576,1760.8569873560086,44245.92503551374,1135.8066332678432,45001.57234458109,1830.6756596443936,83.27764697782935,5.527425319481857,84.07414893629264,6.00450505416112,0.017229258117996662,-0.02005304687413634,-2.5771168227934576
526.5,44935.86178340286,1763.639915006696,44288.10337216397,1136.6458972201444,45043.60733585004,1833.690733450095,83.25886811531791,5.604285283266606,84.06581613952041,6.055790168644603,0.016865845692698438,-0.02094698318702268,
527.0,44977.48667755552,1766.4610159999033,44330.27568666164,1137.513425671743,45085.633406363,1836.7373353436333,83.24070849532833,5.680118689563193,84.03846591228445,6.130617405507918,0.01616461282784698,-0.02114869648368002,
527.5,45019.10264809172,1769.3197414941544,44372.44083498678,1138.4139313596368,45127.64941209998,1839.8201780620054,83.22317364945677,5.754783287441306,84.02555703563878,6.200753467980873,0.01670284915035469,-0.02104128368006927,
528.0,45060.71000873383,1772.2154713055427,44414.60327910495,1139.3421932438325,45146.040304096365,1806.4858417684814,83.20626891898713,5.828135958111755,83.90502446679746,5.822271851415926,0.01715485574297105,-0.022118815000325358,-6.017792594772541
528.5,45102.309075826895,1775.1475136009888,44456.76483610753,1140.30139357376,45187.99138646056,1809.41738821646,83.18999945326411,5.900033223672366,83.89930498999522,5.903913940498886,0.017124213520431506,-0.022371279214216874,
529.0,45143.90016824224,1778.1151048473369,44498.931619433904,1141.2974794940783,45229.94475706229,1812.3884723578149,83.17437020812454,5.970331761719609,83.91417741688416,5.980422624919969,0.01577524759226968,-0.02244557492387158,
529.5,45185.48360728037,1781.1174100186702,44541.09631028837,1142.3212633768426,45271.89309710582,1815.3899065646003,83.1593859443879,6.038888923614068,83.87918275727168,6.025314202222108,0.01656007370249986,-0.022421366515267903,
530.0,45227.059716573065,1784.153523063116,44583.2492896859,1143.3676464500068,45319.70462895451,1827.0938088879284,83.1450512264061,6.1055632541685565,83.8857240573615,6.182754745828066,0.016929313150326312,-0.021912306289827165,-4.119432142605411
530.5,45268.628821984836,1787.2224676292876,44625.40225256902,1144.4481019719633,45361.650444859995,1830.2079533337626,83.13137042067306,6.170215010518307,83.89753956459292,6.273823037509079,0.01590593122739762,-0.022143638224626457,
531.0,45310.19125151363,1790.3231980514006,44667.55616192862,1145.5596487418095,45403.59428435405,1833.3559829708763,83.11834769449477,6.232706677933201,83.87781841160766,6.318295510945999,0.01581138654794143,-0.021140858901183633,
531.5,45351.747335190936,1793.4546005909694,44709.70370310174,1146.7019407325167,45445.5288327737,1836.537551772241,83.10598701471977,6.292903480342538,83.86037526699974,6.407979694512801,0.014511973816326391,-0.020632793655627965,
532.0,45393.29740498125,1796.615494931896,44751.8402621667,1147.8825362316381,45480.16110365336,1829.4561716475353,83.09429214653086,6.350673883363242,83.7819626596694,6.3642398161567355,0.014666364044128018,-0.020559263018384403,-6.396164386757372
532.5,45434.84179468096,1799.8046359246498,44793.971056320144,1149.0949761667841,45522.05292892899,1832.654171455963,83.08326665229818,6.405890087652664,83.7853384428485,6.4277594175542685,0.014542370743254427,-0.021840252176225827,
533.0,45476.38083981665,1803.0207155741746,44836.10460789877,1150.3357846609408,45563.944563812496,1835.8831696204861,83.07291389049408,6.458428510447038,83.78120109116337,6.488233240537957,0.014166997221631747,-0.021820226546342778,
533.5,45517.91487754294,1806.2623652650852,44878.2368318052,1151.5977359031144,45605.8319232065,1839.1359403301108,83.0632370146701,6.5081702531960826,83.76823648486197,6.5228495979606596,0.01419382517502987,-0.02087791359709698,
534.0,45559.44424653973,1809.5281582167,44920.36353896672,1152.8795063069779,45654.006664397675,1850.9697669348795,83.05423897249634,6.555001553262973,83.78419938006276,6.674946768847503,0.013897766455725293,-0.02234540997383379,-6.104735559215317
534.5,45600.96928690907,1812.8166121594475,44962.47831544829,1154.180662456683,45695.88912199137,1854.3155275191561,83.04592250486363,6.598814217726653,83.74563099471477,6.7080955682589956,0.013403048972829559,-0.02217898987472791,
535.0,45642.490340071556,1816.126192223229,45004.581601034704,1155.4993887549747,45737.75716685315,1857.6816211017956,83.03829014504856,6.639506037399915,83.72654845240818,6.756278762299019,0.013668879499512874,-0.02181519380315232,
535.5,45684.007748662305,1819.4553140273943,45046.68425254385,1156.8293433560607,45779.62165580089,1861.0617058370053,83.03134421794189,6.676981179261597,83.73140733853943,6.764060178539323,0.014695681056638182,-0.022087412167387077,
536.0,45725.521856426625,1822.802346961108,45088.789670247235,1158.1662320185633,45808.469587431806,1847.4222518673923,83.02508683934029,6.711150555594076,83.64574141601325,6.605052310551726,0.013555184111786533,-0.021771308957960298,-8.702833731412898
536.5,45767.033008115286,1826.1656176420609,45130.90170302768,1159.5135093263116,45850.29749068648,1850.730048726424,83.01951991530188,6.741932168217762,83.66587160268658,6.626135125575041,0.01335900627592194,-0.021342458756881066,
537.0,45808.5415493795,1829.5434135406958,45173.02265639286,1160.8714170385026,45892.131330573786,1854.0509803714071,83.01464514156568,6.769251426321932,83.6694879465476,6.657591454358375,0.012395513110726368,-0.020650916425701174,
537.5,45850.04782666565,1832.9339867564026,45215.14660953315,1162.2411995391772,45933.9651862841,1857.3862911863828,83.01046400303497,6.793041436505553,83.66593489470695,6.683651805544063,0.012469295824837167,-0.01936555342517286,
538.0,45891.55218710974,1836.3355579314696,45257.26894968518,1163.6185257473112,45984.788514306674,1872.09692822663,83.00697777332506,6.813243263762245,83.70884353366742,6.822847245466469,0.011391514426133157,-0.019722288810817532,-7.684444124071728
538.5,45933.05497843167,1839.7463202879776,45299.38555384851,1164.9980447835508,46026.63794871563,1875.5096004035474,83.0041875143753,6.829806162269646,83.6888941021616,6.827841462202672,0.010938375017543557,-0.018771641761898786,
539.0,45974.55654882929,1843.1644437722887,45341.50144477718,1166.3804399951248,46068.483733748886,1878.9278218287918,83.00209407612559,6.842687774974657,83.69424603086563,6.845044238774796,0.011044271232276071,-0.019508611696423213,
539.5,46016.05724687239,1846.5880792913078,45383.621263723224,1167.7666465597752,46110.33051065845,1882.352527680105,83.0006980962575,6.851854301101688,83.69286160740093,6.85377916647758,0.010849773568147215,-0.01845706787114069,
540.0,46057.55742139646,1850.015363024296,45425.740754838036,1169.1512291981894,46141.39099542424,1872.6300998290753,83.0,6.857280630850663,83.60925219452992,6.706563056046426,0.01027730632582928,-0.019433783208098045,-10.082136305586546
540.5,46099.05742139646,1853.4444207936822,45467.855684677044,1170.5241117048681,46183.191010483955,1875.9753934651815,83.0,6.858950446694291,83.59080804433707,6.674611488378426,0.010683475761643415,-0.020813534960163714,
541.0,46140.55759592052,1856.8733724780632,45509.96698072877,1171.8802705941848,46224.98439264114,1879.3064457202313,83.0006980962575,6.856856290829661,83.5827205844055,6.64959753182053,0.011413980526920317,-0.02116230861288194,
541.5,46182.05829396362,1860.300336450392,45552.08023234461,1173.216967394166,46266.77673124719,1882.6205181222513,83.0020940761256,6.850999598486598,83.58663383977756,6.606692076259096,0.011894251764995919,-0.021424224332577475,
542.0,46223.559864361254,1863.7234340242496,45594.19993309328,1174.5410922979283,46304.81337795901,1881.4877817867164,83.00418751437532,6.841390696944027,83.5706367514108,6.561718665548822,0.01252858206552842,-0.021229347725455316,-10.288326850906598
542.5,46265.06265568318,1867.1407938910495,45636.32726804085,1175.8575649296822,46346.6008479052,1884.7628028384775,83.00697777332508,6.828048770255019,83.57924303335435,6.538365541496118,0.012405593114100338,-0.020851110475601654,
543.0,46306.56701612727,1870.550556531071,45678.46318646311,1177.1634034579567,46388.39387859197,1888.0296089403978,83.01046400303498,6.811001789830633,83.59287971371411,6.528858866185248,0.01240243756271365,-0.021164767295644715,
543.5,46348.07329341342,1873.9508785813239,45720.60065745134,1178.4569012348686,46430.18543911059,1891.2864934445938,83.0146451415657,6.790286411181425,83.57336236077856,6.498679150598626,0.012377536037605111,-0.02012824520058927,
544.0,46389.581834677636,1877.339937143435,45762.73145079285,1179.7380710974592,46486.402675207515,1911.023085458998,83.0195199153019,6.765947837262966,83.65638728156509,6.663585372368855,0.013319489936058648,-0.02039463863048847,-9.481969123751899
544.5,46431.09298636629,1880.7159340150051,45804.85787927696,1181.0009756550976,46528.22835064787,1914.3415107214223,83.0250868393403,6.738039649017143,83.64631447987281,6.61011567732872,0.012615295541835669,-0.019982685189210283,
545.0,46472.60709413061,1884.0770998282203,45846.98207436993,1182.2372455920465,46570.04886666,1917.6359503083313,83.0313442179419,6.706623603843872,83.6357495686395,6.567642670306837,0.012501894245806293,-0.02028238567448434,
545.5,46514.12450272136,1887.4216980799008,45889.108050463474,1183.4529468271023,46611.86823763561,1920.9124701385208,83.03829014504858,6.6717694028774055,83.64173433379192,6.538436650451415,0.011905352778282323,-0.020275379791589044,
546.0,46555.645555883835,1890.7480290376395,45931.23520863086,1184.646733965719,46691.04463230943,1965.4219969531018,83.04592250486364,6.633554428077086,83.90091303303515,6.921197391164767,0.011620598342264251,-0.021057399726726964,-8.116878016689755
546.5,46597.17059625318,1894.054433507227,45973.36754228085,1185.8096415855935,46733.00071111989,1968.8666104341085,83.05423897249635,6.592063450273609,83.92340220879451,6.857256532861839,0.012075005485329096,-0.021447821597570298,
547.0,46638.69996524997,1897.339296447155,46015.51336896329,1186.9432415006677,46774.96762231349,1972.2851285808715,83.06323701467011,6.5473883094379595,83.94424256561835,6.816816054190188,0.012622954422714456,-0.021691698826850188,
547.5,46680.23400297626,1900.6010504166545,46057.66552182426,1188.050039673081,46816.93819903632,1975.6800573555304,83.07291389049409,6.499627568560652,83.9380643257077,6.7628990444452555,0.012439064432000907,-0.021532444024406093,
548.0,46721.773048111965,1903.8381788444556,46099.824145169776,1189.1268182654285,46828.386613489885,1946.5098623769163,83.08326665229819,6.448886142643256,83.73123172168383,6.37432414329476,0.013026910694984458,-0.01923485253258847,-13.797068827921954
548.5,46763.31743781167,1907.0492191062194,46141.99071683055,1190.1739074101843,46870.25204815721,1949.6836575858013,83.09429214653088,6.395274904411772,83.73050694759918,6.32085669224442,0.013601374199627756,-0.02020081309840887,
549.0,46804.86750760198,1910.232765399438,46184.16702399383,1191.1874201398252,46912.12432874921,1952.8266532645262,83.10598701471979,6.338910268461942,83.75861542043118,6.251126022655184,0.012891293842010711,-0.019353238604231368,
549.5,46846.42359127928,1913.3874714054632,46226.351020682196,1192.1663381600335,46954.001409288496,1955.9378311187736,83.11834769449479,6.27991375563942,83.7497067367176,6.1935853943346935,0.012550062978352925,-0.0201276535804756,
550.0,46887.98602080807,1916.5120527292588,46268.5399269942,1193.1093320466591,47002.720305210896,1966.10439383433,83.13137042067308,6.218411539542611,83.81879123020248,6.1907907240888616,0.012877757605117378,-0.019954392701589798,-11.562869670079548
550.5,46929.55512621984,1919.6052891084225,46310.74481981803,1194.018513457046,47044.638577144724,1969.187562391377,83.14505122640611,6.154533977112439,83.85429650508405,6.141883504099398,0.012016340738763572,-0.019975819023724313,
551.0,46971.13123551254,1922.6660263840358,46352.970068599294,1194.901533100157,47086.57436866109,1972.2474394555807,83.15938594438792,6.0884151253410375,83.88886956037076,6.097624752715291,0.011727292431160321,-0.020191543744899527,
551.5,47012.71467455067,1925.6931782269185,46395.2111904376,1195.7568534033383,47128.523196859605,1975.282487454287,83.17437020812456,6.020192246190085,83.90644323370194,6.042567242110837,0.010851822004274758,-0.020459656876303037,
552.0,47054.30576696602,1928.6857276139308,46437.46202283335,1196.585682672706,47178.079936889895,1985.9235749664253,83.18999945326412,5.950005301858885,83.97541477922907,6.080023094488541,0.010350126311681772,-0.020120891138323518,-11.892853265095754
552.5,47095.90483405908,1931.642728050041,46479.72590622545,1197.3850626051646,47220.075408864905,1988.9469132438996,83.20626891898715,5.877996442582231,84.00647312082636,6.013330015407947,0.010247855476255919,-0.02033689115424195,
553.0,47137.512194701194,1934.5633045329785,46521.999158405284,1198.1423175209043,47262.0774747091,1991.9310956010409,83.22317364945678,5.8043094891682765,84.00179025596002,5.923399413156966,0.00960725455664893,-0.020239254547555006,
553.5,47179.12816523739,1937.4466542583973,46564.275361837266,1198.8503137910495,47304.0797168869,1994.8689884089738,83.24070849532835,5.7290894125070775,84.007178455243,5.8281718185748215,0.008846422140670315,-0.021017802399658822,
554.0,47220.75305939005,1940.2920470645968,46606.558911469765,1199.5069102324865,47362.14346354759,2013.3704501675252,83.25886811531792,5.652481812290912,84.14708799736079,5.885255840656428,0.009120762949881128,-0.02059071417071231,-11.563362216767176
554.5,47262.38718816334,1943.0988256169665,46648.85533149159,1200.1175242192962,47404.22394598282,2016.294788050344,83.27764697782936,5.574632397188077,84.1748417435625,5.812095690619121,0.007945655560547703,-0.02171314052031289,
555.0,47304.030859748455,1945.866405333439,46691.16099964252,1200.6837089717824,47446.311036024425,2019.1778647693352,83.29703936263921,5.495686468702404,84.1735184228619,5.72021118534565,0.008473830000069283,-0.021861063131950444,
555.5,47345.684379429775,1948.5942740533474,46733.470941359825,1201.1971538658106,47488.39975910969,2022.0113697003644,83.3170393626392,5.41578841093144,84.18137391821382,5.613808538770691,0.008770538252342511,-0.022321848169662806,
556.0,47387.34804949184,1951.281991453182,46775.79187169908,1201.6549617511787,47496.00456793335,1992.330000823768,83.33764088563561,5.3350811884070986,83.92938562066479,5.190358599235824,0.008084099925744822,-0.021868211397715002,-15.724972436562208
556.5,47429.022169127304,1953.9291882138245,46818.1222049146,1202.0614729346107,47537.9694898235,1994.9027161283439,83.35883765620494,5.25370585416374,83.93030193994713,5.1005026190678135,0.007739430673270787,-0.021582176153316514,
557.0,47470.70703434576,1956.5355649448982,46860.46191172546,1202.4240871987856,47579.94084668962,1997.4342953039147,83.38062321760555,5.171801070130318,83.9551255245028,5.025814083215531,0.006495600245263732,-0.022321678427194534,
557.5,47512.40293788359,1959.100890872902,46902.818449842154,1202.7415893256818,47621.92609624218,1999.9235231324585,83.40299093374438,5.089502641885571,83.98587268575419,4.931097230959632,0.005813401936205108,-0.022786376278825907,
558.0,47554.11016911482,1961.6250023008106,46945.19113631643,1203.0145981750206,47680.89366797694,2017.906339032525,83.42593399119842,5.006943069748589,84.14626666564587,5.010644137363248,0.0054806338693830885,-0.022516730733896574,-12.29136307208968
558.5,47595.82901396294,1964.1078008477732,46987.57694314932,1203.239403049561,47722.971535156204,2020.384367526962,83.44944540129012,4.924251118101645,84.16520205140664,4.901469840384658,0.005128506279769422,-0.022609200724397784,
559.0,47637.55975481382,1966.549251478488,47029.96932535457,1203.4155848461924,47765.05318919865,2022.8167264058634,83.4735180022162,4.841551404758403,84.16141411837314,4.827965675220381,0.004550785502916569,-0.022081896692108534,
559.5,47679.30267042968,1968.9493803327023,47072.37076227573,1203.550125749819,47807.141109447795,2025.210397854133,83.49814446122922,4.758964012098763,84.19026687824704,4.7467201178580885,0.004688366019021777,-0.022185238873163496,
560.0,47721.058035864204,1971.308272366125,47114.78674869846,1203.6383986130688,47892.304625660385,2065.6983780099354,83.52331727687121,4.67660412159217,84.56471286234206,5.023433003496578,0.005350642818983867,-0.022436793475037492,-10.391743956309709
560.5,47762.826122378734,1973.6260688148293,47157.21442544021,1203.6759999890483,47934.59153183101,2068.1856128363197,83.54902878125867,4.594581673224617,84.58291182014344,4.925506302041993,0.005863585815982477,-0.022985345689572858,
561.0,47804.607197359655,1975.9029644959433,47199.66361635432,1203.6571308526013,47976.89755512889,2070.619796934391,83.57527114241829,4.5130010512312575,84.64118137140817,4.811230090244607,0.005847753007182631,-0.022887327546806713,
561.5,47846.40152423693,1978.1392049581052,47242.1332719525,1203.5841758988843,48019.221646065744,2073.0033149993064,83.60203636667264,4.4319607974171005,84.65518237601309,4.722842169416623,0.006408393037588168,-0.02266256057835178,
562.0,47888.20936240387,1980.3350834957653,47284.618848856895,1203.4586206334561,48085.26054835954,2095.594557450806,83.62931630107514,4.351553353223123,84.89428502791492,4.808263084163863,0.006104406220435383,-0.022656621816146177,-11.773258119054997
562.5,47930.03096713811,1982.4909380419624,47327.12473477231,1203.286118048228,48127.715689490346,2097.9823670102173,83.6571026358935,4.271864831564932,84.92627949530893,4.7429751534815425,0.005870413717771364,-0.021825818294553146,
563.0,47971.86658952387,1984.6071479546877,47369.647622451695,1203.069820013466,48170.18565666182,2100.330044915459,83.68538690714095,4.192974819336434,84.95358919060708,4.647736467484478,0.006170200053639067,-0.02123114369091503,
563.5,48013.71647637543,1986.684130712355,47412.194193119816,1202.7981006734199,48212.67713109874,2102.625965310781,83.7141604991545,4.114956211332313,85.01230855705938,4.535945113802965,0.006530962902528251,-0.02084835845561637,
564.0,48055.580870162026,1988.7223385342384,47454.75980176666,1202.4738123942338,48296.81965556774,2139.290468145346,83.74341464721927,4.037875076201311,85.37503596978543,4.778170752059215,0.0063989525339943195,-0.02026608130585253,-10.354719549753867
564.5,48097.46000893389,1990.722254942013,47497.34224599673,1202.1094423509287,48339.51984975547,2141.664297585945,83.77314044023836,3.961790554897698,85.42574078111144,4.717147010336384,0.007183034093256881,-0.02078402522002265,
565.0,48139.35412624982,1992.6843912787253,47539.947527848,1201.703058871574,48382.2411033545,2144.0001868417967,83.80332882344727,3.886754791951871,85.45927361503044,4.626410013069857,0.007605181902435114,-0.0205863733740874,
565.5,48181.26345110597,1994.6092832016466,47582.57106675532,1201.2577790752412,48424.9788357997,2146.301253031972,83.83397060117203,3.81281289973309,85.4916561657631,4.577854747631569,0.007294455646125323,-0.020188704888117148,
566.0,48223.18820786617,1996.4974871655122,47625.21087949054,1200.7783561239758,48460.35502781493,2142.6831393471034,83.86505643963031,3.7400029557288716,85.45377454954777,4.450880361614603,0.007088023049439043,-0.02156638041771436,-13.984805005865269
566.5,48265.12861619353,1998.3495769126237,47667.8722565355,1200.2556957690763,48503.09526523829,2144.887311872298,83.89657686977458,3.6683560327169493,85.50717514389642,4.365809739164485,0.007109792778113768,-0.022048927534893785,
567.0,48307.08489098352,2000.1661399861923,47710.55223106282,1199.6945772441723,48545.8522499923,2147.0570302976876,83.92852229017647,3.597896261557822,85.52076387214186,4.313063962392946,0.0074965618029769416,-0.022227554869488624,
567.5,48349.05724229855,2001.947774283129,47753.24690012871,1199.0966785685268,48588.62207913316,2149.193972642535,83.96088296995147,3.5286409261892984,85.55855269128266,4.234705416994885,0.006059658627499867,-0.02272509911116903,
568.0,48391.04587530397,2003.6950846622415,47795.95914718281,1198.4653477111717,48608.800544193626,2133.787771819008,83.99364905172303,3.460600590259796,85.3872883511981,4.032278419967755,0.00647003574306622,-0.02279602531911547,-15.300256457730532
568.5,48433.050990205564,2005.40867962348,47838.68479236979,1197.8048940127587,48651.49934371507,2135.788528682577,84.02681055462523,3.393779254695132,85.40790973459038,3.970749034307992,0.0063670420360138974,-0.023422438667756465,
569.0,48475.07278218856,2007.0891680734926,47881.42314135912,1197.1103221465655,48694.208772879916,2137.75896734713,84.06035737734305,3.3281745453547464,85.42980692477626,3.911005623903079,0.006673412616283631,-0.02343397586385852,
569.5,48517.11144135819,2008.7371561922807,47924.176171869105,1196.3766123698438,48736.930809406476,2139.6940680699186,84.0942793011893,3.2637779297983864,85.45833918147794,3.8293972672518963,0.005697319999798399,-0.02363897853722798,
570.0,48559.167152681795,2010.3532444152438,47966.943584024666,1195.6084917694145,48783.21390510539,2144.269081525947,84.12856599321739,3.2005749620538224,85.5101191613036,3.8132646124517615,0.005772950975908708,-0.024027434509017172,-13.44162046593471
570.5,48601.240095932444,2011.938024544295,48009.7302357952,1194.812630273973,48825.98097354414,2146.161997141021,84.16320700936878,3.1385455541507707,85.55815459367706,3.7583978478437707,0.006442601235079348,-0.02400715246867339,
571.0,48643.330445634194,2013.4920770010995,48052.53865554739,1193.9840097089077,48868.76777145463,2148.025984593867,84.19819179765435,3.0776642730664094,85.58903704829635,3.69755196354002,0.007121393873388653,-0.022674454387965504,
571.5,48685.438371008946,2015.0159682347696,48095.3602541825,1193.1202722965418,48911.565709738126,2149.858686106808,84.2335097013687,3.0179006616142323,85.60271608570514,3.633254088223908,0.0070859395168113406,-0.024669474909886836,
572.0,48727.56403592487,2016.5102482955983,48138.20036060684,1192.2255370691669,48928.01944507337,2132.4500171955647,84.26914996233624,2.959219581701002,85.42203418996453,3.412428040951117,0.0074392680450496235,-0.025000053047827306,-15.77173035057622
572.5,48769.7075988465,2017.9754485855926,48181.0662751347,1191.296683834833,48970.74104790813,2134.1369260416163,84.3051017241882,2.901581578276707,85.46437714908132,3.3352073432541096,0.008241317155865383,-0.02401237857145085,
573.0,48811.86921278646,2019.4120797957144,48223.95269687835,1190.3299729925832,49013.48085078103,2135.7895871598575,84.34135403566967,2.844943262210161,85.49483434252214,3.275437129710488,0.009069535627490681,-0.024107231953339407,
573.5,48854.04902525887,2020.8206300388265,48266.861026422754,1189.3342227400803,49056.240254277036,2137.4168187479513,84.37789585397537,2.78925771023859,85.5427796415021,3.233489222663709,0.008763951236977638,-0.02350170501082052,
574.0,48896.24717823439,2022.201563186402,48309.79223883781,1188.312773632489,49074.84614321064,2121.910735647411,84.41471604811348,2.7344748800636465,85.3620462288301,3.0308128657608995,0.009092251656121509,-0.023951235836333566,-15.748252160310308
574.5,48938.46380809699,2023.5553174160677,48352.74161009311,1187.2657317237047,49117.534303979235,2123.415663099466,84.45180340229615,2.680542038599068,85.39059684554988,2.988896942459801,0.010744037812545248,-0.024088302675115917,
575.0,48980.6990456024,2024.8823039760468,48395.70926549787,1186.1918058668514,49160.238192439305,2124.897120367641,84.48914661935603,2.6274042013170047,85.42495699471607,2.9369321302390987,0.01116702215471446,-0.024104099847113387,
575.5,49022.953015838284,2026.1829061715239,48438.69650982008,1185.088742613779,49202.95911335883,2126.3528540037846,84.52673432418747,2.575004580591092,85.45872668341342,2.886002414335307,0.011639670911725535,-0.02367264366199966,
576.0,49065.22583818613,2027.4574785768955,48481.6928708529,1183.9520666876974,49213.92846031534,2105.963563546907,84.56455506721144,2.523285040894893,85.16669083339806,2.617961094185988,0.012117082158494056,-0.023239911167424944,-16.452511260009445
576.5,49107.5176262849,2028.7063464767903,48524.70309223813,1182.7828667733218,49256.52482621323,2107.2607757085075,84.60259732786325,2.4721865586845366,85.21877275814748,2.5708875522151176,0.011986790474212642,-0.023138604573706506,
577.0,49149.82848799639,2029.9298055376548,48567.7454270356,1181.5824934604598,49299.15041789981,2108.529978953346,84.64084951810177,2.421649684774375,85.28359398815304,2.505925427139163,0.011914975208269129,-0.023125513309812232,
577.5,49192.1585253724,2031.1281217105995,48610.81783168759,1180.3413455301302,49341.80319181736,2109.7615720624412,84.67929998593931,2.3716150070043494,85.32750168206222,2.420447009242598,0.012087220308338927,-0.022239933265481245,
578.0,49234.50783462363,2032.3015313651001,48653.913429617554,1179.0659818246268,49386.55647030871,2112.3491351028033,84.71793701899087,2.3220236109975723,85.38356942698982,2.394263485828633,0.012299311407517447,-0.022459054475709648,-13.893087231778843
578.5,49276.87650609039,2033.4502416520536,48697.03265408422,1177.7647026422394,49429.25967616114,2113.5332054532482,84.75674884804191,2.272817536816337,85.42925398273903,2.342017915951594,0.012149946976457243,-0.02195445769186395,
579.0,49319.26462421506,2034.5744310935938,48740.174743057745,1176.432104551506,49471.98288081031,2114.6891372045025,84.79572365063332,2.223940229344388,85.46356461392962,2.281709089066681,0.012320222796032303,-0.021811274362549198,
579.5,49361.672267516384,2035.674250395993,48783.33344501358,1175.0727728188,49514.71983273168,2115.8215156229403,84.83484955466267,2.1753369802526774,85.48424307152351,2.247804584684238,0.01233445622260184,-0.022351076422313994,
580.0,49404.09950856555,2036.7498234809175,48826.50958415383,1173.688571589861,49547.96544374708,2110.8046753386316,84.87411464200058,2.126955359444887,85.43556753971733,2.1398572710866754,0.012198865605908913,-0.02236465412389938,-14.684648051028281
580.5,49446.54641396408,2037.8012487292606,48869.711430636686,1172.272066858638,49590.69661665269,2111.858659014526,84.91350695212107,2.0787456339275514,85.48912408271698,2.076077432491371,0.012235705820208722,-0.022820000213730346,
581.0,49489.01304432355,2038.8286004307693,48912.93564855375,1170.8267730087775,49633.44719400871,2112.886964225935,84.95301448574487,2.030661172107413,85.51318534136556,2.0371434131437844,0.01282113659803339,-0.02390544557084416,
581.5,49531.4994542471,2039.8319304316926,48956.18026702546,1169.3512333917358,49676.21520493557,2113.8881343243143,84.99262520849453,1.9826588315854625,85.558858366077,1.9675369803731142,0.012737330295767915,-0.02428503236072553,
582.0,49574.00569231287,2040.8112699717371,48999.44761395513,1167.8391177805713,49723.02300098395,2117.3632684320673,85.03232705456018,1.9346993285926495,85.62894194363389,1.9257204243017088,0.01278081566624236,-0.025538112127695405,-13.516995754340794
582.5,49616.53180105911,2041.7666317007092,49042.74242575912,1166.2919223607282,49765.853648254895,2118.3102374484333,85.07210793037491,1.8867475872961343,85.69364714015123,1.8621556411626203,0.013276226722844668,-0.026021517282635326,
583.0,49659.07781697128,2042.6980118643576,49086.072122930345,1164.7115233384086,49808.71625716248,2119.2271419704016,85.11195571829859,1.8387730672968414,85.75678849018225,1.8054624467103444,0.012113220626490584,-0.027367683720779745,
583.5,49701.64377047093,2043.6053926481163,49129.42641551263,1163.1049727453342,49851.60053775052,2120.121034029694,85.15185828030899,1.7907500677385486,85.78033386198274,1.7701057904593256,0.011747036365547336,-0.0277907588423006,
584.0,49744.22968590644,2044.4887446666896,49172.798758786565,1161.463829563963,49905.614246009434,2127.678989152235,85.19180346169917,1.742658006555344,85.91939756399778,1.7392636629861862,0.011699584947327825,-0.026778064184099854,-12.74357260176402
584.5,49786.83558154556,2045.3480295867028,49216.199112140064,1159.7821067023665,49948.58985089771,2128.533832631794,85.23177909477992,1.6944816734975552,85.9830219891178,1.6801102552501765,0.011491302123496094,-0.026912175572013423,
585.0,49829.461469569906,2046.1832028690012,49259.62547021507,1158.0704585317849,49991.58865752772,2129.3619657185614,85.27177300258617,1.6462114556956595,86.01220453090212,1.6324220918189476,0.012148624762579545,-0.02691499929252864,
585.5,49872.1073560712,2046.9942166165868,49303.07560109327,1156.3301466127912,50034.608433981135,2130.16464997311,85.31177300258618,1.5978435346467248,86.06690128278791,1.5783149263768024,0.011808827461375657,-0.026220170740029632,
586.0,49914.77324104945,2047.781022513658,49346.55129179137,1154.5627037752924,50061.34505435898,2121.4659219633277,85.35176691039243,1.5493800536380067,85.95259404011497,1.4527930968355685,0.012153837329095024,-0.025900783494464973,-14.695177264908608
586.5,49957.45911841292,2048.5435748407567,49390.04940594804,1152.76938211809,50104.33179981453,2122.1799902786624,85.39174254347319,1.5008292547568942,85.99438778206257,1.4034801645046489,0.012502415896659569,-0.026438380087636167,
587.0,50000.164975980006,2049.28183355064,49433.56896134961,1150.9494282352825,50147.33700475295,2122.870534203538,85.43168772486337,1.4522055847748239,86.02643197164271,1.3586955349990626,0.012056399204458916,-0.026672758776217647,
587.5,50042.89079548294,2049.995767389167,49477.11518358862,1149.102606721619,50190.365894766794,2123.537318332704,85.47159028687376,1.4035297693344648,86.08912808372683,1.3084409816640679,0.011650897120420304,-0.02642287613137346,
588.0,50085.63655257336,2050.6853570452545,49520.69380017057,1147.2251485925333,50251.228432642674,2134.1885744015053,85.51143807479744,1.354828855013767,86.30932302549678,1.3370108611057612,0.010741901384580274,-0.02634876413480684,-11.791153664858738
588.5,50128.402216829716,2051.3505983137547,49564.298026250566,1145.3138426493474,50294.392081663056,2134.8413616549497,85.55121895061217,1.306136218986741,86.34527305601698,1.274138152670825,0.011095388670545915,-0.026106529044201465,
589.0,50171.18775176654,2051.991505255038,49607.925921902795,1143.3714000423356,50337.57661514265,2135.4662333995207,85.59092079667782,1.25749154614841,86.39286086233875,1.225348825611617,0.010955086269864255,-0.02606610714939156,
589.5,50213.993114845565,2052.6081133350053,49651.57985148499,1141.39370620699,50380.78439743918,2136.0590750707097,85.63053151942748,1.2089407737196118,86.43826832378655,1.1460178591446724,0.010790282477819725,-0.026023476528528097,
590.0,50256.81825748869,2053.200482529309,49695.25697749087,1139.3781717874576,50407.244525641814,2127.532738429686,85.67003905305128,1.1605360034955536,86.3181240771904,1.007000104890881,0.01036204032060933,-0.026468915456182858,-14.271054884999899
590.5,50299.66312509274,2053.768700375695,49738.95673087852,1137.3248216474121,50450.41427717214,2128.016379256968,85.70943136317177,1.1123353820495645,86.36088204409945,0.9275632042361516,0.00987565762865985,-0.026080850782810926,
591.0,50342.52765704616,2054.3128849585446,49782.68615114042,1135.2330787253557,50493.61072380025,2128.46474576275,85.74869645050968,1.0644029493497085,86.42490446834572,0.8659028188937504,0.009891221055069127,-0.02670981190889536,
591.5,50385.41178674742,2054.8331878099793,49826.44336258751,1133.1089717301945,50536.8319898371,2128.8838666559404,85.78782235453903,1.0168084563901423,86.46015967902079,0.8105807538662015,0.009677050339505147,-0.02665363840295781,
592.0,50428.31544162534,2055.329796712222,49870.225130425315,1130.958654549968,50547.22465422724,2112.069900133044,85.82679715713044,0.9696271525806806,86.20369849825448,0.6225502243520354,0.01056144410035541,-0.026516572403399212,-15.431722091387387
592.5,50471.23854316117,2055.8029383863113,49914.0359527738,1128.7794079680955,50590.3396314492,2112.3645278973304,85.86560898618148,0.9229395437763516,86.25621038958683,0.5559608327925485,0.011526590061775784,-0.026117577335461516,
593.0,50514.18100691252,2056.252881052746,49957.87078464947,1126.575919143994,50633.47527852231,2112.6378366497947,85.90424601923304,0.8768311219631384,86.28637790286365,0.5372741770653178,0.011998880551749035,-0.025873703644796273,
593.5,50557.142742539094,2056.6799368501734,50001.726778347635,1124.3551701183667,50676.628747741874,2112.89680843114,85.94269648707058,0.8313920677460336,86.32749897537457,0.49861294831637076,0.012329737414068594,-0.025998818941808857,
594.0,50600.12365383019,2057.084464098837,50045.61054311653,1122.1145023572583,50683.00979312484,2094.4702818397664,85.9809486773091,0.7867169269103836,86.0384776221626,0.30563694257261964,0.012979635468235506,-0.025659176195739312,-15.66238344000162
594.5,50643.12363873401,2057.466869396176,50089.521666682966,1119.8563028028875,50726.03869283504,2094.615715415364,86.01899093796091,0.7429042624467047,86.07712121863838,0.2760973598160461,0.012715794414318126,-0.02617969855042623,
595.0,50686.14258938874,2057.8276095326737,50133.45439367965,1117.5792380481428,50769.08544210781,2094.7449939595544,86.05681168098488,0.7000562835422016,86.10987587245556,0.2410168169454348,0.013096415692997125,-0.026760033659535113,
595.5,50729.180392155446,2058.167193216846,50177.409400767276,1115.2714975633935,50812.150717603865,2094.846306942707,86.09439938581632,0.6582784531485799,86.15122611175883,0.16423511566611937,0.0128070698099882,-0.026803424817011416,
596.0,50772.236927652615,2058.486182599092,50221.38982254772,1112.926136942949,50832.26378731873,2083.6253008959443,86.1317426028762,0.6176790758349409,85.98008742183946,0.00244064821238138,0.013259386518088124,-0.026598468508132318,-14.423667861271964
596.5,50815.31207079259,2058.785194584982,50265.39467180386,1110.5511277797382,50875.2630514829,2083.615232515256,86.16882995705888,0.5783688677261614,86.01696923484842,-0.04271417096528473,0.012933080370733853,-0.026445413859110454,
597.0,50858.40569081965,2059.0649019295165,50309.41907679714,1108.1484750254797,50918.27785773762,2083.580100967679,86.20565015119698,0.5404605104107494,86.04225578404848,-0.0978120193442194,0.013957942232976207,-0.02569560815610401,
597.5,50901.51765134982,2059.3260341048135,50353.468058828286,1105.7244963993235,50961.31322738362,2083.5262239723625,86.24219196950268,0.504068190777358,86.09922279995583,-0.1176959619212213,0.014939817933008333,-0.02586360059372153,
598.0,50944.64781041245,2059.5693779347093,50397.54456867307,1103.2791516133593,50978.022308852414,2070.944263693656,86.27844428098415,0.46930712880562775,85.88735327748996,-0.2825252272048453,0.014644332707424865,-0.026004731495999314,-14.523056791457321
598.5,50987.7960204934,2059.7957779907592,50441.64154468306,1100.8065607654933,51020.97301594846,2070.7920778647913,86.31439604283611,0.43629309539446465,85.91547510668482,-0.3262180882530755,0.014428697516379787,-0.025511059190139827,
599.0,51030.96212858006,2060.0061367451976,50485.76403120034,1098.3020486660077,51063.94492060871,2070.610406553419,86.35003630380365,0.40514192235902435,85.97214353429838,-0.4004671572348627,0.014176831403307142,-0.026271814115087305,
599.5,51074.14597620789,2060.201414477479,50529.90823862987,1095.7695629258467,51106.93423323809,2070.403197370483,86.385354207518,0.37596900676633266,85.98510698324506,-0.428369574508379,0.013818145418418732,-0.02594443751130842,
600.0,51117.34739950872,2060.3826289321228,50574.06926374163,1093.214721262012,51160.98213311955,2075.243035612164,86.42033899580358,0.34888881180844633,86.12679938910418,-0.4357695548059517,0.014537882489819522,-0.026419471931339655,-11.218302440825202
