time_s,truth_x_m,truth_y_m,ins_x_m,ins_y_m,aided_x_m,aided_y_m,gravity_measurement,magnetic_measurement_nt,gravity_update_accepted,magnetic_update_accepted
0.0,0.0,0.0,0.0,0.0,0.0,0.0,,,False,False
0.5,41.5,0.0,41.50057248261278,0.007870679365056341,45.17779701129776,3.3065249529217846,14.470611984991109,25.164834713240797,True,True
1.0,83.00017452406438,0.0009409929270644727,83.00264357892208,0.024438605520869103,86.87965048957567,3.0084001336446122,,28.46390749592326,False,True
1.5,124.50087256716014,0.004702741377138412,124.51219801363159,0.05174579851277344,128.39174912632848,3.0373715024137162,,,False,False
2.0,166.0024429647854,0.01315834674461322,166.03531171791317,0.08938962037394277,175.02978784085718,9.644309312608533,16.288372208386548,21.73505604771662,True,True
2.5,207.50523428671048,0.028169836960592512,207.56667045281077,0.13045860082435162,216.5764793547395,9.703460249670572,,,False,False
3.0,249.0095947308005,0.05158379690951875,249.10154671730092,0.18177484691222875,258.168804042537,9.70201277083801,,29.19667022428677,False,True
3.5,290.51587201695065,0.0852270583349198,290.64653186721387,0.2432304522721928,299.7292816100971,9.781290602712167,,,False,False
4.0,332.02441328116754,0.13090246578584086,332.19847221906826,0.3172308896913254,343.63052384919905,10.826075451895953,14.853342543970607,30.793254517870622,True,True
4.5,373.5355649698281,0.1903847348242602,373.7538571740924,0.4095137302238683,385.21284666907167,10.940860760027,,,False,False
5.0,415.0496727341486,0.26541641831191853,415.31286889184923,0.525737559411213,427.18575206081573,10.397883689045626,,32.189060604341606,False,True
5.5,456.5670813248962,0.3577039961243132,456.87344892380304,0.6676395486779114,468.7756064574864,10.558188895430119,,,False,False
6.0,498.08813448737425,0.4689141031022084,498.44238394833826,0.8307669832591561,507.9317328699788,6.025811489801737,13.102790489764537,36.6258234904022,True,True
6.5,539.6131748567142,0.6006699094492881,540.0263896643364,1.0222497510042117,549.5277152093693,6.20231488608307,,,False,False
7.0,581.1425438535058,0.7545476671212,581.6261724578086,1.2449167435514386,592.7128516692018,3.515065883454806,,38.5896778765701,False,True
7.5,622.6765815797969,0.9320734350291615,623.2366960230453,1.498440553287045,634.3480054154602,3.7302651789912167,,,False,False
8.0,664.215626715495,1.134719995103733,664.8599512409106,1.7787444883273273,675.9046299959407,5.343848521858183,15.841706634292962,30.648452418227116,True,True
8.5,705.7600164152022,1.363903970434769,706.4990096951418,2.078459474477758,717.5675188691811,5.617488229343644,,,False,False
9.0,747.310086205515,1.6209831558256182,748.1470199234047,2.4032267436308072,758.8681398885926,6.632001146515423,,32.17744452124326,False,True
9.5,788.8661698828187,1.907254070177274,789.7964157659408,2.758375140567903,800.5377583773605,6.9680396151432396,,,False,False
10.0,830.4285994116107,2.2239497391554663,831.4507600691219,3.1407980395680033,839.7940745641732,3.1405046990118985,15.35583980348889,37.992608564210855,True,True
10.5,871.9977048233804,2.572237715594925,873.1189641340429,3.557933112505296,881.4571414670872,3.4944948596592043,,,False,False
11.0,913.573814116079,2.953218344064672,914.8030404162785,4.010976659159733,921.8256480127917,6.528189363863264,,30.338496830225527,False,True
11.5,955.1572531542071,3.3679232749607797,956.5010905249815,4.4926572333959,963.5040150231639,6.976092380774228,,,False,False
12.0,996.7483455695543,3.8173142324133016,998.2120148684826,5.009748858190247,995.1238908655786,1.4581615765651663,14.297771867409043,34.555393596300746,True,True
12.5,1038.347412662617,4.302282039196798,1039.9328647397308,5.562139742057651,1036.707573463956,1.9064068330502222,,,False,False
13.0,1079.954773304728,4.8236459007239345,1081.6634521005112,6.1550891486879715,1073.9841776509097,11.479432274333272,,21.709597377954275,False,True
13.5,1121.5707438409243,5.3821529490839835,1123.4194215432085,6.791695669630116,1115.5505942452767,12.12235040800911,,,False,False
14.0,1163.195637993586,5.978478046967602,1165.2013998454127,7.458340245670235,1159.4419707584725,16.564092916348166,19.490703697619338,34.57042001166296,True,True
14.5,1204.8297667668728,6.613223850201077,1206.9930783142004,8.158803813182471,1201.072668064853,17.318389615923554,,,False,False
15.0,1246.4734383519901,7.286921126502157,1248.7890825886013,8.900276929536096,1244.707361997023,13.679987831448813,,44.28114988120162,False,True
15.5,1288.1269580333098,8.000029326970692,1290.590774473095,9.679238940958024,1286.3734307574468,14.455599602944448,,,False,False
16.0,1329.7906280953785,8.752937405745335,1332.4007006432378,10.49653901958851,1318.3765958704544,12.572292110045389,17.36113343171354,34.1546080462832,True,True
16.5,1371.4647477308386,9.545964882197419,1374.223634295783,11.350742779031615,1359.9368348943465,13.387277861746366,,,False,False
17.0,1413.1496129492912,10.379363138999453,1416.0620047813184,12.242219399035132,1396.155906490106,26.591815027433253,,22.879111921268866,False,True
17.5,1454.8455164871286,11.253316948403096,1457.9177387985292,13.171248980347167,1437.6775376458,27.647426759829063,,,False,False
18.0,1496.5527477183643,12.167946218094361,1499.795411932103,14.13789646165876,1478.6676075199266,9.431953627799828,19.00127794830381,57.92013529405568,True,True
18.5,1538.2715925664863,13.123307947066557,1541.691668166937,15.147032623130027,1520.2210930956758,10.30499881338195,,,False,False
19.0,1580.002333417363,14.119398381068065,1583.608078523304,16.20681041929605,1562.4931640949767,9.555447103741479,,42.661460877828254,False,True
19.5,1621.7452490332244,15.156155356346488,1625.5470610081463,17.316988195850588,1604.0982406076992,10.506281778856527,,,False,False
20.0,1663.5006144677493,16.233460819626668,1667.5087883760152,18.47030218307278,1652.457350729401,23.335288391701255,23.801052251597227,35.18807364135365,True,True
20.5,1705.2687009822819,17.351143511530918,1709.4932412963149,19.657709848267405,1694.1999573133746,24.527232207226398,,,False,False
21.0,1747.049775963201,18.50898179997897,1751.4986084777936,20.87959878867531,1733.6451681085446,31.576391907611928,,35.44380914135782,False,True
21.5,1788.8441028404739,19.706706649495295,1793.527507679732,22.146319096594198,1775.4003637915048,32.928603038042965,,,False,False
22.0,1830.6519410074109,20.94400471180558,1835.5779184227545,23.45843371154431,1828.0607900528803,25.7955480134995,24.272376074502436,55.492452025078116,True,True
22.5,1872.473545741653,22.220521522624306,1877.649629772177,24.81070435680327,1870.007451042277,27.115174444905616,,,False,False
23.0,1914.3091681274116,23.535864789124094,1919.7452849297877,26.19874767038647,1909.0647588388827,36.072890527362475,,35.532576319479006,False,True
23.5,1956.1590549789855,24.88960775223605,1961.8638526537522,27.629077503437497,1951.0187167114293,37.576497593696374,,,False,False
24.0,1998.023448765579,26.281292607660696,2004.003836626875,29.1042707322816,1970.2554420333645,34.44135049135488,20.617004044756335,34.821424899534776,True,True
24.5,2039.9025875374432,27.710433969272184,2046.165008217543,30.618909311193523,2011.9399319383222,35.96250499626984,,,False,False
25.0,2081.7967048533646,29.176522358474948,2088.3462047971234,32.16619666225565,2057.427143840562,27.45145745372846,,53.27956796599494,False,True
25.5,2123.7060297095195,30.679027703022868,2130.549855189666,33.74194073474577,2099.2039701768463,28.893831556174895,,,False,False
26.0,2165.63078646972,32.21740282883593,2172.7764359032103,35.348181537824466,2126.4395272808833,24.69983478672973,22.970438145684735,41.52253666596391,True,True
26.5,2207.5711947970713,33.79108692844843,2215.0301261693894,36.98635633156591,2168.067058989599,26.124259976486538,,,False,False
27.0,2249.527469587059,35.399508989895615,2257.313815731889,38.657626584864964,2207.104504586403,34.62333969889771,,39.189930111105426,False,True
27.5,2291.499820902091,37.04209117009111,2299.620653362948,40.36799969597844,2248.74903769742,36.216601603630004,,,False,False
28.0,2333.4884539075097,38.718252097064685,2341.9475870961905,42.11807416557645,2297.741006171407,41.79733483008443,27.68425078998289,46.33030319645009,True,True
28.5,2375.493568809097,40.427410085817336,2384.3003995217787,43.89925652378134,2339.5288695926165,43.516320507215056,,,False,False
29.0,2417.5153607920893,42.168986253006445,2426.685218628374,45.71311720891822,2380.355028547306,48.008548355295474,,43.72807779417492,False,True
29.5,2459.5540199617226,43.942407516195935,2469.09595574207,47.55951233709112,2422.18667191947,49.83011893085264,,,False,False
30.0,2501.609731285324,45.74710946399242,2511.5277375724513,49.439062012884534,2447.0302528625766,51.831288596876945,25.737301714177388,38.817804021510184,True,True
30.5,2543.6826745359704,47.582539084035766,2553.9828995091493,51.35198710329435,2488.6797850496023,53.719198519164074,,,False,False
31.0,2585.7730242377265,49.44815733651815,2596.464838641216,53.29547452561813,2536.966373390867,37.33111368366531,,61.058493950742395,False,True
31.5,2627.8809496124823,51.34344156166674,2638.973336678463,55.2695655080447,2578.7515110087925,39.03252967848563,,,False,False
32.0,2670.006614528408,53.26788771043743,2681.506671934752,57.27666848181271,2637.1330227166245,59.81143639710264,31.930615382219965,42.4932382105749,True,True
32.5,2712.1501774500393,55.22101238852802,2724.0682978809577,59.318768464949436,2679.1885187766425,61.83964048754598,,,False,False
33.0,2754.3117913900037,57.2023547047236,2766.658134742046,61.390529639720874,2725.919069237044,50.78258377900241,,57.37565037955653,False,True
33.5,2796.491603862415,59.21147791553201,2809.2693181237096,63.49645762102619,2768.0810567982367,52.69940078963243,,,False,False
34.0,2838.6897568379372,61.24797085904752,2851.9035398042333,65.64024073884121,2835.954974883723,69.18424664439534,34.27843581320925,49.35423741631838,True,True
34.5,2880.9063867005398,63.31144917199302,2894.5647422635325,67.8132030299106,2878.4981266951927,71.3660920058575,,,False,False
35.0,2923.1416242059527,65.40155628492941,2937.2528938883415,70.00781792096859,2914.571983974624,92.2412226822232,,34.283817523733234,False,True
35.5,2965.3955944418385,67.51796419168191,2979.963821887771,72.23048709828758,2957.086543560879,94.71957525081713,,,False,False
36.0,3007.6684167896883,69.66037399011093,3022.6912280253127,74.48152301849453,3011.5802116808513,83.38090685805739,33.19358986603284,60.53787271967947,True,True
36.5,3049.960204888457,71.8285161924456,3065.443817566321,76.75765666920164,3054.284419583161,85.73379904170335,,,False,False
37.0,3092.2710665999484,74.02215080449628,3108.226559927166,79.06654829243514,3096.104085125788,90.75198763986748,,46.386645997257,False,True
37.5,3134.6011039759587,76.24106717416277,3151.0372946739617,81.41158166697394,3138.8564515108383,93.20863034240162,,,False,False
38.0,3176.950413227191,78.48508361075336,3193.875600850626,83.79116162579265,3193.308988453236,79.25593305343989,34.4729923900453,62.37740432664634,True,True
38.5,3219.3190846939488,80.75404677772048,3236.7425483338448,86.19710903864042,3236.2587341675658,81.56233582161356,,,False,False
39.0,3261.7072028186176,83.04783086249759,3279.634739274386,88.62635616195665,3281.544821737706,77.3084875986526,,53.69821555506947,False,True
39.5,3304.114846119942,85.36633652818334,3322.550890198495,91.08383836565393,3324.571703309589,79.58120768669271,,,False,False
40.0,3346.5420871691076,87.70948965285845,3365.4916256427323,93.56951926074053,3374.59611342798,84.55531843598587,36.116420548272714,50.09746939177307,True,True
40.5,3388.988992567638,90.07723986333409,3408.454550304455,96.0845170288953,3417.7567745066262,86.92140114194947,,,False,False
41.0,3431.4556229271043,92.46955887111203,3451.443506032296,98.61847348549102,3459.164100991612,94.34610125688067,,45.57778614126455,False,True
41.5,3473.942032850664,94.8864386192833,3494.4607487812555,101.1737402415686,3502.361025431796,96.8162712303318,,,False,False
42.0,3516.4482709164276,97.32788924999831,3537.5110349293072,103.76752634791674,3556.3537545455692,107.5666084274912,38.352959913264925,47.69961350241138,True,True
42.5,3558.9743796626617,99.79393690300388,3580.586251236404,106.3890996345571,3599.741799260082,110.21208795075836,,,False,False
43.0,3601.52039557483,102.28462135655721,3623.6867563469887,109.03481926478023,3638.240926482429,126.8489037171217,,38.55669550285731,False,True
43.5,3644.086349074482,104.79999352278973,3666.8187898921624,111.71234270614997,3681.634919850672,129.72739576291698,,,False,False
44.0,3686.672264509984,107.3401128103021,3709.979022389975,114.4145654242931,3737.7410251463216,134.56574794997078,40.04414662157341,51.031532792254254,True,True
44.5,3729.2781601491038,109.90504436742116,3753.1735359600693,117.14244865283496,3781.349560343113,137.52540751305997,,,False,False
45.0,3771.9040481734455,112.49485622013873,3796.4001341949556,119.90164257105747,3827.669656393163,132.85583516282009,,53.334300414098344,False,True
45.5,3814.549934674739,115.10961631927708,3839.6572425642576,122.68813595317326,3871.3718305596644,135.7795619746686,,,False,False
46.0,3857.2158196529836,117.74938951188446,3882.9479696037474,125.50342446789367,3909.972730309241,138.16407338993363,39.51944406577802,46.405586863227825,True,True
46.5,3899.90169701645,120.4142344522549,3926.2702229695724,128.3423633498298,3953.6834211630153,141.13186215503288,,,False,False
47.0,3942.607554583534,123.10420046828713,3969.6257371417946,131.2042634466905,3998.87046445353,140.0487501999264,,50.46643600635606,False,True
47.5,3985.3333740864678,125.81932439914604,4013.006669987311,134.0924583906501,4042.6572309175194,143.01596816012687,,,False,False
48.0,4028.0791311768858,128.55962742036704,4056.409246346515,137.00565535390305,4090.469036258824,137.23522955953237,41.6356750084402,54.06850131474957,True,True
48.5,4070.8447954332382,131.32511187264606,4099.842675391076,139.94086505973405,4134.352347143389,140.14150389081652,,,False,False
49.0,4113.630330370061,134.1157581105874,4143.300022562943,142.89685025358207,4174.702012124659,153.09938351028066,,39.60356762065076,False,True
49.5,4156.435693449087,136.93152138763614,4186.776627768946,145.87952316106296,4218.596558257299,156.17752058006153,,,False,False
50.0,4199.260836092207,139.77232879330268,4230.284105571917,148.88810936925447,4278.767077643617,185.1044388904408,46.13831920123796,34.86846428946929,True,True
50.5,4242.105703696263,142.63807625859482,4273.81996977749,151.92520402930327,4322.9208407225115,188.57167975443247,,,False,False
51.0,4284.970235649683,145.52862564530702,4317.382699764701,154.9959532881513,4368.330854616805,188.45768137143514,,47.640779115808556,False,True
51.5,4327.854365350945,148.4438019344805,4360.9725881065115,158.10325923549976,4412.554270411268,191.95353286101403,,,False,False
52.0,4370.758020228863,151.3833905289407,4404.585974824285,161.24041116519345,4427.208227946202,193.4135872321658,41.34411044144075,36.02707549234481,True,True
52.5,4413.681121764691,154.34713468434416,4448.221471994917,164.4020994672204,4471.152099229219,196.92190851561145,,,False,False
53.0,4456.623585516045,157.3347330826258,4491.881917835392,167.59040395256656,4512.016880778239,209.48871636754623,,36.79415453120202,False,True
53.5,4499.58532114262,160.34583756113327,4535.569321547031,170.8075581935649,4555.986844102254,213.16631893875606,,,False,False
54.0,4542.566232433715,163.38005101006897,4579.278290206958,174.05101329567,4587.459208852035,217.66115187941062,44.813660118991294,38.258441198982226,True,True
54.5,4585.566217337532,166.43692545013732,4623.00647621461,177.32244533662387,4631.335670884235,221.3971665915904,,,False,False
55.0,4628.585167992268,169.51596030151563,4666.763824574962,180.62185249141228,4676.423166810764,221.6472520851284,,45.08064930639292,False,True
55.5,4671.622970758968,172.6166008544377,4710.5547766848185,183.94640888126943,4720.373868783385,225.39601632856431,,,False,False
56.0,4714.679506256141,175.7382369508011,4754.372986424295,187.298364854032,4753.28658092701,227.97077892710857,46.22862097347455,38.6176028128424,True,True
56.5,4757.754649396125,178.88020188528782,4798.216227143901,190.66997647503314,4797.170332480529,231.7453183011686,,,False,False
57.0,4800.84826942319,182.04177153352728,4842.082023731829,194.0584206087079,4846.002228763683,220.36976004501642,,53.46584804369596,False,True
57.5,4843.960229953364,185.22216371383348,4885.9669531513355,197.46864631369698,4889.968257332198,223.9977069539272,,,False,False
58.0,4887.090389015986,188.42053778802085,4929.871713207734,200.905161079028,4918.478464815646,229.14982730526694,46.93023886768552,33.714222827108884,True,True
58.5,4930.2385990969415,191.6359945057497,4973.7999385051535,204.36525167308082,4962.324416024817,232.83384325933292,,,False,False
59.0,4973.404707183602,194.8675760957761,5017.75386656306,207.84517355850974,5004.536108644525,241.89563746312513,,35.02060114963121,False,True
59.5,5016.588554811433,198.1142666063885,5061.732616151173,211.34176955436655,5048.419635429489,245.68348601049286,,,False,False
60.0,5059.789978112263,201.37499249620956,5105.730218934052,214.85213283531996,5107.514215351489,245.62091898417066,52.2923938067074,47.44256632880247,True,True
60.5,5103.008807864203,204.6486234754285,5149.751582140215,218.38039636261988,5151.596753743918,249.40746249263702,,,False,False
61.0,5146.244869543188,207.9339735964173,5193.801140090113,221.92702021081269,5193.816311951427,260.1873309118183,,31.2392387902396,False,True
61.5,5189.497983376141,211.22980259157114,5237.87123764374,225.48761347430232,5237.935564203475,264.0945863489822,,,False,False
62.0,5232.767964395734,214.53481745511212,5281.960950665743,229.057030143697,5264.859172310157,244.34919792573976,48.11230930664867,46.73335391141573,True,True
62.5,5276.054622496734,217.84767426450304,5326.079326172453,232.64134422828934,5308.821368865268,247.96054151880324,,,False,False
63.0,5319.357762493902,221.16698023604633,5370.227522277948,236.24759775197327,5352.555763306248,252.65018392219076,,35.05219391314705,False,True
63.5,5362.677184181456,224.49129600819205,5414.398196127192,239.86722097178827,5396.5676672314985,256.3090078401053,,,False,False
64.0,5406.0126823940545,227.81913814505552,5458.592553676268,243.49170794135762,5422.402702172222,245.60056975451718,49.040647028896686,36.5893200714622,True,True
64.5,5449.36404706929,231.14898185165328,5502.815141153663,247.12260320115752,5466.259663691819,249.06289156545816,,,False,False
65.0,5492.731063311676,234.47926389141023,5547.063397975192,250.76336171132908,5509.7826627901795,254.31381758613034,,32.67753356114514,False,True
65.5,5536.1135114581075,237.8083856955756,5591.335219043316,254.40528517284469,5553.684603034607,257.80660261187705,,,False,False
66.0,5579.511167144772,241.13471665331423,5635.628111912719,258.0388919687135,5589.16787497859,259.62816468214146,52.07321986570939,28.75741262346026,True,True
66.5,5622.923801375494,244.45659757041685,5679.937846976048,261.66722949950224,5633.016183258115,263.0720393644213,,,False,False
67.0,5666.351180591486,247.77234428380305,5724.2604196433185,265.2947278818419,5676.9310921715105,266.0908553763587,,32.4016629940857,False,True
67.5,5709.793066742498,251.08025141827497,5768.603171127598,268.9179767625295,5720.808990071464,269.52079749231194,,,False,False
68.0,5753.2492173593255,254.37859627132354,5812.968965523231,272.5359703050655,5769.189261379543,273.53915493609685,56.119190077627174,34.4870186907531,True,True
68.5,5796.71938562767,257.6656428111946,5857.350323102752,276.1504542803802,5813.148757372165,276.97084392030587,,,False,False
69.0,5840.203320463319,260.93964577289114,5901.747940325825,279.7489928514421,5857.165103171906,278.8202279495191,,30.9171467413276,False,True
69.5,5883.700766588632,264.1988548363253,5946.157007540035,283.3249120859731,5901.147382860399,282.1895596332796,,,False,False
70.0,5927.211464610299,267.4415188704375,5990.5762477158205,286.8838461541915,5941.087969492809,269.3392021551832,54.626151443219015,39.38479249755722,True,True
70.5,5970.735151098353,270.66589022677647,6034.999894164185,290.4319540175867,5985.016535040361,272.4571578686545,,,False,False
71.0,6014.271558666414,273.8702290657821,6079.429175528989,293.9689371679507,6029.3938868692085,280.1372167057579,,21.99719820586536,False,True
71.5,6057.8204160531395,277.05280769883217,6123.873304567408,297.48769342022365,6073.350603325452,283.28144275871756,,,False,False
72.0,6101.381448204849,280.21191492901147,6168.327686096274,300.9803219205035,6119.610528705047,291.9538904361587,59.40387565472729,31.105815692778144,True,True
72.5,6144.954376359313,283.3458603735284,6212.795492780342,304.4422795649472,6163.619028297071,295.11383570130596,,,False,False
73.0,6188.538918130664,286.45297875075073,6257.282430272506,307.8849957047508,6206.571093371268,294.5981183147335,,28.29921357543019,False,True
73.5,6232.134787595412,289.5316341149487,6301.784246476927,311.3085658143999,6250.593488644258,297.6647136588028,,,False,False
74.0,6275.741695379545,292.5802240220278,6346.3015526821655,314.704724827695,6296.487208373372,310.33850890157987,59.21305314435015,16.525808117675247,True,True
74.5,6319.359348746671,295.5971836097982,6390.838255599728,318.0748878991063,6340.57568698157,313.4794477700952,,,False,False
75.0,6362.987451687188,298.5809895766663,6435.385029467364,321.4194274002685,6384.518404065593,316.31887613126486,,20.803694185911066,False,True
75.5,6406.625705008454,301.530164043041,6479.948052357506,324.73306951969056,6428.6280829725265,319.3959476248715,,,False,False
76.0,6450.273806425923,304.4432782802262,6524.537091482174,328.0081771822758,6470.837977662175,315.8748993050207,58.61827442980041,24.31578978365669,True,True
76.5,6493.931450655222,307.3189562921122,6569.145028857475,331.2464511425649,6514.9587838698835,318.78095825055794,,,False,False
77.0,6537.5983295051465,310.15587823558906,6613.771323126889,334.44580591222814,6552.77238055043,314.80613394049874,,28.03509086216625,False,True
77.5,6581.274131971537,312.9527836662721,6658.410562369634,337.60304866647687,6596.846570318981,317.5222239983133,,,False,False
78.0,6624.958544332012,315.70847459685973,6703.05408570228,340.7205786733308,6634.432256113112,301.12561078930463,58.2048388430221,32.940156050157526,True,True
78.5,6668.651250241535,318.42181835622563,6747.698818769783,343.801096626953,6678.408705310999,303.48698687939094,,,False,False
79.0,6712.351930828774,321.0917502381839,6792.349756365228,346.8451108770321,6717.508993703922,302.30417170771767,,21.51107691088134,False,True
79.5,6756.060264793232,323.7172759297487,6837.02100898516,349.8472350864117,6761.452488373119,304.52099460122,,,False,False
80.0,6799.775928503119,326.2974737096377,6881.712358365627,352.8022383730921,6823.500115339428,291.697222786182,57.59620607926993,9.667586639173264,True,True
80.5,6843.498596093935,328.83149640873734,6926.411196812616,355.71410102390564,6867.610414447947,293.6430067029671,,,False,False
81.0,6887.22793956773,331.318573125252,6971.123006726844,358.5866012297205,6901.348778290696,290.75489938939097,,22.54018601431826,False,True
81.5,6930.963628893012,333.75801068829367,7015.848472904601,361.40483037236237,6945.3713002235745,292.50925976554475,,,False,False
82.0,6974.705332105286,336.1491948647328,7060.573702995921,364.1639680797684,6992.793428315008,295.78292920661346,60.58745024024949,7.877137016825959,True,True
82.5,7018.452715408165,338.4915913052145,7105.300670826232,366.87132841988745,7036.847034760662,297.44260560112366,,,False,False
83.0,7062.205443275054,340.7847462263465,7150.0355688257005,369.5253709295013,7083.5727874234135,299.8544375559811,,7.0908383431599,False,True
83.5,7105.963178551348,343.0282868271807,7194.77738982012,372.12971386225064,7127.6624629510625,301.41563726138367,,,False,False
84.0,7149.725582557143,345.2219214392314,7239.524421592504,374.6933297163885,7224.09309932367,284.50399185725416,58.17271025633307,-8.861551882098114,True,True
84.5,7193.492315190389,347.3654394103984,7284.282980611644,377.21254601292054,7268.651273267175,285.81997788823344,,,False,False
85.0,7237.263035030497,349.458710724286,7329.049198031074,379.68182664383716,7339.634355701684,292.0110398144339,,-12.028555587140731,False,True
85.5,7281.037399442336,351.5016853575239,7373.825291436423,382.10556572426697,7384.467123676311,293.34278269628754,,,False,False
86.0,7324.815064680602,353.49439237879824,7418.617309823258,384.47932125280244,7368.876487102321,317.92583896796174,64.3520066957147,16.122551137749188,True,True
86.5,7368.595685994527,355.43693879438786,7463.41314614409,386.8011170403789,7413.211342636168,319.34230782231896,,,False,False
87.0,7412.378917732896,357.3295081460638,7508.21265742581,389.07607196875716,7431.103797115024,317.3006575002213,,16.649042972069854,False,True
87.5,7456.164413449333,359.1723588682482,7553.023580046499,391.3025638129159,7475.195727924014,318.507963211804,,,False,False
88.0,7499.951826007829,360.9658224123327,7597.8469808017335,393.47687856033536,7538.511226618772,315.67401815428406,61.26540221609721,-6.3306742193266246,True,True
88.5,7543.74080768849,362.7103011470298,7642.674113652736,395.6076510931371,7582.783463244356,316.7600805308858,,,False,False
89.0,7587.531010293451,364.4062660445572,7687.497243849939,397.69481921321557,7601.713197612752,315.4711072562069,,11.47666125594953,False,True
89.5,7631.322085252941,366.0542541633455,7732.319168484481,399.7406393521733,7645.73616492085,316.37322425182305,,,False,False
90.0,7675.1136837314625,367.6548659387936,7777.142979770443,401.74278392190087,7688.724624385171,313.91701936425244,61.600319790321805,-0.40750494530834214,True,True
90.5,7718.905456734049,369.2087622943864,7821.97200532237,403.68647606187136,7732.731361772074,314.6556770534725,,,False,False
91.0,7762.697055212571,370.71666158621844,7866.803146523827,405.58013853330937,7784.719471441393,315.92829098451034,,-9.065256603779916,False,True
91.5,7806.488130172062,372.179336394641,7911.628910315885,407.4293797316913,7828.79057545144,316.58533213106057,,,False,False
92.0,7850.278332777023,373.5976101773625,7956.457899801698,409.23357338092114,7859.048216673188,332.83103553834303,63.53449387149503,-12.684882472188855,True,True
92.5,7894.067314457684,374.9723537988788,8001.287735117381,410.98845487293505,7903.02522236306,333.57090949671414,,,False,False
93.0,7937.85472701618,376.3044819515917,8046.113203231583,412.6943290396754,7948.720377589635,334.36992199669373,,-10.08641150862321,False,True
93.5,7981.640222732616,377.5949494843872,8090.940014754619,414.3619760909596,7992.703695920581,335.01738639956864,,,False,False
94.0,8025.423454470986,378.84474765478757,8135.763619917866,415.98951035912654,8032.911685251231,335.1720277689901,62.07947183226227,-9.188265927511141,True,True
94.5,8069.204075784912,380.05490032106104,8180.589441273309,417.57625392886666,8076.852496237276,335.71332913953324,,,False,False
95.0,8112.981741023177,381.2264600908728,8225.416089810942,419.1220809651964,8089.636365745274,334.0608688917344,,2.1007613561205947,False,True
95.5,8156.756105435015,382.36050444318283,8270.243832099975,420.62969726186043,8133.287106252658,334.41233756447076,,,False,False
96.0,8200.526825275123,383.4581318401477,8315.076404756728,422.0999834542378,8219.853481521537,306.5863303327203,58.81948434769728,-10.997711686497722,True,True
96.5,8244.29355790837,384.5204578457579,8359.904920594998,423.5309915121251,8263.820623330246,306.54692212600145,,,False,False
97.0,8288.055961914164,385.5486112678435,8404.724188809772,424.92724462798094,8317.812626993536,307.2695355935925,,-20.690337257060648,False,True
97.5,8331.813697190459,386.5437303399086,8449.538719080461,426.2900409439391,8361.850060381803,307.1802373318978,,,False,False
98.0,8375.566425057346,387.50695895900844,8494.35663166266,427.6292041706574,8369.060909364938,323.1867097905167,63.069854451807345,-14.983588732526755,True,True
98.5,8419.313808360224,388.4394429955665,8539.178806071044,428.9456064350334,8412.805627233342,323.1822411989359,,,False,False
99.0,8463.055511572498,389.34232669064045,8584.001135800805,430.2346975109755,8430.49525064191,320.5313150148554,,-6.604269734809302,False,True
99.5,8506.791200897782,390.2167491556892,8628.824605240186,431.5045822823972,8473.996380153716,320.3720792176407,,,False,False
100.0,8550.520544371577,391.0638409893703,8673.651767466159,432.75053854304804,8547.98739963481,321.1644193233591,60.83386273854185,-34.36187183640014,True,True
100.5,8594.243211962392,391.8847210253101,8718.466954777265,433.97109450333585,8591.741446710601,321.0217312926079,,,False,False
101.0,8637.958875672279,392.6804932241398,8763.266704267073,435.17316210467834,8618.9762727936,318.8208983018764,,-14.846469476909409,False,True
101.5,8681.667209636737,393.45224372238397,8808.065141722378,436.3499132735365,8662.555925335006,318.5558505617679,,,False,False
102.0,8725.367890223975,394.20103805002515,8852.863505771587,437.50367220080705,8678.339969130848,348.9200921376099,64.00057078721056,-37.354443094802946,True,True
102.5,8769.060596133499,394.92791852775406,8897.654999641683,438.64189955321194,8721.719053157458,348.97424302165507,,,False,False
103.0,8812.745008493976,395.63390185405177,8942.437541779447,439.7573835838856,8765.586109844888,349.07638562746763,,-27.413262258859344,False,True
103.5,8856.420810960366,396.31997689134437,8987.219834747624,440.84843959482333,8808.950238151996,349.0748475896322,,,False,False
104.0,8900.08768981029,396.98710265952235,9032.007747442762,441.911623839698,8929.362954691756,323.38530713657343,56.5445237548095,-40.77516902376791,True,True
104.5,8943.74533403959,397.6362065441349,9076.796976100968,442.95198570131635,8973.350032919621,323.12467939121035,,,False,False
105.0,8987.393435457057,398.26818272555363,9121.58154041173,443.98455011060935,9008.854666163794,321.2887862007211,,-26.790608615636465,False,True
105.5,9031.031688778325,398.8838908343601,9166.35907846329,445.0087408560536,9052.747586316173,320.96018500255923,,,False,False
106.0,9074.659791718841,399.4841548371466,9211.125990792958,446.02180667266,9074.662739203904,354.456069586593,62.948220950690406,-51.51114422966813,True,True
106.5,9118.277445085967,400.0697621558387,9255.888903183497,447.0219812975612,9118.402610701114,354.5213524030242,,,False,False
107.0,9161.8843528701,400.6414630225546,9300.649842968685,448.00259843802843,9177.901772723675,358.06112252550173,,-45.17352581911931,False,True
107.5,9205.480222334849,401.1999700709147,9345.400446478927,448.96419138341184,9221.76583594147,358.1613930079175,,,False,False
108.0,9249.064764106199,401.7459581636095,9390.146794010036,449.91852700783784,9259.130229976134,371.55076740558644,60.3565182426363,-46.2928317708274,True,True
108.5,9292.637692260661,402.2800644549344,9434.88797565008,450.8677470943786,9302.944456468611,371.8056677309323,,,False,False
109.0,9336.19872441237,402.8028886859015,9479.617197288368,451.8100008314774,9342.235504103222,370.86280195022425,,-37.41592310693005,False,True
109.5,9379.747581799096,403.31499370845967,9524.33932589526,452.74198651618275,9385.983952178934,371.07032982929564,,,False,False
110.0,9423.283989367157,403.81690623428534,9569.054264994906,453.6545678952531,9421.998507365179,382.37221049438966,59.53685828274734,-47.92708753958504,True,True
110.5,9466.80767585521,404.30911780256434,9613.761098759482,454.55243280580873,9465.674937849886,382.6812984500812,,,False,False
111.0,9510.318373876878,404.79208596016656,9658.462327377561,455.43798934122424,9492.028386282724,377.65876944508125,,-32.41980665843749,False,True
111.5,9553.815820002192,405.26623564662924,9703.152065706969,456.3095088139391,9535.523086573909,377.83113651617913,,,False,False
112.0,9597.29975483784,405.73196077541365,9747.830022901657,457.17315223723597,9591.952143728486,376.20404925388846,56.811093807768614,-49.13711850899408,True,True
112.5,9640.769923106185,406.18962600198796,9792.502775207126,458.0286248126901,9635.532854277635,376.35448282873637,,,False,False
113.0,9684.226073723014,406.63956866842284,9837.160022000524,458.88020774831176,9662.654070760136,370.7014098696352,,-35.57571576028377,False,True
113.5,9727.667959874027,407.0821009133651,9881.798715765444,459.7314247829938,9706.043074156909,370.7325953160014,,,False,False
114.0,9771.09533909002,407.5175119354875,9926.424762296174,460.57747487688096,9793.745194328156,364.86988386653024,53.96937276185874,-61.869300988287414,True,True
114.5,9814.50797332074,407.9460703977991,9971.03561335418,461.41818169015255,9837.479814013195,364.8801364485541,,,False,False
115.0,9857.905629007406,408.3680269595439,10015.640566560336,462.25410288242165,9878.622192584184,363.842277893116,,-48.86268866234947,False,True
115.5,9901.288077153837,408.78361692182386,10060.244004045,463.08472204588145,9922.320673475546,363.8178283695026,,,False,False
116.0,9944.65509339622,409.19306297254786,10104.83926020735,463.9106299616632,9937.456461973114,378.00123785564074,57.4004701984521,-52.72081637425086,True,True
116.5,9988.006458071455,409.596578015847,10149.425416003149,464.72844584357074,9980.894785377513,378.1078766505575,,,False,False
117.0,10031.341956284054,409.9943680706979,10193.999616775915,465.5441369877108,10030.063061932555,380.8011492173554,,-58.59908064515467,False,True
117.5,10074.661377971608,410.3866352231701,10238.561416212577,466.3577059304347,10073.523090232675,380.9439605890728,,,False,False
118.0,10117.964517968776,410.7735806164581,10283.114092232774,467.1626835009936,10136.33734791174,384.6594165986423,53.29466966777106,-66.89542291312246,True,True
118.5,10161.251176069776,411.1554074626754,10327.651358036414,467.96719480921234,10179.941026681356,384.86833675740314,,,False,False
119.0,10204.52115708937,411.53232406028076,10372.177805730345,468.77129963924205,10216.978939131084,381.7567072048151,,-52.48601170264716,False,True
119.5,10247.774270922324,411.9045468009688,10416.694230840536,469.57021228599,10260.496074937999,381.901766644507,,,False,False
120.0,10291.010332601309,412.2723031498972,10461.184850820397,470.36228573128926,10297.712144578023,377.69120326620214,52.35496279594133,-53.075418913327894,True,True
120.5,10334.22916235325,412.63583458323626,10505.654553278133,471.1441294165094,10341.118296069886,377.7470043038838,,,False,False
121.0,10377.43058565408,412.9953994672102,10550.107236981774,471.9177569383991,10408.366979460487,391.1485611535587,,-81.89625414188225,False,True
121.5,10420.614433281911,413.3512758630602,10594.542770410373,472.68745774867637,10451.954094911282,391.40318447009685,,,False,False
122.0,10463.780541368571,413.7037642426884,10638.970975814993,473.46052509497713,10461.056002245048,390.39817055503164,52.91167175140276,-48.12419725446682,True,True
122.5,10506.928751449526,414.05319010014074,10683.393620188612,474.2336579031785,10504.313215433342,390.59269889547113,,,False,False
123.0,10550.058910512147,414.39990644455725,10727.807386358674,475.0091564454186,10549.219080440684,391.8106361081803,,-65.52823418727696,False,True
123.5,10593.170871042323,414.7442961607496,10772.206801543332,475.7952537559098,10592.461623634033,392.0313941839352,,,False,False
124.0,10636.264491069387,415.086774224165,10816.593499924365,476.59352941474003,10646.11507573979,395.0491985208331,49.43121589917439,-72.12321175413487,True,True
124.5,10679.339634209371,415.4277897576539,10860.97234535206,477.40672836516995,10689.426419648342,395.34455389176463,,,False,False
125.0,10722.396169706544,415.7678279181758,10905.340805989723,478.2232954832757,10729.541789124169,393.4901976557919,,-64.0692048459081,False,True
125.5,10765.433972473245,416.10741160234846,10949.692605471133,479.0408740951806,10772.79077229032,393.75531259185885,,,False,False
126.0,10808.452923127981,416.4471029605696,10994.02223807292,479.86662984376346,10821.693171890889,395.45789941333726,47.9853993809136,-72.02024939241669,True,True
126.5,10851.452908031799,416.78750471031026,11038.334111116348,480.6939793218937,10864.94882325305,395.7557016934426,,,False,False
127.0,10894.433819322894,417.1292612400932,11082.637706363785,481.52679960696804,10906.094250029046,394.5095443613793,,-67.82423909210542,False,True
127.5,10937.39555494947,417.4730594966251,11126.92706818521,482.36745712125116,10949.302375432484,394.7957333764725,,,False,False
128.0,10980.338018700822,417.81962964853926,11171.203404361439,483.2069352204515,10963.97583437419,409.5203582338972,50.106327534497304,-73.02497548452125,True,True
128.5,11023.26112023665,418.1697455212262,11215.477168198262,484.0466687030746,11006.888843123925,409.97256582152914,,,False,False
129.0,11066.164775114567,418.52422479827914,11259.740664564835,484.8870783573424,11036.561326277162,399.9287425693351,,-58.18511401678594,False,True
129.5,11109.048904815829,418.8839289861454,11303.985441474271,485.7288456852299,11079.315690022722,400.2305284670049,,,False,False
130.0,11151.91343676925,419.249763139665,11348.209036276132,486.58430572294304,11114.076124735171,418.0705552094369,47.74769233788856,-85.88999102231269,True,True
130.5,11194.758304373305,419.62267534727215,11392.416147708298,487.460875816401,11156.697796877457,418.63377691724423,,,False,False
131.0,11237.583447016423,420.0036559757419,11436.60538878017,488.358508631928,11197.965243035003,418.0838288247213,,-73.57274353696464,False,True
131.5,11280.388810095448,420.3937366754703,11480.780933230735,489.2756225977426,11240.53307992582,418.67179236543427,,,False,False
132.0,11323.17434503227,420.7939891483814,11524.949394447314,490.21460552488264,11311.771100756689,412.6777592418028,41.06703900863675,-81.12330419803772,True,True
132.5,11365.940009288623,421.2055236816503,11569.105925935668,491.1705148904667,11354.593845427098,413.2344348353841,,,False,False
133.0,11408.685766379042,421.6294874515154,11613.25277251405,492.1299580151839,11393.531791874619,410.202876445663,,-72.83899928511309,False,True
133.5,11451.411585881975,422.0670626025195,11657.386259268682,493.09153087378127,11436.288934986116,410.714779665516,,,False,False
134.0,11494.117443449059,422.5194641085636,11701.50428972015,494.0631519490379,11479.614900510634,419.8734323303514,42.733935077846034,-86.5751825799288,True,True
134.5,11536.803320812525,422.9879374231731,11745.606972279562,495.04671825470143,11522.330785883427,420.52081739362535,,,False,False
135.0,11579.46920579077,423.4737559273632,11789.690671750388,496.0429547769489,11566.131876875244,422.28738315393906,,-81.27959883361748,False,True
135.5,11622.115092292064,423.9782181844382,11833.755761917155,497.0555212965081,11608.812014825227,422.978937140529,,,False,False
136.0,11664.740980316406,424.5026450119696,11877.803435152837,498.09025003959033,11637.32244411084,438.6879860986891,42.99126059036933,-89.65712320079075,True,True
136.5,11707.346875955525,425.04837638206135,11921.834996819902,499.14943373083435,11679.801623497404,439.61853937849656,,,False,False
137.0,11749.932791391026,425.6167681618291,11965.858724968819,500.23538523190354,11727.598543940056,446.27837114597577,,-89.46803839858111,False,True
137.5,11792.498744890676,426.20918870678224,12009.877290427505,501.35193499033204,11770.10195139871,447.344880707312,,,False,False
138.0,11835.044760802844,426.827015320509,12053.8846045829,502.491297124932,11790.67425026225,450.33265922880065,41.178719692428004,-77.65751176330562,True,True
138.5,11877.57086954908,427.47163059471427,12097.877902058262,503.6503664800371,11832.917542052874,451.46447710646476,,,False,False
139.0,11920.077107614843,428.1444186442482,12141.862904685324,504.83964517182693,11873.019033958748,450.1959582737745,,-81.29884129717757,False,True
139.5,11962.563517538403,428.84676125229026,12185.834167400377,506.0652191694265,11915.210867107751,451.3655856877174,,,False,False
140.0,12005.030147897869,429.58003394130975,12229.787123600932,507.3248261719545,11949.8141122583,452.7855281656161,38.155596032185635,-82.70936663057002,True,True
140.5,12047.4770532964,430.345601985814,12273.724066375109,508.6255304998692,11991.881876355425,454.03518227439855,,,False,False
141.0,12089.904294345564,431.14481638321524,12317.64887196454,509.96775723581254,12030.687018520144,451.3595746341074,,-81.05520210271617,False,True
141.5,12132.31193764689,431.97900979939254,12361.567886482297,511.3499188204996,12072.697592960481,452.6422682335661,,,False,False
142.0,12174.700055771558,432.8494925057015,12405.472236015541,512.7694517910599,12135.848777791583,451.21946407004367,33.2324590986392,-90.92368346012864,True,True
142.5,12217.068727238317,433.7575483242823,12449.363895473962,514.218419572258,12178.045860060472,452.53611314276446,,,False,False
143.0,12259.41803648955,434.7044305985442,12493.250561982779,515.7061625721933,12218.568496446554,451.68616346087566,,-84.69043714277916,False,True
143.5,12301.74807386556,435.69135820565486,12537.118138173453,517.2392638407673,12260.71780791342,453.06087116123484,,,False,False
144.0,12344.058935577052,436.7195116277405,12580.965726265114,518.8205595358226,12303.37722858694,451.20540116045527,33.24746617140581,-84.98166556309872,True,True
144.5,12386.35072367582,437.7900290983051,12624.796973553995,520.4531626800662,12345.491781121253,452.6395382968577,,,False,False
145.0,12428.62354602367,438.90400284010786,12668.609498808835,522.1335170903916,12396.722588463243,467.15789578053597,,-103.86428622471261,False,True
145.5,12470.877516259556,440.06247541039505,12712.408737591073,523.8592624991056,12438.866857541048,468.8505251751358,,,False,False
146.0,12513.112753764968,441.2664361689718,12756.19415281099,525.627412210794,12475.357722433795,468.2714755611803,32.175410756433685,-85.64995467589222,True,True
146.5,12555.32938362757,442.51681788411673,12799.965316673686,527.4385501780315,12517.408759634987,470.0244557913068,,,False,False
147.0,12597.527536603093,443.81449349079696,12843.726096275226,529.3008922230765,12557.405520126345,468.68479108690883,,-86.40934937217493,False,True
147.5,12639.707349075505,445.16027301502794,12887.477181322596,531.2134398774529,12599.411091468664,470.5028985159725,,,False,False
148.0,12681.86896301547,446.55490067755096,12931.209007945612,533.1708977138076,12645.515466317427,461.3951526800588,28.64398712538028,-80.98978803615677,True,True
148.5,12724.012525937102,447.9990521892693,12974.920100763242,535.1810395758217,12687.539058617835,463.17462219414676,,,False,False
149.0,12766.138190853027,449.4933322500981,13018.61341208226,537.2509032567403,12734.793536057674,473.7886446496238,,-100.71283859684995,False,True
149.5,12808.246116227783,451.0382722620443,13062.287271558323,539.3715055828364,12776.807965565209,475.78703661689264,,,False,False
150.0,12850.33646592954,452.63432826644726,13105.951091394198,541.5379659889047,12814.373848349353,467.22222838510385,27.723557619793024,-79.6139754672221,True,True
150.5,12892.409409180187,454.2818791143796,13149.60304307073,543.7591907528199,12856.333048451637,469.19343532463216,,,False,False
151.0,12934.46512050379,455.9812248782379,13193.236540603777,546.0388933357741,12895.723586242295,466.6040953249198,,-86.05042226876114,False,True
151.5,12976.503779673423,457.732585511547,13236.860022780878,548.3799456069742,12937.627955665033,468.63994518640595,,,False,False
152.0,13018.525571656415,459.5360997629617,13280.467156187739,550.7873311419611,12944.946670159421,475.47232950789805,30.48871685307687,-86.83564792706926,True,True
152.5,13060.530686558002,461.3918243493903,13324.058019543054,553.2500972717619,12986.41887947766,477.7041427773024,,,False,False
153.0,13102.519319563422,463.2997333920713,13367.638777772234,555.759982850528,13024.421201224186,473.33690235458397,,-84.3730429226453,False,True
153.5,13144.491670878453,465.25971811833824,13411.203253875228,558.3270498334472,13065.832163298453,475.59451090943594,,,False,False
154.0,13186.447945668442,467.27158683068603,13454.754671862374,560.9496194519832,13096.584497675625,469.56232238993744,25.3888408349885,-80.83643057517446,True,True
154.5,13228.388353995793,469.33506514363154,13498.303900222727,563.6285237109292,13137.870421308353,471.83621901924283,,,False,False
155.0,13270.313110755993,471.4497964877357,13541.855223698854,566.3613482748409,13179.97578139442,475.8785105968578,,-93.75064952817982,False,True
155.5,13312.222435612148,473.6153428790296,13585.402540028175,569.1427977370022,13221.250564060827,478.2744396340199,,,False,False
156.0,13354.11655292807,475.8311859509732,13628.939757740027,571.9761990417403,13259.228665997925,484.62703520284083,23.495885500120863,-95.16948524460857,True,True
156.5,13395.995691699933,478.0967282449699,13672.467625940855,574.8664714631893,13300.423756746915,487.18011380416584,,,False,False
157.0,13437.860085486525,480.4112947543765,13715.983648727244,577.8105043219122,13342.448594231311,491.72643133775557,,-94.46944474174111,False,True
157.5,13479.7099723381,482.77413471588255,13759.487531441648,580.8043454663347,13383.609636115481,494.40564789263726,,,False,False
158.0,13521.545594723859,485.18442364109717,13802.982746719214,583.8431192984076,13410.254899882948,489.26827203296983,22.554309038630088,-81.0736554632748,True,True
158.5,13563.367199458102,487.64126558017534,13846.463086550137,586.9214061557165,13451.237770393427,491.94806375792325,,,False,False
159.0,13605.175037625038,490.143695608346,13889.926451885787,590.0395548380303,13493.070768049427,496.8566807459385,,-94.6595388102314,False,True
159.5,13646.96936450231,492.690682525275,13933.372448316339,593.1992356006643,13534.007568348614,499.64250216016507,,,False,False
160.0,13688.75043948323,495.2811317563104,13976.806490144372,596.4014202189525,13586.912724765207,499.1633209284084,17.731000719227477,-91.48881838447421,True,True
160.5,13730.518525997762,497.9138884438203,14020.228161095894,599.6416942815989,13627.951647183294,501.98198621730734,,,False,False
161.0,13772.273891432287,500.58774071604876,14063.630821886365,602.9244876925244,13674.029727838346,519.2938198402794,,-108.16149730132133,False,True
161.5,13814.016807048149,503.3014231201845,14107.02823985727,606.2524345567814,13715.047198290733,522.3645713448026,,,False,False
162.0,13855.747547899024,506.05362020566645,14150.425577525953,609.6273943746945,13750.854291413178,518.0868113777232,17.95993118924906,-83.57141185970349,True,True
162.5,13897.466392747145,508.8429702431396,14193.815946427712,613.0552147868609,13791.812850954719,521.1760156649818,,,False,False
163.0,13939.17362397838,511.66806906392924,14237.195358696665,616.5292138459031,13832.172857099753,522.4154585046197,,-89.86689898600953,False,True
163.5,13980.869527516217,514.5274740044225,14280.570523065366,620.0329604590446,13873.100454347345,525.5590216580111,,,False,False
164.0,14022.55439273467,517.4197079393348,14323.94447665951,623.5636919289798,13957.933970463808,517.4052344992679,9.439297992120316,-88.00948115078451,True,True
164.5,14064.22851237013,520.3432633875007,14367.312483851976,627.1257927716757,13999.358906570353,520.442099586765,,,False,False
165.0,14105.892182432197,523.2966066735572,14410.674981045175,630.7202515068018,14042.87384366496,532.2452443902565,,-100.58081346766956,False,True
165.5,14147.545702113517,526.2781821286968,14454.030873962767,634.3485819763993,14084.275746623394,535.4445317731482,,,False,False
166.0,14189.189373698633,529.2864163135421,14497.371859800933,638.009861346561,14109.884619664788,536.8326068725611,15.672713052220903,-85.77901752818426,True,True
166.5,14230.82350247192,532.3197222461504,14540.697570605756,641.7086283513188,14151.076805444727,540.0933264939923,,,False,False
167.0,14272.44839662458,535.376503618184,14584.014031960007,645.4444568807876,14191.929514358459,541.7629554437672,,-88.40276312133152,False,True
167.5,14314.064367160776,538.4551589823819,14627.320945874735,649.2003295758084,14233.092528615427,545.0616019200105,,,False,False
168.0,14355.671727802888,541.5540858946498,14670.62621327862,652.9738389967533,14276.19682200548,534.4130941933388,11.318604571155287,-74.52222852053225,True,True
168.5,14397.27079489595,544.6716849943289,14713.931507751324,656.7739394904258,14317.407997213428,537.596274755907,,,False,False
169.0,14438.861887311297,547.8063640065309,14757.231373585128,660.5903325036303,14357.454849376016,533.0484105212346,,-79.80100309823018,False,True
169.5,14480.445326349425,550.9565416508159,14800.524485957747,664.4188488170934,14398.652477159036,536.1718328530068,,,False,False
170.0,14522.021435642124,554.12065144095,14843.813509441829,668.2599788881734,14441.719829535898,541.8477423561937,9.861235161931152,-90.99827927135263,True,True
170.5,14563.590541053893,557.2971453610091,14887.099814337917,672.1092440486202,14482.913524653735,545.0149802957727,,,False,False
171.0,14605.152970582685,560.4844974036859,14930.385509491673,675.9711815769218,14524.496494499752,552.3227734342083,,-92.01747990021694,False,True
171.5,14646.709054259989,563.6812069573098,14973.672394238141,679.8494292175171,14565.67280838541,555.5609503202055,,,False,False
172.0,14688.2591240503,566.8858020288043,15016.956516105307,683.7332813239508,14600.235216363773,549.6516088318151,9.269229702628088,-75.07500064017407,True,True
172.5,14729.803513750008,570.096842290568,15060.236627007893,687.6145711920844,14641.34804939706,552.7955960772942,,,False,False
173.0,14771.342558885706,573.312921940093,15103.513401304916,691.4980291964657,14682.553262366016,558.3190854132027,,-88.42774455663626,False,True
173.5,14812.876596611997,576.5326723619941,15146.786216469254,695.3825410980504,14723.642164199493,561.4884623008679,,,False,False
174.0,14854.405965608788,579.7547645830408,15190.051523776368,699.2671305046524,14768.730353342084,564.7540125415464,6.196691745500391,-85.51642833460738,True,True
174.5,14895.93100597813,582.9779115117332,15233.308429792256,703.1496369914305,14809.835880020097,567.9153021222558,,,False,False
175.0,14937.452059140607,586.200869954951,15276.56459424795,707.0304761946238,14850.804102236832,577.0176287368841,,-91.07928092782089,False,True
175.5,14978.969467731356,589.4224424052292,15319.829379852907,710.9141001207785,14891.888315589356,580.2407124152994,,,False,False
176.0,15020.483575495678,592.6414785932546,15363.096123430318,714.8011406385383,14948.060083671035,588.3935015677257,2.8539452847669384,-91.13928124322806,True,True
176.5,15061.99472718434,595.856876801256,15406.36376857257,718.6875360976574,14989.285819091712,591.6550321335922,,,False,False
177.0,15103.503268448556,599.0675849340369,15449.638865451252,722.5707516125113,15030.297463523666,597.0391829509256,,-84.70819956124608,False,True
177.5,15145.009545734705,602.2726013455108,15492.91972076844,726.4518039382929,15071.518351069437,600.3156161493212,,,False,False
178.0,15186.513906178796,605.4709754196982,15536.2057679097,730.3231023748928,15100.15198526304,614.0416414976659,5.3156513327730215,-92.8677129118823,True,True
178.5,15228.016697500721,608.6618079062594,15579.493537097766,734.1849945507131,15141.204149474961,617.419210843092,,,False,False
179.0,15269.518267898347,611.8442510117443,15622.781471266566,738.037997348934,15182.055247688055,621.934930566275,,-81.93625126350888,False,True
179.5,15311.018965941443,615.0175082488422,15666.068117087256,741.8754631671766,15223.089723236293,625.2990524437089,,,False,False
180.0,15352.519140465507,618.1808340470012,15709.355729114093,745.7027454531807,15267.434480666774,625.3606670629214,1.7453482276343188,-75.3211331013578,True,True
180.5,15394.019140465507,621.3335331288642,15752.647244196427,749.5205640891724,15308.507671727892,628.666345599785,,,False,False
181.0,15435.519314989571,624.4749596580135,15795.946801131882,753.3241838600094,15350.477978918641,628.5593089322518,,-73.36487908727808,False,True
181.5,15477.020013032667,627.6045161645433,15839.255277201284,757.1127404235929,15391.576745874616,631.7980319359008,,,False,False
182.0,15518.52158343029,630.7216522559733,15882.568611594821,760.8817903783723,15423.86636020694,636.7392155041839,1.9533873393613572,-77.80575972709605,True,True
182.5,15560.024374752216,633.8258631219705,15925.896353054677,764.6341608219678,15464.875150935248,639.9663728781481,,,False,False
183.0,15601.528735196307,636.9166878422706,15969.239277948569,768.3780689920019,15501.549254007838,655.199204604486,,-92.04089168370493,False,True
183.5,15643.035012482458,639.993707508056,16012.589007842524,772.1072040640263,15542.487747668216,658.5292320026962,,,False,False
184.0,15684.543553746675,643.0565431678851,16055.947862033463,775.8151924705554,15588.003056444732,666.0259469495627,-1.751279786202809,-81.13749346481939,True,True
184.5,15726.054705435336,646.1048536100324,16099.31371878135,779.5107451841499,15628.98161221575,669.3601405310757,,,False,False
185.0,15767.568813199656,649.1383329938249,16142.68163909787,783.1960998423357,15667.076990288559,678.5824863105958,,-81.62046044448955,False,True
185.5,15809.086221790403,652.1567083432233,16186.053753342487,786.8673065636837,15708.002513578438,681.954925525791,,,False,False
186.0,15850.607274952883,655.1597369164942,16229.431748013874,790.5262870332754,15739.719972064933,674.7098597053478,0.6113160455525519,-53.4615185339874,True,True
186.5,15892.132315322224,658.1472034663606,16272.82312498204,794.1700308403637,15780.58664933538,677.9574977967548,,,False,False
187.0,15933.661684319017,661.1189174054861,16316.23041207191,797.7933360081247,15822.141590278494,680.1042556202424,,-68.16977771448086,False,True
187.5,15975.195722045308,664.074709892558,16359.64025303684,801.3962031316659,15863.024106425722,683.2990955411052,,,False,False
188.0,16016.734767181006,667.0144308545597,16403.046920192264,804.9766299962259,15916.395815398859,682.1890900977761,-5.360503533483975,-62.802838395307546,True,True
188.5,16058.279156880713,669.9379459610917,16446.45289962817,808.5388496336901,15957.403938351557,685.2874140734253,,,False,False
189.0,16099.829226671027,672.8451335667869,16489.862605884566,812.0885764214535,16002.748519437317,683.2762398539168,,-57.11288586769645,False,True
189.5,16141.385310348329,675.7358816379832,16533.285206458007,815.6233211579498,16043.82132790384,686.2911415111913,,,False,False
190.0,16182.94773987712,678.6100846798574,16576.718903792364,819.1425517701567,16089.218663126756,691.701848895487,-6.599297218326408,-70.38575743578562,True,True
190.5,16224.51684528889,681.4676406801951,16620.158296997477,822.647992941995,16130.334791467207,694.7053087921665,,,False,False
191.0,16266.092954581589,684.3084480858616,16663.604872757245,826.1406019582452,16174.605194306328,694.9443633832111,,-56.59832071816389,False,True
191.5,16307.676393619719,687.1324028278649,16707.0615097036,829.618114794329,16215.768113793914,697.8883651761147,,,False,False
192.0,16349.267486035067,689.9393954106441,16750.536075781605,833.079203802912,16265.510608752167,697.7226670858283,-7.767097384193983,-55.59525304183961,True,True
192.5,16390.86655312813,692.7293080809004,16794.03109447507,836.5251558537694,16306.797966646536,700.594542694329,,,False,False
193.0,16432.473913770238,695.5020120908863,16837.547217353076,839.9604123688055,16348.903959715235,702.9485634984637,,-56.39745084592167,False,True
193.5,16474.089884306435,698.2573650706166,16881.089470773524,843.3841259237378,16390.238588152344,705.7905148637723,,,False,False
194.0,16515.714778459096,700.9952085229288,16924.658075513533,846.7926846967642,16437.3765163394,708.8402274326162,-10.854368660395751,-64.44937505470011,True,True
194.5,16557.348907232383,703.7153654547348,16968.251607746133,850.1893269677062,16478.810866143936,711.6492390777349,,,False,False
195.0,16598.992578817502,706.4176381571524,17011.86776886383,853.5732886792142,16522.045264986587,713.6545807202044,,-50.90415188067085,False,True
195.5,16640.646098498823,709.1018061464928,17055.50078983683,856.9438662151093,16563.530311379007,716.4260471738123,,,False,False
196.0,16682.309768560892,711.7676242773176,17099.14798003149,860.2986129300314,16599.226942068577,721.430791538708,-5.7847866367658165,-42.65316439964256,True,True
196.5,16723.98388819635,714.4148210379603,17142.81531321965,863.6311045508992,16640.67270641,724.1895425762239,,,False,False
197.0,16765.668753414804,717.0430970380437,17186.501786209028,866.9374497727006,16687.725240064316,725.261088030672,,-42.59650883014812,False,True
197.5,16807.364656952643,719.6521236966157,17230.203596819752,870.2277089476777,16729.25679965666,727.9541018482224,,,False,False
198.0,16849.07188818388,722.2415421385792,17273.921192318332,873.50623029007,16780.158363427767,727.7262688142893,-11.253870578116402,-38.94620855192854,True,True
198.5,16890.790733032,724.8109623061056,17317.655157961777,876.7671183512728,16821.814749039677,730.3505450000705,,,False,False
199.0,16932.521473882876,727.3599622907079,17361.40857166655,880.0094601767563,16849.355087690077,735.1952905056139,,-57.4758702220642,False,True
199.5,16974.264389498738,729.8880878906107,17405.188559568913,883.2313905783608,16890.90274229039,737.8141854173483,,,False,False
200.0,17016.019754933262,732.3948523969851,17448.990457424665,886.4334639322254,16932.36841557554,740.8766358522719,-11.360828282024041,-41.19178990669918,True,True
200.5,17057.787841447796,734.8797366115434,17492.801390908615,889.6131609161739,16973.93544895089,743.4556437417168,,,False,False
201.0,17099.568916428714,737.3421890968904,17536.623681129742,892.7708996545791,17013.66887201334,746.122954129137,,-40.799891610957545,False,True
201.5,17141.363243305987,739.781626659932,17580.46471551317,895.907746214928,17055.23829181538,748.6600710693335,,,False,False
202.0,17183.171081472927,742.1974350675389,17624.323098907058,899.0164001568321,17100.176467351026,750.3812760126589,-13.000887977528167,-34.19135263101768,True,True
202.5,17224.99268620717,744.5889699925619,17668.19219700774,902.0998943646727,17141.799665488827,752.8521737229862,,,False,False
203.0,17266.82830859293,746.9555581872085,17712.07582192919,905.1607269414087,17190.835021782274,755.5455398466346,,-27.93027580490671,False,True
203.5,17308.678195444503,749.2964988797047,17755.983248151548,908.194771076244,17232.558973113148,757.9591175778835,,,False,False
204.0,17350.542589231096,751.6110653891113,17799.91976508804,911.2063589459545,17278.842891735883,750.7835661308169,-16.837341687504484,-29.159911375591662,True,True
204.5,17392.421728002962,753.8985069521178,17843.88875114621,914.1990020605532,17320.69110492714,753.0615944913209,,,False,False
205.0,17434.315845318884,756.1580507546295,17887.88147862117,917.1674482702671,17367.542350017367,755.9037525770295,,-24.162378672203822,False,True
205.5,17476.22517017504,758.3889041599784,17931.89768831413,920.1054347041157,17409.476409802253,758.1240897806665,,,False,False
206.0,17518.14992693524,760.5902571246463,17975.940442740997,923.0143313401762,17456.30841879389,757.5029480394927,-15.98291407627885,-21.303200422383547,True,True
206.5,17560.09033526259,762.7612847914792,18020.007150953435,925.895654248988,17498.34037076076,759.6330309627101,,,False,False
207.0,17602.046610052577,764.9011502495155,18064.098185359137,928.7476602289254,17546.732609079594,762.9308842799388,,-17.460392957773216,False,True
207.5,17644.01896136761,767.0090074487342,18108.203992124483,931.5713089452806,17588.85401403192,765.0038320244633,,,False,False
208.0,17686.007594373026,769.0840042572693,18152.32414021216,934.3657295235905,17628.04879390829,761.1641288081614,-17.315933276858004,-19.649686120313543,True,True
208.5,17728.01270927461,771.1252856479307,18196.466131028898,937.1225708309424,17670.188179290933,763.1179397962014,,,False,False
209.0,17770.034501257604,773.131997000225,18240.63003659294,939.8452340558953,17725.51913648792,768.2888300831696,,-7.2598876012856906,False,True
209.5,17812.073160427237,775.1032875034809,18284.821294870802,942.5391783500096,17767.817433626322,770.1903558377861,,,False,False
210.0,17854.12887175084,777.0383136461654,18329.049893714695,945.1983680251232,17813.89420360691,786.4537980978891,-14.549304166585253,-13.448553659204505,True,True
210.5,17896.20181500149,778.936242776019,18373.311376443486,947.82649141798,17856.251677422308,788.4086001149153,,,False,False
211.0,17938.292164703245,780.7962567152509,18417.59625618692,950.4249841251773,17902.353991136766,791.4382131341599,,-7.139464179985178,False,True
211.5,17980.400090078,782.6175554147203,18461.904953828096,952.9795003958496,17944.784735861052,793.3223343848912,,,False,False
212.0,18022.525754993927,784.3993606307808,18506.238745108134,955.4886253617418,18007.145216143515,793.4665780229018,-19.51599261606701,8.207444138353493,True,True
212.5,18064.66931791556,786.1409196082985,18550.593734400692,957.958187092319,18049.808949189002,795.2260923431223,,,False,False
213.0,18106.830931855522,787.8415087532493,18594.963828365675,960.3930608601518,18079.54808733034,792.5496856215879,,-9.381209795263924,False,True
213.5,18149.010744327934,789.5004372782827,18639.35168859239,962.7878964134343,18122.13111897503,794.2079612738314,,,False,False
214.0,18191.208897303455,791.1170508046843,18683.757296196763,965.1345712783274,18152.358251568246,803.9885556900734,-16.802747769187164,-11.0374686763709,True,True
214.5,18233.42552716606,792.6907349042967,18728.18435405884,967.4388116363966,18194.836448622696,805.6376060540072,,,False,False
215.0,18275.660764671473,794.2209185651553,18772.637316016026,969.7028674509419,18224.701712790637,802.6319473835192,,-3.6552006992235464,False,True
215.5,18317.91473490736,795.7070775648654,18817.116807667095,971.9225436635998,18267.121108217183,804.1688329958587,,,False,False
216.0,18360.18755725521,797.148737736091,18861.623628137208,974.0921726758002,18294.91838824566,793.0852039516707,-20.77027319643589,1.2889260682150665,True,True
216.5,18402.47934535398,798.5454781089376,18906.15597968094,976.2186523680748,18337.28269378275,794.4358154225221,,,False,False
217.0,18444.79020706547,799.8969339154908,18950.71723481366,978.3039959316602,18366.6438079802,790.7122346131292,,2.266572033131906,False,True
217.5,18487.12024444148,801.2027994423228,18995.303738605162,980.3448100405577,18408.947921168285,791.9462328221708,,,False,False
218.0,18529.469553692714,802.4628307173871,19039.909084211085,982.3477163550382,18479.469797172143,791.8281592398638,-22.401686153910525,33.79024510964952,True,True
218.5,18571.838225159474,803.6768480183956,19084.52816629028,984.3153249349467,18522.062390987314,792.942273893303,,,False,False
219.0,18614.226343284143,804.8447381905038,19129.162869727053,986.2428802316466,18548.769371050217,787.532381551226,,8.439959585288225,False,True
219.5,18656.633986585468,805.9664567619129,19173.822653119685,988.1222607545893,18591.267904321572,788.5183460023648,,,False,False
220.0,18699.061227634633,807.0420298468373,19218.512080360073,989.9541643297051,18612.32440211679,768.7746605259139,-23.0894863773387,14.27036799397555,True,True
220.5,18741.508133033163,808.0715558261705,19263.22567554632,991.7394970880152,18654.730060074584,769.5144947489188,,,False,False
221.0,18783.97476339263,809.0552067971113,19307.95875455244,993.4796608306395,18698.169398199596,770.6315923587262,,23.829926570674512,False,True
221.5,18826.461173316187,809.9932297839794,19352.71164425676,995.1755175214089,18740.614283869418,771.2793762174654,,,False,False
222.0,18868.96741138195,810.88594770346,19397.488372605963,996.8280114136865,18785.149106290715,774.5556542927834,-21.869519796971584,27.033155823217342,True,True
222.5,18911.493520128184,811.7337600785448,19442.2935352105,998.4371617824179,18827.64955913296,775.1315530528424,,,False,False
223.0,18954.039536040353,812.5371434965047,19487.125516042583,1000.0037267328835,18871.79823104831,776.3526677036134,,31.321840983204996,False,True
223.5,18996.605489540005,813.296651807312,19531.989410302856,1001.5297670281112,18914.36220435434,776.8444699523892,,,False,False
224.0,19039.191404975507,814.0129160600314,19576.884831242973,1003.0117170759398,18970.93127834156,793.1655009039974,-21.360689343397322,36.46301960130608,True,True
224.5,19081.797300614628,814.6866441758117,19621.802421520668,1004.4537173308826,19013.62369177491,793.6823747722966,,,False,False
225.0,19124.423188638968,815.3186203572304,19666.73317476444,1005.8617063791258,19060.76144292311,796.053713690616,,40.383726383736565,False,True
225.5,19167.069075140258,815.9097042348693,19711.685264768785,1007.2362418855556,19103.515742149662,796.509374795038,,,False,False
226.0,19209.7349601185,816.4608297531145,19756.67133221292,1008.5749922795338,19158.45295803988,804.2334370666524,-22.95127280407879,47.43430305387804,True,True
226.5,19252.42083748197,816.9730037982919,19801.685746657986,1009.8750451649112,19201.351767774497,804.6557823695474,,,False,False
227.0,19295.12669504905,817.4473045733457,19846.727171251157,1011.1328010268277,19263.11817359597,812.9936836677696,,56.69999307825654,False,True
227.5,19337.852514551985,817.8848797243498,19891.795661143464,1012.3517147699778,19306.212030333478,813.3734484197925,,,False,False
228.0,19380.5982716424,818.2869442252052,19936.89161158455,1013.5352813340807,19385.63840780109,844.250800425195,-21.647396156349384,62.46087476943966,True,True
228.5,19423.363935898753,818.6547780279061,19982.004911207106,1014.6875869209201,19429.013198589597,844.763528965104,,,False,False
229.0,19466.149470835575,818.9897234867622,20027.125802779396,1015.8070374042774,19442.598688166432,832.9654673324702,,36.596655243034874,False,True
229.5,19508.9548339146,819.2931825659267,20072.259445123716,1016.887926761042,19485.756556998593,833.3413636216054,,,False,False
230.0,19551.77997655772,819.5666138405091,20117.411798574543,1017.9330352056223,19490.553326407025,806.0856110767083,-25.65337425921084,41.04742060728799,True,True
230.5,19594.624844161775,819.8115293024279,20162.583804224003,1018.9493128838855,19533.47667350642,806.2196167903616,,,False,False
231.0,19637.489376115198,820.0294909829959,20207.778030118683,1019.9365389280504,19580.326363698456,807.8735005600048,,62.72396432993944,False,True
231.5,19680.37350581646,820.222107405008,20252.996298981994,1020.8876832479449,19623.319086505944,807.9465406916298,,,False,False
232.0,19723.27716069438,820.3910298778279,20298.23917289719,1021.8129485103399,19681.315596835084,808.5566367950739,-25.33751339313867,77.1710680993803,True,True
232.5,19766.20026223021,820.5379486496353,20343.507413299874,1022.724133505263,19724.482755516005,808.572968533924,,,False,False
233.0,19809.142725981565,820.6645889316025,20388.799873024826,1023.6152126412464,19774.267055130662,811.0710285954406,,73.00933379893512,False,True
233.5,19852.10446160814,820.7727068093083,20434.111620260534,1024.4854692467984,19817.52311957789,811.0546634384223,,,False,False
234.0,19895.085372899237,820.86408505717,20479.443514815714,1025.3392374997572,19808.915444202514,768.188995200495,-28.159554795292316,52.65014134890859,True,True
234.5,19938.085357803055,820.9405288720815,20524.798321672086,1026.177082404164,19851.86568957654,767.8621625082009,,,False,False
235.0,19981.10430845779,821.0038615427794,20570.16903367932,1027.0001101551175,19908.152403045893,772.3239804847123,,84.61656751836117,False,True
235.5,20024.142111224493,821.0559200717204,20615.56187098289,1027.8106522530986,19951.237300946468,771.9862780321245,,,False,False
236.0,20067.198646721667,821.098550766443,20660.988121230796,1028.6109399730292,19980.732496830078,752.7248157872115,-27.602562043401733,79.17242421808352,True,True
236.5,20110.27378986165,821.1336048175042,20706.445517850185,1029.398479819167,20023.805615273595,752.2278974587696,,,False,False
237.0,20153.367409888713,821.1629338801172,20751.929789775186,1030.1815547134136,20066.73031116084,751.6654585254955,,83.24438776526392,False,True
237.5,20196.47937041889,821.1883856765882,20797.441598804497,1030.964730471318,20109.848779449956,751.1578183624797,,,False,False
238.0,20239.60952948151,821.2117996365371,20842.982626606034,1031.7419418632437,20130.775167085798,733.2955474241727,-27.588853549407148,77.28990903737494,True,True
238.5,20282.757739562465,821.2350025917076,20888.548964682424,1032.5197683836002,20173.79188712503,732.6688397083005,,,False,False
239.0,20325.923847649123,821.259804541913,20934.135896547232,1033.3004262162635,20224.213694163278,734.3557133486765,,96.14887779369266,False,True
239.5,20369.107695276954,821.2879945083404,20979.74565224304,1034.082124077544,20267.32375856088,733.7351844883901,,,False,False
240.0,20412.309118577785,821.3213364900324,21025.3770408968,1034.8655103688186,20318.027370270618,744.197279197464,-25.544172320128368,94.56151482817123,True,True
240.5,20455.527948329727,821.3615655389038,21071.025722267917,1035.6496913002795,20361.20486790633,743.6484882269103,,,False,False
241.0,20498.764010008712,821.4103839681108,21116.693851341497,1036.4366003710572,20415.675022618274,746.2682248814816,,107.54882967186204,False,True
241.5,20542.017123841666,821.4694577079964,21162.38349124285,1037.239613272864,20458.975478221357,745.742938932188,,,False,False
242.0,20585.287104861258,821.540412823174,21208.091263681545,1038.0619978101317,20514.888794143157,759.4891163010739,-25.337477146992665,105.53930383680594,True,True
242.5,20628.573762962256,821.6248322035922,21253.81672776814,1038.8911135743463,20558.289797168673,759.0773664581367,,,False,False
243.0,20671.876902959422,821.7242524416483,21299.56256790426,1039.7265525175196,20586.72102388509,755.0141645461683,,93.78845762981192,False,True
243.5,20715.196324646975,821.8401609065974,21345.323181127627,1040.5766382379984,20630.02934644876,754.6076272057577,,,False,False
244.0,20758.53182285957,821.9739930266193,21391.100077075964,1041.4445113922486,20666.796858729234,745.2278628802202,-27.70739209036055,109.38179963507805,True,True
244.5,20801.883187534808,822.1271297879972,21436.904892832197,1042.3316037593684,20710.108084691325,744.792440696625,,,False,False
245.0,20845.250203777196,822.3008954598951,21482.732935159085,1043.24724474381,20760.258972039945,745.8179354586254,,119.65395620632695,False,True
245.5,20888.632651923628,822.4965555522282,21528.57893386347,1044.1974509586964,20803.65872604604,745.4424806660121,,,False,False
246.0,20932.030307610294,822.7153150130935,21574.445600610292,1045.1823744250837,20831.221506732116,720.8619886854208,-29.615077864466922,118.15605549147114,True,True
246.5,20975.442941841015,822.958316671172,21620.34051128002,1046.1951580471716,20874.587976892497,720.3793986618781,,,False,False
247.0,21018.870321057006,823.2266399274405,21666.263710379546,1047.2269943084464,20932.382582933715,722.4630493258811,,134.74389825506378,False,True
247.5,21062.31220720802,823.5212996994311,21712.20435652879,1048.287884187812,20975.904674854555,722.0238765317614,,,False,False
248.0,21105.768357824847,823.8432456201774,21758.15628283162,1049.3798168506753,21018.158736793535,709.0922295797959,-28.75641214754305,133.19942393048805,True,True
248.5,21149.23852609319,824.1933614928644,21804.11820454998,1050.4954081904118,21061.715911921772,708.6084918443294,,,False,False
249.0,21192.722460928842,824.572465001085,21850.091711297686,1051.6412218014993,21101.942615734966,707.6907856942352,,125.95033389466252,False,True
249.5,21236.219907054154,824.9813076734927,21896.082282878106,1052.8221458546884,21145.493941207427,707.2649761169567,,,False,False
250.0,21279.73060507582,825.4205751005269,21942.091785580473,1054.0331502923175,21199.49449299996,725.600288633129,-25.064522998959177,130.26378988685494,True,True
250.5,21323.254291563873,825.890887399796,21988.121245023744,1055.268413427458,21243.120068263386,725.348403634245,,,False,False
251.0,21366.790699131936,826.3927999256217,22034.175925122785,1056.5360344049864,21289.64181013082,725.3832400505727,,139.3504960849735,False,True
251.5,21410.33955651866,826.9268042171897,22080.250125025686,1057.8393293312538,21333.32918983978,725.1910764014397,,,False,False
252.0,21453.900588670367,827.4933291787247,22126.338753272503,1059.1760713761432,21390.4078777197,743.2250455057573,-24.74257636114178,141.11114469965761,True,True
252.5,21497.473516824833,828.0927424841046,22172.445343625197,1060.5419365033915,21434.19032593383,743.2080330025943,,,False,False
253.0,21541.058058596183,828.7253521973632,22218.570838719625,1061.9360649990645,21479.140988370684,743.2591504708267,,144.85153698537198,False,True
253.5,21584.653928060932,829.3914085996106,22264.71205889294,1063.3699205960675,21522.961387758667,743.3029445394516,,,False,False
254.0,21628.260835845067,830.0911062120149,22310.867744996798,1064.8455694599218,21574.15514283148,757.0151912374903,-24.801393537477974,144.77537952160694,True,True
254.5,21671.87848921219,830.8245860036586,22357.038377599813,1066.3600118111249,21618.02818236092,757.225638414163,,,False,False
255.0,21715.50659215271,831.5919377722992,22403.217920373452,1067.914877174547,21668.769905943627,757.3610853007195,,158.532551779988,False,True
255.5,21759.144845473977,832.3932026853386,22449.4000717458,1069.5099656789575,21712.706987292117,757.6381043335099,,,False,False
256.0,21802.792946891448,833.2283759676369,22495.585951959103,1071.145680681079,21756.30707377401,768.735784146462,-24.698752129137844,144.82139882031908,True,True
256.5,21846.450591120745,834.0974097221963,22541.778161094753,1072.8206070326169,21800.219662679287,769.1665947495617,,,False,False
257.0,21890.117469970668,835.0002158692004,22587.97847185956,1074.537037890645,21833.586234030696,770.3975566826894,,143.83284744975268,False,True
257.5,21933.79327243706,835.9366691884143,22634.190737140692,1076.2958577986722,21877.421312476385,770.9243043756464,,,False,False
258.0,21977.477684797534,836.9066104495411,22680.413179330466,1078.090311722759,21894.420987995913,753.2371877193507,-28.182809235088026,142.8943872622369,True,True
258.5,22021.170390707055,837.9098496147932,22726.643510552385,1079.9152745592253,21938.082554198536,753.7205598998346,,,False,False
259.0,22064.871071294296,838.9461690976661,22772.888824469832,1081.7655645175732,21986.45062881664,753.6969877522953,,168.5991649514088,False,True
259.5,22108.57940525875,840.0153270617095,22819.15103027114,1083.644422350082,22030.177073108705,754.2197614777024,,,False,False
260.0,22152.29506896864,841.1170607429668,22865.424971693315,1085.5592772701189,22072.066181361362,761.8667450772762,-24.579111121022255,157.49106328350047,True,True
260.5,22196.017736559457,842.251089779709,22911.7059380415,1087.5023708519793,22115.77182077606,762.502012408032,,,False,False
261.0,22239.747080033252,843.4171195331115,22957.993892982835,1089.4775705801428,22158.96070498363,763.2552741352727,,167.9010350032103,False,True
261.5,22283.482769358532,844.6148443826278,23004.2928676046,1091.4873859999773,22202.6718023238,763.9532295319533,,,False,False
262.0,22327.224472570804,845.8439509799836,23050.6021957916,1093.5230701688483,22253.197258170472,769.9229324996784,-24.04549535548065,175.41129722780744,True,True
262.5,22370.971855873682,847.1041214459644,23096.920866382206,1095.590325955339,22296.965619483974,770.7043182969451,,,False,False
263.0,22414.72458374057,848.395036494487,23143.253786711797,1097.691244692299,22338.88444154172,771.947340603583,,171.91654185180545,False,True
263.5,22458.482319016868,849.7163784688341,23189.59481580899,1099.8320998712088,22382.650866437118,772.8023736043895,,,False,False
264.0,22502.244723022664,851.0678342753874,23235.948744102945,1102.009745204755,22433.15413084549,774.7565571621275,-23.89249372336448,184.9134121491763,True,True
264.5,22546.01145565591,852.449098200719,23282.31869430862,1104.2157174278102,22476.9957701976,775.672562266527,,,False,False
265.0,22589.782175496017,853.8598745984863,23328.696457603855,1106.4514444915676,22525.0919306539,775.362918848497,,186.94863866540814,False,True
265.5,22633.556539907855,855.299880433224,23375.078567181074,1108.719339679301,22568.976571569587,776.3223334143597,,,False,False
266.0,22677.33420514612,856.768847668835,23421.462594348,1111.0167121119914,22626.912154826172,804.2067488124616,-19.6886462601419,175.93684374875497,True,True
266.5,22721.114826460045,858.2665254903402,23467.84992964052,1113.3444185323463,22670.855300513223,805.4032889955351,,,False,False
267.0,22764.898058198414,859.7926823482637,23514.241619497592,1115.7045858117096,22726.101166794793,802.3633089709216,,204.39244200027252,False,True
267.5,22808.68355391485,861.3471078158882,23560.647172861558,1118.091058975757,22770.158796956326,803.5722455715234,,,False,False
268.0,22852.470966473342,862.9296142505223,23607.06782655332,1120.5095578824275,22815.84625987161,807.4759729501325,-22.103766105670665,188.16274503586888,True,True
268.5,22896.259948154002,864.5400382508647,23653.493582974195,1122.9635876122468,22859.925947332435,808.7661021921994,,,False,False
269.0,22940.05015075896,866.178241903533,23699.921826061967,1125.4433424982208,22907.442051775204,808.516275196602,,197.2062623439903,False,True
269.5,22983.84122571845,867.8441138128352,23746.34907253399,1127.9447144855537,22951.548835865924,809.834808434916,,,False,False
270.0,23027.632824196975,869.5375699089002,23792.777249988238,1130.465009331542,22976.923670371558,794.7385823111649,-24.757790801640613,185.6148044770263,True,True
270.5,23071.424597199562,871.2585540303471,23839.209235553928,1133.0084149661188,23020.9065970421,795.9923816917088,,,False,False
271.0,23115.216195678084,873.0070382787469,23885.639411021533,1135.5791352333204,23066.466651604136,796.4525716750394,,198.781272344043,False,True
271.5,23159.007270637576,874.7830231432237,23932.07141492132,1138.1725345217594,23110.457641156292,797.7439431388815,,,False,False
272.0,23202.797473242535,876.5865373946384,23978.51573239564,1140.7871299405524,23159.408373959468,805.5092944772341,-20.062726460015917,197.92529077303513,True,True
272.5,23246.586454923196,878.4176377498992,24024.967957293382,1143.4262838028278,23203.441618965706,806.8842583256821,,,False,False
273.0,23290.373867481692,880.2764083080389,24071.420416445937,1146.0878247292703,23249.023693059644,807.3342030175947,,203.3486443418012,False,True
273.5,23334.159363198127,882.1629597607913,24117.875000683754,1148.7689389478578,23293.067482823895,808.7380554981183,,,False,False
274.0,23377.942594936496,884.077428381477,24164.329610767447,1151.4712559379825,23331.98730056878,807.4658342489255,-20.85884849996386,198.33588748630052,True,True
274.5,23421.723216250422,886.0199747970667,24210.778505914463,1154.1940814600732,23375.981978917,808.8913811898699,,,False,False
275.0,23465.50088148869,887.9907825493312,24257.222414043215,1156.947824594553,23418.078056005343,811.6687251888515,,200.14910452746776,False,True
275.5,23509.275245900528,889.9900564520011,24303.665296860574,1159.7424481899134,23462.04234688671,813.1726600280734,,,False,False
276.0,23553.045965740635,892.0180207518338,24350.114159464367,1162.5707582725286,23509.56716616001,825.3331034025695,-17.742798297363677,198.65955733094316,True,True
276.5,23596.81269837388,894.074917102437,24396.56799648349,1165.4183392814002,23553.546330117453,826.9607443113898,,,False,False
277.0,23640.575102379673,896.1610023606004,24443.014289149356,1168.2890603132169,23595.64298118052,830.1378756832082,,203.22003061932142,False,True
277.5,23684.33283765597,898.2765462157461,24489.44671655917,1171.1941597083635,23639.576220822084,831.8317392902567,,,False,False
278.0,23728.08556552286,900.4218286639265,24535.86248631863,1174.1287257101221,23698.421597144086,849.3496557186437,-14.911729417272735,211.01337478094604,True,True
278.5,23771.83294882574,902.5971373385541,24582.268846474217,1177.0891452076555,23742.41741273256,851.1996252345295,,,False,False
279.0,23815.574652038016,904.8027647107604,24628.674025182492,1180.078477133046,23787.375978345222,852.1384640757174,,213.26896585982587,False,True
279.5,23859.3103413633,907.0390051729224,24675.076253175263,1183.1006106458137,23831.370861040486,854.0389563373363,,,False,False
280.0,23903.03968483709,909.3061520194902,24721.478552364013,1186.1517592103185,23870.74873722904,853.7214467644467,-17.397368629300434,208.5322951356144,True,True
280.5,23946.762352427908,911.6044943397638,24767.8805691783,1189.2293600022679,23914.703422655894,855.6608543285474,,,False,False
281.0,23990.478016137797,913.9343138377316,24814.27698574663,1192.339428167292,23954.456840061866,862.3319337963972,,201.34939220531817,False,True
281.5,24034.186350102256,916.2958815944673,24860.672515951675,1195.4827238895473,23998.357631351962,864.3719654097835,,,False,False
282.0,24077.887030689493,918.6894547889025,24907.05937313985,1198.6661505288334,24058.248472305597,878.1740664692461,-12.51463379123639,222.0268808710195,True,True
282.5,24121.57973659902,921.1152733930365,24953.43635054447,1201.8937882647674,24102.235858441334,880.3710516391408,,,False,False
283.0,24165.264148959493,923.5735568578249,24999.809333335383,1205.1636626625805,24144.97688778381,884.2891054140856,,211.63253126298906,False,True
283.5,24208.939951425884,926.0645008060801,25046.169889623932,1208.476225142841,24188.929558150943,886.5818466089022,,,False,False
284.0,24252.60683027581,928.5882737487545,25092.518846040886,1211.82763931509,24245.48136291714,903.7235875228673,-11.076616679458466,214.06407068767848,True,True
284.5,24296.26447450511,931.1450138409192,25138.85814658287,1215.211379545785,24289.4875976314,906.187690570497,,,False,False
285.0,24339.91257592258,933.7348256936368,25185.18517114211,1218.628276954904,24334.487349163162,906.9940176936736,,221.6017740765098,False,True
285.5,24383.550829243846,936.3577772577296,25231.503843406103,1222.087566825233,24378.477768611443,909.5182322984912,,,False,False
286.0,24427.178932184364,939.0138967951748,25277.816310479884,1225.5845533631987,24449.401562971998,944.4082409638488,-6.06737216173023,209.07466245012643,True,True
286.5,24470.796585551492,941.7031699535224,25324.11812257368,1229.1141583635526,24493.54356624183,947.2283914285929,,,False,False
287.0,24514.403493335627,944.4255369583196,25370.407489166886,1232.6842707760547,24537.82713002393,949.7371631828138,,219.44662753346992,False,True
287.5,24557.999362800376,947.18088993805,25416.683352601598,1236.2949325675195,24581.940507028834,952.6351771409186,,,False,False
288.0,24601.583904571726,949.9690703955508,25462.945580322066,1239.9477809173793,24616.014007405327,942.4891072638043,-12.941366037598165,225.5577484662845,True,True
288.5,24645.15683272619,952.7898668392653,25509.197763818447,1243.6478838992234,24660.035067060362,945.3822264826636,,,False,False
289.0,24688.7178648779,955.6430125870169,25555.438997577214,1247.3955974494756,24704.229180463604,947.7839310427067,,221.2146723209903,False,True
289.5,24732.266722264627,958.5281837542677,25601.663486851387,1251.1875052597602,24748.219892437704,950.7634954264505,,,False,False
290.0,24775.803129832686,961.4449974380415,25647.870308306396,1255.0186308048412,24804.221502072083,959.6314628161924,-6.917556100952659,229.1259333250821,True,True
290.5,24819.32681632074,964.3930101068572,25694.060412338047,1258.886645367179,24848.262046205095,962.7241064851696,,,False,False
291.0,24862.837514342405,967.3717162061404,25740.238179565145,1262.7915779897855,24893.235432012596,961.589658392735,,230.20068559297738,False,True
291.5,24906.33496046772,970.3805469876534,25786.405787098283,1266.7359288302055,24937.261174978732,964.7241758658765,,,False,False
292.0,24949.818895303368,973.4188695705238,25832.561609012188,1270.714370811491,24983.211284974906,968.6882487628095,-7.29314465522894,222.54384698497032,True,True
292.5,24993.289063571712,976.485986240448,25878.70863496869,1274.7255676004604,25027.22692717771,971.8936259034028,,,False,False
293.0,25036.74521418854,979.581133992617,25924.838379201734,1278.7770707101135,25071.248328976242,974.906112545849,,221.47522851419816,False,True
293.5,25080.187100339554,982.703484322856,25970.945913071788,1282.8639348073661,25115.2209675181,978.1842177796763,,,False,False
294.0,25123.61447955555,985.8521432703882,26017.04087175827,1286.9797981607494,25151.117951203727,973.1557437247177,-7.909420695085895,224.98262105514831,True,True
294.5,25167.02711378627,989.0261517145392,26063.1220885718,1291.121616859487,25195.004259275272,976.4261805235855,,,False,False
295.0,25210.42476947293,992.2244859265893,26109.188788849333,1295.2891076335754,25238.873919174202,979.6946054558156,,221.06578151867262,False,True
295.5,25253.80721761936,995.4460583768673,26155.247402943645,1299.489262271593,25282.733366670185,983.0215916144555,,,False,False
296.0,25297.174233861744,998.6897187960604,26201.29550796325,1303.7276709123469,25321.00033488636,990.0758448476046,-5.957508031403962,202.00520058301828,True,True
296.5,25340.52559853698,1001.9542554886032,26247.327576292,1307.9971056198083,25364.782680982284,993.5020898696228,,,False,False
297.0,25383.86109674958,1005.2383968948985,26293.34119617431,1312.2914509752923,25408.28831099751,994.7189879405807,,225.46739783414444,False,True
297.5,25427.180518437133,1008.5408133980345,26339.338274684018,1316.6073070939676,25452.030577932648,998.1726892783785,,,False,False
298.0,25470.4836584343,1011.8601193695778,26385.32224463208,1320.9394173842165,25492.444700738808,998.0445046231032,-3.775642981827339,223.18482036564288,True,True
298.5,25513.770316535298,1015.1948754479785,26431.289425586863,1325.2903232344001,25536.1289537288,1001.5043119062432,,,False,False
299.0,25557.040297554893,1018.5435910420875,26477.242718360212,1329.6587720932787,25580.383187554366,1007.4191230235521,,213.95554713092895,False,True
299.5,25600.293411387844,1021.9047270512964,26523.185472225123,1334.043036236908,25624.04142254658,1010.9299666262027,,,False,False
300.0,25643.52947306683,1025.276698792849,26569.113403189225,1338.439898842203,25664.19848625402,1010.3285715002656,-2.09288976166391,224.09471020315857,True,True
300.5,25686.748302818767,1028.6578791259553,26615.015974739024,1342.8505275898988,25707.78690748482,1013.8321401283641,,,False,False
301.0,25729.949726119597,1032.046601761465,26660.89780591926,1347.2688405388672,25750.732389342513,1015.7008442837428,,222.28041325490167,False,True
301.5,25773.133573747426,1035.441164745029,26706.765738364596,1351.6942920747451,25794.27720308554,1019.2043781371586,,,False,False
302.0,25816.299681834087,1038.8398341009095,26752.608595881513,1356.1279181526302,25842.903637723048,1024.909890845571,1.4109047361499598,221.55301304554547,True,True
302.5,25859.447891915042,1042.2408476228711,26798.428110121902,1360.5669637301046,25886.43365189954,1028.441759038653,,,False,False
303.0,25902.578050977667,1045.642418797938,26844.2279382942,1365.02299918963,25925.21383298148,1023.2025309409856,,238.33016871574907,False,True
303.5,25945.690011507842,1049.042740848191,26890.013016298348,1369.4951980961323,25968.67121051755,1026.695159342683,,,False,False
304.0,25988.78363153491,1052.4399908752564,26935.787705152426,1373.9726210721085,26011.42661319679,1028.6657530863254,1.8710780873198252,220.44726802816058,True,True
304.5,26031.858774674893,1055.8323340916643,26981.547766877196,1378.44727276535,26054.8491985178,1032.1461802997621,,,False,False
305.0,26074.915310172066,1059.2179281228568,27027.29376115152,1382.928610022006,26096.921761933198,1033.754877925758,,219.78472653540234,False,True
305.5,26117.953112938765,1062.594927363302,27073.02661772405,1387.4241403884519,26140.302376463496,1037.2385538363712,,,False,False
306.0,26160.972063593505,1065.961487369912,27118.739618934524,1391.9248176215915,26186.237607962732,1043.8316957740838,3.563609466627327,205.79063627218758,True,True
306.5,26203.972048497322,1069.3157692757795,27164.43287520092,1396.421128258018,26229.592918556566,1047.3390259756725,,,False,False
307.0,26246.952959788418,1072.655944207143,27210.109866597915,1400.91337562039,26273.330551317573,1051.2798940072935,,211.29641343579942,False,True
307.5,26289.914695414995,1075.9801976864528,27255.773332553417,1405.395684805314,26316.65424465904,1054.7745339428368,,,False,False
308.0,26332.85715916635,1079.2867340044559,27301.42617404978,1409.8652380791677,26354.106585482292,1053.9435875766806,4.573600803659621,217.88990734269345,True,True
308.5,26375.780260702177,1082.573780544327,27347.065219263553,1414.3242983057442,26397.356373912404,1057.3769788849002,,,False,False
309.0,26418.683915580095,1085.8395920410692,27392.687595986867,1418.7681278769319,26438.341595229733,1058.8347471382963,,215.71756859044146,False,True
309.5,26461.568045281358,1089.0824547596656,27438.292039975844,1423.1976380114763,26481.534437514092,1062.2196399404838,,,False,False
310.0,26504.432577234777,1092.3006905758004,27483.877464399826,1427.6068494522615,26528.769090003017,1066.8706947125204,8.84428783734007,218.10959961945696,True,True
310.5,26547.277444838834,1095.4926609433744,27529.438961472202,1431.9924545932347,26571.944833260677,1070.2200180966772,,,False,False
311.0,26590.102587481953,1098.6567707335084,27574.977792958427,1436.3564186444307,26613.075103548428,1072.1431750908787,,211.42263207682814,False,True
311.5,26632.90795056098,1101.7914719302787,27620.49570430669,1440.6980325478257,26656.186611460023,1075.4339161777082,,,False,False
312.0,26675.693485497803,1104.8952671690224,27665.995022793664,1445.0175985293129,26698.20237568279,1078.0811700449096,8.76274981247901,206.5522644639972,True,True
312.5,26718.459149754155,1107.9667131037293,27711.48173469814,1449.3062571627972,26741.269223191113,1081.310888505067,,,False,False
313.0,26761.204906844574,1111.0044235907494,27756.95340173713,1453.5633237743823,26797.1328030201,1091.6382952164313,,178.3347729207076,False,True
313.5,26803.930726347506,1114.0070726768402,27802.413136757707,1457.7901038528298,26840.266866375216,1094.8660719648742,,,False,False
314.0,26846.63658391459,1116.9733973803957,27847.854824176415,1461.9867352741294,26877.888167018893,1095.2578314397467,9.723073604222403,202.24388991090765,True,True
314.5,26889.322461278054,1119.902200255595,27893.270861270183,1466.1525588218096,26920.931340398907,1098.3973986067779,,,False,False
315.0,26931.988346256298,1122.7923517301238,27938.66876237747,1470.2810692120472,26961.729828022453,1100.5234547332855,,203.77695379988606,False,True
315.5,26974.63423275759,1125.6427922080884,27984.047519927753,1474.3661130958114,27004.713625761975,1103.5709222133464,,,False,False
316.0,27017.26012078193,1128.452533930753,28029.40906301608,1478.402745548472,27037.103214327093,1101.7935860029215,11.27956336144296,206.5234656605162,True,True
316.5,27059.86601642105,1131.2206625887516,28074.757005141997,1482.3927216598372,27079.968837138906,1104.6994763282978,,,False,False
317.0,27102.45193185655,1133.946338680497,28120.090154427766,1486.3382151128665,27118.58846725569,1106.0950593718148,,203.26589679810584,False,True
317.5,27145.017885356203,1136.6287986125838,28165.401393749285,1490.246790927125,27161.37903801951,1108.9026758647547,,,False,False
318.0,27187.56390126837,1139.2673555390886,28210.68462835032,1494.1257808242929,27211.299105377842,1114.0935560175874,14.653897708678524,185.08727409648213,True,True
318.5,27230.090010014606,1141.8613999377828,28255.945456053265,1497.9720264292596,27254.089230019486,1116.8593787342643,,,False,False
319.0,27272.596248080372,1144.4103999223853,28301.185817327492,1501.7783783577202,27292.216632736796,1118.3714201118128,,199.1296849796602,False,True
319.5,27315.082658003932,1146.9139012911203,28346.407549569572,1505.5429837250708,27334.926346943725,1121.0403799803264,,,False,False
320.0,27357.549288363396,1149.3715273129533,28391.614639179785,1509.266344014181,27393.442251128876,1129.5192533260956,18.381129877039175,178.8506329812018,True,True
320.5,27399.996193761926,1151.782978253997,28436.812039170367,1512.954528765039,27436.246054311516,1132.1669403328083,,,False,False
321.0,27442.42343481109,1154.148030647682,28481.992190643676,1516.6080979427118,27479.667458194544,1134.8972403779956,,186.52521362591287,False,True
321.5,27484.831078112413,1156.4665363133677,28527.14953448352,1520.226129156419,27522.43139102195,1137.473725629696,,,False,False
322.0,27527.21919623708,1158.7384211291348,28572.286171641397,1523.8092262345797,27562.871448996706,1140.4960966919334,18.932069020378524,191.20233634781405,True,True
322.5,27569.587867703838,1160.963683565534,28617.412471268046,1527.3473097386454,27605.582535372643,1142.9931685548854,,,False,False
323.0,27611.93717695507,1163.1423929880696,28662.534475375283,1530.84131593821,27647.312438058634,1145.325329617593,,184.11002936001364,False,True
323.5,27654.26721433108,1165.2746877371724,28707.644580655655,1534.2988412738684,27689.995007699657,1147.7378493867332,,,False,False
324.0,27696.578076042573,1167.3607729953358,28752.749489279166,1537.7188115964634,27739.514172902935,1152.7624187071838,21.479907366498153,177.33727360480626,True,True
324.5,27738.869864141343,1169.4009184519819,28797.842380797196,1541.0984981914626,27782.22900420595,1155.1222300393813,,,False,False
325.0,27781.142686489195,1171.3954557774593,28842.917275236003,1544.4350092628947,27836.682096632245,1158.201917821969,,163.2549040335583,False,True
325.5,27823.39665672508,1173.3447759183578,28887.977143841104,1547.7292904240503,27879.44953304447,1160.488862703065,,,False,False
326.0,27865.631894230493,1175.2493262270611,28933.0204192963,1550.9808832092303,27927.059808721875,1162.9291283027994,22.361283468047727,169.16863325769705,True,True
326.5,27907.848524093097,1177.109607439127,28978.04710570517,1554.189523244666,27969.82736231315,1165.1336633262065,,,False,False
327.0,27950.04667706862,1178.9261705126958,29023.05251180433,1557.357665465956,28010.487501686293,1167.2748874946608,,174.71767954612278,False,True
327.5,27992.226489541034,1180.6996133446783,29068.040327404953,1560.4883364485472,28053.196675226023,1169.3977166751,,,False,False
328.0,28034.388103481,1182.4305773789526,29113.01426994214,1563.5878877490402,28101.204427207216,1175.466750741886,26.24201474304417,170.65571292231715,True,True
328.5,28076.531666402632,1184.1197441222143,29157.978525932296,1566.6583216409338,28143.9311187692,1177.5666472474927,,,False,False
329.0,28118.65733131856,1185.7678315834619,29202.93002249845,1569.692030169152,28191.052279982043,1179.4771221324816,,161.89643809641979,False,True
329.5,28160.765256693317,1187.3755906533788,29247.87042242819,1572.696157288948,28233.785150095373,1181.5114712039003,,,False,False
330.0,28202.85560639507,1188.9438014400619,29292.802895639437,1575.6759841718208,28284.080055625072,1185.4033621325818,27.34187743329686,158.94438738405708,True,True
330.5,28244.928549645716,1190.4732695776777,29337.718241614493,1578.6177382259998,28326.8446935163,1187.3970567836632,,,False,False
331.0,28286.98426096932,1191.964822524672,29382.619738734145,1581.5246757030661,28360.573363434993,1190.050613572403,,170.84056162257457,False,True
331.5,28329.022920138952,1193.41930586814,29427.50879902662,1584.4015599888671,28403.240915152048,1191.9757816224787,,,False,False
332.0,28371.044712121944,1194.8375796508617,29472.38742891326,1587.2449326284807,28453.019295190057,1200.8797357486694,31.39152429464295,159.7841526725649,True,True
332.5,28413.049827023533,1196.2205147373325,29517.256218031776,1590.060113600323,28495.726771414073,1202.8106111069105,,,False,False
333.0,28455.03846002895,1197.5689892348832,29562.113386406407,1592.8492931289868,28538.95690154296,1204.6552467827555,,154.8138921450004,False,True
333.5,28497.010811343982,1198.883884985656,29606.95757802773,1595.6071628610343,28581.641042745105,1206.5279426679715,,,False,False
334.0,28538.96708613397,1200.1660841448213,29651.787404656472,1598.3317463647027,28616.16434548528,1207.0348369221947,29.245119580309208,158.8029196912023,True,True
334.5,28580.90749446132,1201.4164658599664,29696.605652165934,1601.0341507752314,28658.755592212736,1208.8308624603148,,,False,False
335.0,28622.83225122152,1202.635903066058,29741.4081516313,1603.7147739947484,28681.583976461297,1213.459416500882,,170.39550033343738,False,True
335.5,28664.74157607767,1203.8252594098037,29786.19173241213,1606.3671649065648,28723.98996611182,1215.2081252741414,,,False,False
336.0,28706.63569339359,1204.9853863165788,29830.96698571679,1608.9918780492192,28770.538248706176,1210.9814983885421,29.87238398813408,139.37645674369983,True,True
336.5,28748.514832165452,1206.1171202123912,29875.73828964321,1611.5912066119554,28812.951007328807,1212.6280680736586,,,False,False
337.0,28790.37922595205,1207.2212799125841,29920.50055924915,1614.1671259341258,28858.65125363083,1213.6761713900446,,141.49695841979835,False,True
337.5,28832.229112803623,1208.2986641881728,29965.25315832939,1616.7189523065842,28901.065755077314,1215.2725138336846,,,False,False
338.0,28874.064735189382,1209.3500495198437,30009.99967796439,1619.2509435855488,28926.119672892353,1219.8915486077442,33.46764240378306,159.14051696987002,True,True
338.5,28915.886339923625,1210.3761880487411,30054.739839115744,1621.7645012325145,28968.38898443872,1221.4542639074014,,,False,False
339.0,28957.69417809056,1211.3778057322254,30099.479732705106,1624.25226899889,29018.511073658585,1221.4221041203325,,131.57118649919238,False,True
339.5,28999.488504967838,1212.3556007117948,30144.219719160024,1626.7169644271023,29060.83351186869,1222.930284708606,,,False,False
340.0,29041.26957994876,1213.3102418993633,30188.951625474736,1629.1631971711904,29092.30144606575,1225.2348653434956,34.82477817892429,146.3173233725085,True,True
340.5,29083.03766646329,1214.2423677870347,30233.670640581713,1631.5850948295483,29134.51620313058,1226.6921863486098,,,False,False
341.0,29124.793031897814,1215.1525854844608,30278.37343106885,1633.9877623942361,29195.365522171665,1223.9433117210244,,115.24753340186928,False,True
341.5,29166.535947513676,1216.0414699867877,30323.06015025321,1636.3674304567749,29237.68022149719,1225.3441343002103,,,False,False
342.0,29208.266688364554,1216.9095636751006,30367.73407554705,1638.7214826145703,29275.92336370905,1217.4506172770905,34.018220289500185,130.58583489393382,True,True
342.5,29249.985533212675,1217.7573760501855,30412.401737492644,1641.050680106693,29318.1679573542,1218.7120643502287,,,False,False
343.0,29291.69276444391,1218.585383699313,30457.05830088016,1643.3533215691427,29381.064008890677,1214.7625193815381,,107.47456593228397,False,True
343.5,29333.388667981748,1219.3940304946616,30501.706854403397,1645.6374456396409,29423.4361790021,1215.9591422352646,,,False,False
344.0,29375.0735332002,1220.1837280208956,30546.353782738122,1647.9130322396127,29461.088908783964,1218.4706545999775,38.951860604025114,128.53436395957178,True,True
344.5,29416.74765283566,1220.954856228338,30590.996321146027,1650.1774862663256,29503.417468960233,1219.65033461217,,,False,False
345.0,29458.41132289773,1221.7077643071127,30635.635727123863,1652.4373181181104,29551.53539856023,1219.252498086585,,115.50825979992473,False,True
345.5,29500.06484257905,1222.442771776591,30680.274655318237,1654.700642494115,29593.898906046696,1220.4231685289542,,,False,False
346.0,29541.708514164166,1223.16016978346,30724.914264683124,1656.9583071715633,29644.598698983616,1217.9093603490749,40.35871753583166,109.72176948490818,True,True
346.5,29583.342642937456,1223.8602226007488,30769.54565157617,1659.210530889263,29687.00941718503,1219.046408735468,,,False,False
347.0,29624.96753709012,1224.5431693191963,30814.168797291135,1661.45173406189,29734.724440090784,1218.6380057967956,,109.5747223934814,False,True
347.5,29666.583507626317,1225.2092257214438,30858.791560328486,1663.6809385595382,29777.162094475192,1219.7440233998282,,,False,False
348.0,29708.19086826843,1225.8585863286594,30903.41938344001,1665.9005678070237,29815.904242718265,1204.3863660336801,37.84382739195062,114.3570888828534,True,True
348.5,29749.789935361492,1226.4914266083947,30948.055032416927,1668.1065380188872,29858.292239238395,1205.31673541523,,,False,False
349.0,29791.38102777684,1227.1079053317012,30992.682719607576,1670.3094567573246,29909.58547152946,1203.5184750022513,,100.4762256308876,False,True
349.5,29832.964466814967,1227.7081670668304,31037.2988522958,1672.5134353908804,29952.015023162494,1204.4330988204713,,,False,False
350.0,29874.540576107665,1228.2923447961798,31081.908695389477,1674.7064853501186,29998.563129018632,1195.7237240415518,41.91495722483398,102.18139696598857,True,True
350.5,29916.109681519436,1228.860562642566,31126.512547335118,1676.8877813557845,30040.99112763499,1196.5344157480927,,,False,False
351.0,29957.672111048225,1229.4129386903703,31171.109176635073,1679.0638231378405,30076.359362102543,1199.5802364110218,,109.47797999710049,False,True
351.5,29999.22819472553,1229.9495878866433,31215.699905539106,1681.2379556149497,30118.720846152937,1200.387858174832,,,False,False
352.0,30040.778264515844,1230.470625006863,31260.288536748496,1683.401886354387,30165.789910824446,1202.0646390286222,46.13181768779668,95.10019243166717,True,True
352.5,30082.322654215553,1230.9761676697171,31304.877601229844,1685.548129096996,30208.185236394882,1202.8554281179502,,,False,False
353.0,30123.86169935125,1231.4663393850235,31349.47070390079,1687.6876709056232,30251.991189023563,1203.1824667730664,,95.35450762953032,False,True
353.5,30165.395737077542,1231.9412726187306,31394.070051518032,1689.829326101321,30294.404087947234,1203.9629340175672,,,False,False
354.0,30206.925106074334,1232.4011118588303,31438.671698016118,1691.9695276423317,30321.770777123147,1207.787222950341,46.773995922024454,108.56064434850857,True,True
354.5,30248.450146443673,1232.84601666598,31483.272190204065,1694.1084290767592,30364.070519621724,1208.5623358722767,,,False,False
355.0,30289.97119960615,1233.2761646926792,31527.869142255957,1696.2497969481772,30407.82742738402,1208.861574341665,,89.67923488952104,False,True
355.5,30331.488608196898,1233.6917546549594,31572.465382722752,1698.3899494144398,30450.12988739587,1209.632100292802,,,False,False
356.0,30373.00271596122,1234.0930092407289,31617.06675482901,1700.5253727591273,30483.929505050364,1198.9886323578241,45.57459679714523,100.12683650742572,True,True
356.5,30414.51386764988,1234.48017793919,31661.663969227215,1702.6525702478757,30526.138958212443,1199.6290783707245,,,False,False
357.0,30456.022408914097,1234.8535397760636,31706.255911873126,1704.7716421457196,30559.115608775544,1203.2963766825346,,94.71290777122681,False,True
357.5,30497.528686200247,1235.2134059397708,31750.84663971755,1706.8817468502086,30601.248477499124,1203.9249843366715,,,False,False
358.0,30539.033046644337,1235.5601222841872,31795.435590026427,1708.984150839942,30652.357603286935,1183.0153415024872,46.10427512869431,80.1973540165729,True,True
358.5,30580.53583796626,1235.8940716941245,31840.024784540987,1711.0886145141603,30694.508871799313,1183.463766640026,,,False,False
359.0,30622.037408363885,1236.2156763002945,31884.618367304294,1713.1993110234303,30721.976920078116,1188.783794282673,,94.77116475221678,False,True
359.5,30663.53810640698,1236.5253995311723,31929.224548007856,1715.3093649467353,30764.03578517758,1189.2475685611364,,,False,False
360.0,30705.038280931043,1236.8237479898987,31973.84219635713,1717.4125017304764,30803.20137721945,1199.5027283302054,53.081199296885,77.15065545616837,True,True
360.5,30746.538280931043,1237.1112731451303,32018.46558605674,1719.517302530101,30845.27063451157,1200.0336613601319,,,False,False
361.0,30788.03845545511,1237.3885728255807,32063.096264678785,1721.6349460462166,30870.727488553333,1205.9245477241898,,91.46876501047775,False,True
361.5,30829.539153498205,1237.65629250886,32107.730565108104,1723.7564641547967,30912.683629684674,1206.4825857953074,,,False,False
362.0,30871.04072389583,1237.9151263961485,32152.367765086965,1725.8779338495167,30944.553724996174,1223.8722030113079,55.453197583297666,76.45269203467838,True,True
362.5,30912.543515217752,1238.1658182651906,32197.006417206827,1728.003639552288,30986.46606209279,1224.5538502352751,,,False,False
363.0,30954.04787566184,1238.4091620950862,32241.649280662346,1730.1303273875264,31012.07485821567,1230.252938794179,,86.17955024538584,False,True
363.5,30995.55415294799,1238.6460024573912,32286.304126292576,1732.2568973236707,31053.880270284328,1230.9438085027373,,,False,False
364.0,31037.062694212203,1238.877234669075,32330.971250666542,1734.3775688072944,31100.68707960445,1215.0177084345405,51.45242466148131,69.10301400148825,True,True
364.5,31078.573845900864,1239.1038047039674,32375.648612245583,1736.486691979979,31142.510131033207,1215.554901092682,,,False,False
365.0,31120.087953665185,1239.3267088604068,32420.33626820248,1738.5908390588045,31180.0411761972,1217.3742330401867,,68.7949711537709,False,True
365.5,31161.60536225593,1239.5469931839077,32465.034003491033,1740.70385957159,31221.846630689604,1217.9125749894529,,,False,False
366.0,31203.12641541841,1239.765752644773,32509.73460317399,1742.8298602647112,31267.255422222715,1210.4767493093586,54.256456819562075,61.55522705653868,True,True
366.5,31244.65145578775,1239.984130071684,32554.437239270053,1744.9674738417823,31309.068703712383,1210.9733701885461,,,False,False
367.0,31286.18082478454,1240.203314843411,32599.1492728688,1747.1125903699353,31345.860475428413,1212.9123039334036,,64.30892592631027,False,True
367.5,31327.71486251083,1240.4245413418869,32643.875845348713,1749.262380981751,31387.65419492605,1213.417671196396,,,False,False
368.0,31369.25390764653,1240.6490871709711,32688.62483376101,1751.4256505432093,31423.933860676574,1214.6646720796984,56.615683560992295,62.80691775264711,True,True
368.5,31410.798297346235,1240.878271146302,32733.38869006054,1753.6055416168965,31465.7155798225,1215.1897769325262,,,False,False
369.0,31452.348367136547,1241.1134510626832,32778.15786371407,1755.7970314232539,31510.817081295343,1214.838760838468,,49.97630931519494,False,True
369.5,31493.90445081385,1241.3560212464668,32822.93373660475,1758.0012518754588,31552.62693664742,1215.3806851300756,,,False,False
370.0,31535.466880342643,1241.60740990139,32867.71409720357,1760.2153483991042,31596.516285072856,1221.729993676001,59.12287575913771,44.30147305939351,True,True
370.5,31577.03598575441,1241.8690762572655,32912.50538557497,1762.4422234656283,31638.363479501415,1222.3403545499052,,,False,False
371.0,31618.61209504711,1242.142507531848,32957.310424279094,1764.6865412472014,31671.554509599988,1225.0358813068087,,58.04185117993621,False,True
371.5,31660.195534085236,1242.4292157170557,33002.12699443561,1766.9499721010072,31713.35651741708,1225.677849209537,,,False,False
372.0,31701.786626500583,1242.7307342015565,33046.951441902354,1769.2336167702902,31762.17764938403,1217.115980102371,58.17765423355535,42.812156852323255,True,True
372.5,31743.385693593646,1243.048614242486,33091.78759810556,1771.5347415569831,31804.02486817403,1217.726707300138,,,False,False
373.0,31784.993054235754,1243.3844212997803,33136.63812507433,1773.85155205253,31855.790259437676,1216.2436625506743,,31.05484144556398,False,True
373.5,31826.60902477195,1243.7397312472608,33181.49058777497,1776.1876417820424,31897.7185625623,1216.884287589211,,,False,False
374.0,31868.233918924612,1244.1161264751975,33226.347964703586,1778.551340836713,31952.537625155772,1206.6968743986822,59.3334378628241,30.80062205125911,True,True
374.5,31909.8680476979,1244.5151918996048,33271.21830359719,1780.9475584471886,31994.55188658648,1207.3265582580714,,,False,False
375.0,31951.51171928302,1244.9385108939846,33316.101208917156,1783.378285562705,32031.759003152943,1208.8388562036255,,43.48953284240275,False,True
375.5,31993.16523896434,1245.387661159624,33361.00409165899,1785.8385502325639,32073.763510264795,1209.5237984495675,,,False,False
376.0,32034.828909026408,1245.8642105508754,33405.92885539815,1788.3300828817673,32111.109687543973,1219.2671586414253,62.87457241297071,34.03220948627977,True,True
376.5,32076.503028661868,1246.3697128720958,33450.86714315774,1790.8551114907095,32153.12730326752,1220.0749889829622,,,False,False
377.0,32118.18789388032,1246.9057036630986,33495.81866581554,1793.4171990656287,32196.5420943655,1220.73070280658,,30.586746451649592,False,True
377.5,32159.88379741816,1247.4736959900747,33540.77928991125,1796.014944372147,32238.585351570608,1221.606094399942,,,False,False
378.0,32201.591028649396,1248.0751762589637,33585.747712172626,1798.6487015793161,32281.018975082785,1222.9854355730838,62.97119766250962,28.923818009832416,True,True
378.5,32243.309873497517,1248.7116000682145,33630.72965160229,1801.3214029364149,32323.080678998205,1223.9340850643712,,,False,False
379.0,32285.040614348392,1249.3843881177484,33675.72627113955,1804.0348589865253,32364.54749697266,1224.9721900287743,,28.29215879486858,False,True
379.5,32326.783529964254,1250.094922190745,33720.73927775947,1806.795316372038,32406.62876375306,1226.0016516522167,,,False,False
380.0,32368.53889539878,1250.8445412246022,33765.76907634609,1809.6029746770669,32443.289029987798,1232.9094022836564,64.70293931590052,27.572180180704933,True,True
380.5,32410.306981913312,1251.6345374870837,33810.81856434612,1812.4583144009987,32485.37148719707,1234.0642571072347,,,False,False
381.0,32452.08805689423,1252.46615287325,33855.892990803135,1815.363900689642,32526.524592166534,1235.2946855815362,,24.07989080477477,False,True
381.5,32493.882383771503,1253.3405753382985,33900.98579402238,1818.3245948465765,32568.635980491184,1236.5473246343831,,,False,False
382.0,32535.690221938443,1254.2589354808874,33946.09088707197,1821.3365040807737,32617.765187933896,1232.165406951794,64.3681465821193,15.403065258413783,True,True
382.5,32577.511826672686,1255.2223032909037,33991.210547199014,1824.39458855189,32659.936907600077,1233.4771590196506,,,False,False
383.0,32619.347449058445,1256.2316850749758,34036.34320414188,1827.4992599966656,32702.866294030995,1234.85802080952,,16.79521563257008,False,True
383.5,32661.19733591002,1257.2880205722886,34081.4928812187,1830.6577132989235,32745.066910020403,1236.2655686996206,,,False,False
384.0,32703.061729696612,1258.3921802724815,34126.66298375248,1833.8709977850426,32781.30511077391,1235.1470998926784,65.74325111908261,27.832438726138797,True,True
384.5,32744.94086846848,1259.5449629465697,34171.857790583505,1837.1419151259938,32823.49211315943,1236.6290492575931,,,False,False
385.0,32786.8349857844,1260.7470934009434,34217.073311603024,1840.4743656267526,32869.54928659871,1238.5675741039367,,7.122367145329542,False,True
385.5,32828.744310640555,1261.99922046357,34262.3061902663,1843.8579350229136,32911.79747357164,1240.1661812565733,,,False,False
386.0,32870.669067400755,1263.301915210557,34307.5598047765,1847.290697896341,32941.54479625678,1260.4441751040936,69.16901004441246,10.059819898991574,True,True
386.5,32912.60947572811,1264.6556694402227,34352.83349561249,1850.7799215586683,32983.774710916485,1262.2661648894264,,,False,False
387.0,32954.5657505181,1266.0608944007902,34398.126301226876,1854.3243145547885,33025.94669609584,1264.1261541250724,,9.117752167219274,False,True
387.5,32996.53810183313,1267.5179197767527,34443.442376787985,1857.921226867665,33068.211139127634,1266.050041008648,,,False,False
388.0,33038.52673483855,1269.0269929378721,34488.790424248844,1861.569421936408,33119.32115431874,1252.0993639915982,66.12479283526278,11.595157689723273,True,True
388.5,33080.531849740146,1270.5882784536732,34534.17257811591,1865.27065065763,33161.67433720203,1254.0130359877608,,,False,False
389.0,33122.55364172314,1272.2018578751738,34579.57717354399,1869.0291309626473,33203.9084197096,1255.9403881991886,,5.185425997278946,False,True
389.5,33164.59230089277,1273.8677297844758,34624.99615361774,1872.84166844825,33246.29009466853,1257.9585182339188,,,False,False
390.0,33206.64801221638,1275.5858101117085,34670.430947997665,1876.7055952841822,33322.00519243899,1228.8582821551045,64.60262891993426,-13.021611718506147,True,True
390.5,33248.720955467026,1277.3559327176968,34715.884687162245,1880.62216960873,33364.59384893353,1230.7921523494088,,,False,False
391.0,33290.811305168776,1279.1778502396112,34761.362102948166,1884.5966653219339,33403.05770598587,1231.0131603806299,,10.190305914674626,False,True
391.5,33332.91923054353,1281.05123519575,34806.867821250875,1888.6247968904052,33445.65689437453,1233.0295996856255,,,False,False
392.0,33375.044895459454,1282.9756813445208,34852.40465869338,1892.702487007247,33479.37049564427,1240.7833610892703,69.95261427892176,6.437977609876002,True,True
392.5,33417.18845838108,1284.950705291621,34897.96425561807,1896.8321565124636,33521.96330260415,1242.9215723666625,,,False,False
393.0,33459.350072321045,1286.9757483383846,34943.54394624208,1901.012883377778,33570.634823802335,1248.49429635056,,-17.941851388595456,False,True
393.5,33501.529884793454,1289.050178563248,34989.14068043008,1905.2498356740284,33613.31098878187,1250.7701526615767,,,False,False
394.0,33543.728037768975,1291.1732931273273,35034.75904364728,1909.5447643566567,33673.83339639211,1224.0130562605918,66.68157564817069,5.643842684416466,True,True
394.5,33585.94466763157,1293.34432079416,35080.41118510204,1913.8972673345193,33716.62531312837,1226.2042165830105,,,False,False
395.0,33628.17990513698,1295.562424652785,35126.09111852356,1918.30508363288,33759.2137117457,1228.2744844974081,,-5.846797843856627,False,True
395.5,33670.433875372866,1297.8267050324891,35171.78876313475,1922.7657100520496,33802.042863615534,1230.5636435729405,,,False,False
396.0,33712.706697720714,1300.1362025967721,35217.509662651064,1927.2784482223458,33827.766718225226,1252.7811720983534,72.64739477694329,-8.10156984557012,True,True
396.5,33754.99848581948,1302.4899016033398,35263.25423066805,1931.8377054308266,33870.55458735275,1255.2829578022952,,,False,False
397.0,33797.30934753097,1304.88673331627,35309.02066610742,1936.4434682658625,33910.823131157435,1255.3700157616197,,-2.037855845134958,False,True
397.5,33839.63938490698,1307.3255795558835,35354.815132386444,1941.1037180529115,33953.63010575354,1257.9414480862733,,,False,False
398.0,33881.988694158215,1309.8052763713001,35400.63461201939,1945.818085905163,33982.04251763874,1283.5912477167556,73.4619617460125,-22.261233770774908,True,True
398.5,33924.35736562497,1312.3246178201885,35446.48964562245,1950.5764778028,34024.848516398706,1286.404391229054,,,False,False
399.0,33966.74548374964,1314.8823598397946,35492.38068510795,1955.3728874073963,34066.39020540683,1287.646867436915,,-9.094450397671341,False,True
399.5,34009.153127050966,1317.4772241930036,35538.29911283801,1960.204444187027,34109.23959935818,1290.5115872207004,,,False,False
400.0,34051.580368100134,1320.1079024729106,35584.24693466328,1965.077097648963,34146.598263952605,1298.8223540656898,72.48799365504694,-14.51578693081306,True,True
400.5,34094.027273498665,1322.7730601491855,35630.22579974739,1970.0024647302369,34189.47265362634,1301.8055153040505,,,False,False
401.0,34136.49390385813,1325.4713406393912,35676.23918056416,1974.978872520674,34231.33864264798,1303.1806386153414,,-12.647768304638337,False,True
401.5,34178.980313781685,1328.201369388365,35722.28395216115,1979.9955392880674,34274.26057064822,1306.2337134625918,,,False,False
402.0,34221.486551847454,1330.9617579388016,35768.35690299698,1985.0496768533453,34333.91439018357,1289.1870168420662,69.85838498947638,-14.581264038095751,True,True
402.5,34264.01266059369,1333.7511079762749,35814.456352999914,1990.1401915335557,34376.96107799829,1292.1827499918138,,,False,False
403.0,34306.55867650586,1336.56801533211,35860.58381204629,1995.271295153754,34421.02000092146,1297.3579521713373,,-25.588819644591013,False,True
403.5,34349.12463000551,1339.4110739277653,35906.741411589195,2000.4429683800834,34464.12956070414,1300.4454615862994,,,False,False
404.0,34391.71054544102,1342.2788796447005,35952.92973586242,2005.6442471136652,34513.781458361984,1288.47581844136,71.23217335709575,-6.497690081123885,True,True
404.5,34434.31644108014,1345.1700341041014,35999.142775787346,2010.875916694881,34556.954400620685,1291.511869467628,,,False,False
405.0,34476.94232910449,1348.0831483412867,36045.37945732897,2016.1370118387788,34601.713844639926,1299.3332489463726,,-34.33307051983015,False,True
405.5,34519.588215605785,1351.0168463601462,36091.64165761132,2021.4263645021622,34644.950206647045,1302.458101180924,,,False,False
406.0,34562.25410058403,1353.969768553556,36137.92464733281,2026.7453895666347,34676.80487986068,1309.634454743154,73.89962770960075,-11.267084903955068,True,True
406.5,34604.9399779475,1356.940574976354,36184.23601633041,2032.0922749616514,34720.011042195336,1312.8193054665226,,,False,False
407.0,34647.64583551459,1359.9279484581853,36230.57428944122,2037.4608392221885,34763.75970579622,1318.2755821359365,,-30.881345779664723,False,True
407.5,34690.37165501752,1362.930597544276,36276.92883062546,2042.851110142086,34807.01016705335,1321.5140913780976,,,False,False
408.0,34733.117412107946,1365.94725925302,36323.29942389026,2048.2619787640965,34858.25478932555,1310.4768715919492,71.76511783716683,-13.900943900539371,True,True
408.5,34775.8830763643,1368.976701640128,36369.68732650903,2053.6908477902043,34901.55878735504,1313.6509737878264,,,False,False
409.0,34818.668611301124,1372.0177261599906,36416.08833857115,2059.14000514956,34944.43855950735,1313.5312661809985,,-20.778807036898534,False,True
409.5,34861.47397438015,1375.0691698158653,36462.50308285416,2064.60246670484,34987.75271016399,1316.704425537749,,,False,False
410.0,34904.29911702327,1378.1299070914786,36508.941943749705,2070.0820304515305,35017.59781101639,1339.6343170679486,74.781787445188,-44.433301840885925,True,True
410.5,34947.14398462732,1381.1988516576503,36555.40823777489,2075.582170425551,35060.90123420417,1342.963869036503,,,False,False
411.0,34990.00851658074,1384.2749578485952,36601.89651417936,2081.100711591785,35103.851827014136,1340.2715972830124,,-17.879700140674345,False,True
411.5,35032.892646282,1387.3572219036228,36648.40742698034,2086.6382519965905,35147.1781946303,1343.5839156662364,,,False,False
412.0,35075.79630115992,1390.4446829710346,36694.94702910557,2092.1885788907052,35198.32499002033,1337.5111155671855,72.18249636433865,-26.224276176728438,True,True
412.5,35118.71940269575,1393.5364238721265,36741.51673359959,2097.752142654774,35241.738551635215,1340.7830106360152,,,False,False
413.0,35161.6618664471,1396.6315716242957,36788.10965735551,2103.3333643821297,35285.23871445707,1339.2029795497585,,-22.571364406582788,False,True
413.5,35204.623602073676,1399.729297723367,36834.728609626945,2108.929278449525,35328.685469750904,1342.461575597174,,,False,False
414.0,35247.60451336477,1402.8288181863577,36881.37066444306,2114.5311993002742,35377.945333365,1338.86216166133,72.30082124690487,-29.131829445314075,True,True
414.5,35290.60449826859,1405.929393356994,36928.03327346305,2120.1363306566054,35421.455273596635,1342.078624112332,,,False,False
415.0,35333.623448923325,1409.0303274773821,36974.718531781495,2125.7488128697864,35465.576752545065,1337.9166159749034,,-19.436092710893163,False,True
415.5,35376.66125169003,1412.130968030304,37021.42305756437,2131.3709152507063,35509.11185369588,1341.0854203520064,,,False,False
416.0,35419.7177871872,1415.2307048576577,37068.15022069035,2137.0013740273353,35531.68989051614,1357.6320481732569,75.4055227311213,-28.51303558150874,True,True
416.5,35462.792930327174,1418.3289690615763,37114.90269823829,2142.63495419453,35575.14716701795,1360.8697932598611,,,False,False
417.0,35505.88655035423,1421.4252316957609,37161.68418135888,2148.2694650622425,35618.53355140494,1364.9258805445947,,-38.02037664317077,False,True
417.5,35548.998510884405,1424.5190022555032,37208.491482772566,2153.904149521804,35662.038370606584,1368.161768943076,,,False,False
418.0,35592.12866994703,1427.6098269758031,37255.32493466244,2159.541252272033,35688.49329883327,1373.7790713714726,75.09506525373703,-13.986201447459674,True,True
418.5,35635.27688002798,1430.6972869478434,37302.1886474679,2165.1820708006803,35731.93570979291,1377.0017593403252,,,False,False
419.0,35678.44298811464,1433.7809960649183,37349.07543650843,2170.8277536436017,35775.86926810254,1377.1149148772827,,-31.76970817988638,False,True
419.5,35721.62683574247,1436.8605988096767,37395.98617157601,2176.4761564708692,35819.347797359194,1380.3127947671985,,,False,False
420.0,35764.8282590433,1439.9357678952647,37442.92270525176,2182.1206062846913,35858.746940150326,1384.9779828722458,73.21213836729693,-35.385461903643645,True,True
420.5,35808.04708879524,1443.006201773604,37489.88387760154,2187.7585292365916,35902.24219110386,1388.1605739025645,,,False,False
421.0,35851.28315047423,1446.071622024646,37536.871369717424,2193.393428617466,35945.85934556232,1390.8246638327341,,-38.47452700561471,False,True
421.5,35894.53626430718,1449.1317706409739,37583.87998264521,2199.0320887031385,35989.39289203591,1393.994801701415,,,False,False
422.0,35937.80624532678,1452.1864072225937,37630.90645539631,2204.6706320893777,36036.622998494466,1396.494926186123,71.91273144691553,-44.512923829693946,True,True
422.5,35981.09290342778,1455.2353060971557,37677.947844956674,2210.307191456909,36080.20361783477,1399.6543404498748,,,False,False
423.0,36024.396043424946,1458.2782533811758,37725.011473384184,2215.9490747157115,36123.535210533,1403.9151215358233,,-43.04080108706627,False,True
423.5,36067.715465112495,1461.3150439980898,37772.10184861562,2221.5935793031977,36167.155924199935,1407.0811580619263,,,False,False
424.0,36111.05096332509,1464.345478669154,37819.21847702319,2227.2357860529382,36234.8502203531,1392.5737936907074,69.1562466937956,-36.22408365865332,True,True
424.5,36154.402328000324,1467.369360893324,37866.35401566239,2232.878610998221,36278.638186830074,1395.6299920498361,,,False,False
425.0,36197.769344242704,1470.3864939322787,37913.50523721436,2238.5168046383974,36321.5216882761,1401.72132804512,,-47.73386462039164,False,True
425.5,36241.15179238914,1473.3966778167228,37960.67966588008,2244.15139464621,36365.33893089677,1404.781537044149,,,False,False
426.0,36284.549448075806,1476.3997063899938,38007.87831891828,2249.7841643475485,36403.10847678324,1413.6807267482084,71.98483724609854,-47.608048272760925,True,True
426.5,36327.96208230653,1479.3953644048145,38055.099659406646,2255.41067171826,36446.933453672864,1416.7591327019359,,,False,False
427.0,36371.38946152252,1482.3834246887777,38102.3463485895,2261.0319479036043,36489.3393256317,1424.2213302608427,,-51.653669455908954,False,True
427.5,36414.83134767353,1485.3636453938268,38149.625190763734,2266.6470912539844,36533.210284944435,1427.3108716703366,,,False,False
428.0,36458.28749829035,1488.3357673445935,38196.92990670754,2272.263548746634,36569.429865685015,1429.977823503038,72.08559327099462,-31.566404633353137,True,True
428.5,36501.7576665587,1491.299511499997,38244.25451006808,2277.8852378400234,36613.28837888476,1433.0497183298648,,,False,False
429.0,36545.24160139435,1494.254576541972,38291.60318555656,2283.507887220464,36656.46256891792,1438.136489014231,,-47.8565603308612,False,True
429.5,36588.739047519666,1497.200636604604,38338.97077101938,2289.125835049542,36700.35357223252,1441.2099303878663,,,False,False
430.0,36632.24974554134,1500.1373391562884,38386.34409540223,2294.732844785394,36749.09548652504,1444.6547521629948,69.66909062197082,-51.729095085979246,True,True
430.5,36675.7734320294,1503.0643030468282,38433.72272869962,2300.3350710531804,36793.02042691988,1447.7132685822742,,,False,False
431.0,36719.30983959745,1505.981116730602,38481.12044646718,2305.9340278828136,36838.77802937162,1445.9444268554566,,-34.77967444798465,False,True
431.5,36762.85869698418,1508.8873366761288,38528.54297250408,2311.5267529687444,36882.744344305334,1448.9488656074755,,,False,False
432.0,36806.41972913589,1511.782485971479,38575.9773235154,2317.1168172548314,36936.11277516873,1448.1991419262952,68.43577724230553,-47.17062851873612,True,True
432.5,36849.99265729035,1514.6660531340747,38623.41757124379,2322.705962806695,36980.14376108728,1451.1742813537087,,,False,False
433.0,36893.5771990617,1517.537491132471,38670.87104274925,2328.291600578211,37021.484229229936,1460.7821880461177,,-58.38487338192484,False,True
433.5,36937.17306852645,1520.396216626722,38718.34080777717,2333.8736319181303,37065.526870107344,1463.7893876989237,,,False,False
434.0,36980.77997631058,1523.2416094329217,38765.823434073696,2339.4565650840595,37100.40196632449,1476.1430137418265,69.71270721759133,-57.978520470792276,True,True
434.5,37024.397629677704,1526.0730122164591,38813.318346008564,2345.0348288108694,37144.413603993715,1479.1987820858815,,,False,False
435.0,37068.02573261822,1528.889730417473,38860.8200728862,2350.6046270129764,37190.02928267701,1478.3471166433008,,-37.53050029518005,False,True
435.5,37111.663985939485,1531.691032410896,38908.33357194147,2356.1605010865637,37234.05742230141,1481.3428484690223,,,False,False
436.0,37155.31208735695,1534.4761499023925,38955.862765770464,2361.6998120162357,37274.95075815218,1489.7161675374246,68.30121457636677,-55.80499961600079,True,True
436.5,37198.96973158625,1537.2442785603912,39003.40278840229,2367.2282833747913,37318.982458761784,1492.7144024734012,,,False,False
437.0,37242.63661043618,1539.9945788833043,39050.95592029376,2372.7521483299884,37362.77197354126,1496.3013741197285,,-47.0548797586456,False,True
437.5,37286.31241290257,1542.7261772999323,39098.522204328496,2378.269842232168,37406.820529856304,1499.2845576220902,,,False,False
438.0,37329.99682526304,1545.438167499952,39146.101215062474,2383.7752525841215,37402.7044667002,1523.9782636479256,73.0782680133076,-51.32762180041597,True,True
438.5,37373.68953117257,1548.1296119903081,39193.691463999625,2389.27305060285,37446.486646698104,1527.0463384657285,,,False,False
439.0,37417.390211759805,1550.7995438722664,39241.295260249346,2394.7563784066765,37490.79435424079,1528.756528662957,,-43.73778554184354,False,True
439.5,37461.098545724264,1553.4469688328409,39288.91536787416,2400.2158537594446,37534.59853057977,1531.76813576144,,,False,False
440.0,37504.814209434146,1556.0708673432978,39336.55230613912,2405.6541850895783,37568.74293127358,1541.241896877826,67.96025851038516,-53.498178156629145,True,True
440.5,37548.53687702496,1558.6701970564525,39384.20906938563,2411.0650846352883,37612.51839935974,1544.2376202206303,,,False,False
441.0,37592.26622049876,1561.243895393531,39431.88223805143,2416.4501095261303,37658.13985744165,1542.392892462125,,-36.425397409224956,False,True
441.5,37636.00190982404,1563.7908823104601,39479.56933519042,2421.8186198203393,37701.94352760661,1545.3015911174923,,,False,False
442.0,37679.743613036306,1566.3100632325877,39527.267247073156,2427.169075366232,37735.55600784813,1556.2998657528017,67.0013533023739,-57.65216488236338,True,True
442.5,37723.490996339184,1568.8003321460212,39574.97685409877,2432.49643341145,37779.31373301722,1559.2136762181374,,,False,False
443.0,37767.24372420607,1571.2605748330072,39622.70674006293,2437.7982393830625,37822.677810769,1563.1946045874076,,-48.944901762204,False,True
443.5,37811.001459482366,1573.6896722380743,39670.45243707563,2443.0730776138616,37866.4590147057,1566.0567206276255,,,False,False
444.0,37854.76386348816,1576.0865039510047,39718.20778052223,2448.322566624648,37916.88793949953,1567.8616281684474,64.1630359690679,-49.158592274667974,True,True
444.5,37898.5305961214,1578.4499517921186,39765.97831516051,2453.5458131468245,37960.723653997266,1570.6632675367923,,,False,False
445.0,37942.30131596151,1580.7789034848324,39813.76290422301,2458.7384262736923,38006.403828133974,1568.4668556941615,,-35.48491233442921,False,True
445.5,37986.075680373346,1583.0722563999916,39861.5520344749,2463.8984433465143,38050.256972296134,1571.1588010719083,,,False,False
446.0,38029.85334561161,1585.328921356095,39909.347907547955,2469.021675083621,38081.749636506895,1581.1908277516618,65.11997434195487,-55.054393129037926,True,True
446.5,38073.63396692553,1587.5478264592077,39957.154447795154,2474.111727436811,38125.536538577144,1583.8533309958768,,,False,False
447.0,38117.4171986639,1589.7279209661153,40004.9722354553,2479.171167110733,38167.08611734294,1592.9180898545353,,-59.87082729662089,False,True
447.5,38161.202694380336,1591.868179154099,40052.79642440852,2484.195122897266,38210.86789142826,1595.5580060477353,,,False,False
448.0,38204.990106938836,1593.9676041806113,40100.6307729904,2489.189045771391,38220.58996303225,1610.7261087919467,66.91383594905551,-54.3536515751855,True,True
448.5,38248.77908861949,1596.0252319161107,40148.477093778194,2494.1528200527387,38264.177167576985,1613.3712733581312,,,False,False
449.0,38292.569291224456,1598.0401347333595,40196.32893039258,2499.0739265095563,38308.00797189552,1615.16747272129,,-44.24868849647308,False,True
449.5,38336.360366183944,1600.0114252366154,40244.180498502275,2503.94721349008,38351.58963957029,1617.709048552648,,,False,False
450.0,38380.151964662466,1601.9382599143455,40292.03171452823,2508.7774381704517,38395.75264663131,1617.870831063935,61.91801559593456,-40.50481583866131,True,True
450.5,38423.94373766505,1603.819842699361,40339.88349841095,2513.570394838091,38439.325769327384,1620.3064114219796,,,False,False
451.0,38467.735336143574,1605.6554284206159,40387.73198746124,2518.326645402981,38483.91528974092,1619.0737013311182,,-37.30003687369195,False,True
451.5,38511.52641110306,1607.4443261313204,40435.584954275015,2523.0447533510487,38527.483657669814,1621.398040395543,,,False,False
452.0,38555.31661370802,1609.1859022985095,40483.43768293435,2527.7250011468263,38607.66765273203,1614.2395980368146,55.92646372633223,-40.75701776035924,True,True
452.5,38599.10559538868,1610.8795838397473,40531.286782592884,2532.3682384988742,38651.444514134186,1616.4308394679822,,,False,False
453.0,38642.893007947176,1612.5248609932626,40579.13640139213,2536.9731898340533,38693.38872032573,1625.1603449829051,,-58.11610815429719,False,True
453.5,38686.678503663614,1614.1212900084859,40626.97632400073,2541.529394634804,38737.13381898779,1627.3112447567637,,,False,False
454.0,38730.46173540199,1615.6684956446854,40674.80713628954,2546.032504359638,38754.90469291929,1635.3346431344573,62.004163523507806,-46.15329413907372,True,True
454.5,38774.24235671591,1617.1661734661907,40722.64270808362,2550.4889841917343,38798.47464977583,1637.4111447408077,,,False,False
455.0,38818.02002195417,1618.6140919235256,40770.4828404536,2554.902185582926,38843.724741703336,1631.9883620577136,,-27.18280785080052,False,True
455.5,38861.79438636601,1620.0120942106648,40818.31690695827,2559.268064068498,38887.29349065047,1633.9053916299558,,,False,False
456.0,38905.56510620612,1621.3600998895508,40866.145552223665,2563.580064046279,38914.532601041,1632.9992760386128,59.68269275971977,-30.54668563123899,True,True
456.5,38949.33183883937,1622.6581062739872,40913.97383473692,2567.8426884423916,38957.98455817738,1634.7725178156982,,,False,False
457.0,38993.09424284516,1623.9061895660197,40961.80201059053,2572.0630748099265,39001.84772499922,1634.1786775822684,,-37.08135249655836,False,True
457.5,39036.85197812145,1625.1045057389645,41009.63080514495,2576.244069821998,39045.29131172993,1635.8432009977337,,,False,False
458.0,39080.604705988335,1626.253291162297,41057.45265964618,2580.3801391304833,39104.746107297346,1636.5904749981248,53.98415204066225,-44.45145859776449,True,True
458.5,39124.35208929121,1627.352862964709,41105.26391050277,2584.4698619048186,39148.25887131808,1638.1567827161955,,,False,False
459.0,39168.09379250349,1628.4036191327345,41153.06797707443,2588.516917903943,39191.26468273113,1643.0894993869815,,-47.90234890255229,False,True
459.5,39211.82948182877,1629.406038343472,41200.86990605052,2592.524427084488,39234.75172681884,1644.5949378917014,,,False,False
460.0,39255.55882530256,1630.3606795310404,41248.67929123087,2596.4875030499265,39252.57944596219,1646.835474285592,57.71977496777582,-35.36956437400389,True,True
460.5,39299.28149289338,1631.2681811875439,41296.49136607618,2600.3990797448273,39295.90600317186,1648.233502041281,,,False,False
461.0,39342.99715660327,1632.1292604004286,41344.30354197466,2604.261576399012,39339.39502667822,1647.6350195901307,,-35.65579572267298,False,True
461.5,39386.70549056772,1632.9447116292408,41392.11930779172,2608.076728764745,39382.7148497836,1648.9124699319716,,,False,False
462.0,39430.40617115496,1633.7154052258918,41439.93364992222,2611.8465686317168,39428.90432138522,1646.655563549503,52.631266287397466,-32.32872958480861,True,True
462.5,39474.098877064476,1634.4422857036207,41487.74336306859,2615.581344765417,39472.22567688162,1647.8158857627739,,,False,False
463.0,39517.78328942495,1635.1263697609088,41535.54677962123,2619.2879608431144,39515.68188198014,1645.183235875008,,-30.466494966206614,False,True
463.5,39561.459091891345,1635.7687440676334,41583.34447122675,2622.962138716739,39558.98244026746,1646.242616975842,,,False,False
464.0,39605.12597074127,1636.3705628217563,41631.140764449956,2626.6034445456094,39589.45066756704,1657.343920094105,52.96688589792083,-55.60494396926052,True,True
464.5,39648.78361497057,1636.9330450858051,41678.93365539643,2630.2154005419425,39632.64574410305,1658.4173615931104,,,False,False
465.0,39692.43171638804,1637.4574719133363,41726.72761039206,2633.794886844134,39675.77263707134,1655.5263746484995,,-29.166290863059924,False,True
465.5,39736.06996970931,1637.9451832764544,41774.52569191884,2637.3427277748506,39718.96288810967,1656.4941423179434,,,False,False
466.0,39779.69807264983,1638.3975748062892,41822.32131625303,2640.865476154765,39772.62180601837,1654.2321746755495,48.30241034507276,-31.178715357191994,True,True
466.5,39823.315726016954,1638.8160943591272,41870.11067453779,2644.3655267836284,39815.85899778216,1655.1180926855436,,,False,False
467.0,39866.922633801085,1639.2022384216102,41917.89177588751,2647.8442809202793,39859.07359060762,1655.8565597220859,,-34.95760130730401,False,True
467.5,39910.518503265834,1639.557548369091,41965.66896588176,2651.301301618079,39902.28608431474,1656.6904730056626,,,False,False
468.0,39954.10304503719,1639.883606591839,42013.44092004739,2654.7368139685937,39926.9064297439,1652.6755700890405,50.257775320042754,-23.52958553061721,True,True
468.5,39997.67597319166,1640.1820325043377,42061.209016110224,2658.141210602509,39969.9851308586,1653.405907720553,,,False,False
469.0,40041.23700534337,1640.4544784533837,42108.97515598144,2661.5169240138634,40013.95505492655,1661.4116120929057,,-47.4282759580089,False,True
469.5,40084.78586273009,1640.7026255411126,42156.73038946036,2664.8715514235178,40057.00507473973,1662.1478869897296,,,False,False
470.0,40128.32227029815,1640.9281793794153,42204.46712183928,2668.2046790913478,40116.73680057411,1658.4011333913795,43.90825666990533,-25.902167174307667,True,True
470.5,40171.8459567862,1641.1328657924626,42252.185413873274,2671.5169198158087,40159.847931013,1659.0475271003,,,False,False
471.0,40215.35665480787,1641.3184264842655,42299.89393499368,2674.806110417614,40202.640298633756,1657.9260647466244,,-28.7782915184306,False,True
471.5,40258.85410093318,1641.4866146883005,42347.59816496492,2678.0820387318618,40245.72499445223,1658.512835862155,,,False,False
472.0,40302.33803576883,1641.6391908162825,42395.30284036332,2681.348600648724,40279.36933078671,1666.1717463370705,45.78354541716334,-43.33253903689862,True,True
472.5,40345.808204037174,1641.7779181231356,42443.002528783225,2684.6026295640263,40322.367326300715,1666.7919088378087,,,False,False
473.0,40389.264354654,1641.9045584051028,42490.68886820183,2687.84965265087,40366.361486218404,1671.853238361762,,-38.360138161833255,False,True
473.5,40432.70624080501,1642.020867747763,42538.355953637234,2691.0935317066815,40409.31427239085,1672.4945267620446,,,False,False
474.0,40476.133620021,1642.1285923404625,42585.999871155545,2694.33435435236,40456.26136188566,1682.4575115026826,42.45788343424659,-45.9221592011753,True,True
474.5,40519.54625425172,1642.2294643733512,42633.630405276104,2697.5732674209025,40499.1772378113,1683.1676063008106,,,False,False
475.0,40562.94390993838,1642.3251980328143,42681.24580356629,2700.8209446707033,40542.06312778954,1683.8533534072467,,-29.162869693116427,False,True
475.5,40606.326358084814,1642.4174856106267,42728.844106969605,2704.0849971864072,40584.93368591614,1684.5815965704505,,,False,False
476.0,40649.6933743272,1642.5079937416292,42776.427324289296,2707.356462915822,40635.001156463986,1688.053016850923,39.976288717379205,-32.92052964498069,True,True
476.5,40693.044739002435,1642.598359784126,42823.99829347238,2710.6292170686665,40677.87399800879,1688.8050831953065,,,False,False
477.0,40736.38023721503,1642.690188356549,42871.56449475478,2713.908342084608,40722.89173599459,1696.0986548375577,,-38.13791280005716,False,True
477.5,40779.69965890259,1642.785048043222,42919.12362373329,2717.198364256581,40765.743668041294,1696.918236810824,,,False,False
478.0,40823.00279889975,1642.8844682812785,42966.66734859226,2720.4965447243394,40841.06141170997,1699.4134454839862,34.399414629843534,-29.18143407213938,True,True
478.5,40866.28945700075,1642.9899364399726,43014.19675710669,2723.8076824236114,40884.080602571354,1700.2497374558511,,,False,False
479.0,40909.55943802034,1643.1028951027488,43061.71562883707,2727.133386140972,40925.104653367154,1695.873301255785,,-17.66684487088048,False,True
479.5,40952.8125518533,1643.2247395615154,43109.22355171706,2730.4728388596614,40968.08663847933,1696.686515150318,,,False,False
480.0,40996.04861353228,1643.3568155316177,43156.72652834311,2733.828213900093,40997.031892908286,1701.3679083483248,39.10426015024355,-30.912932837777262,True,True
480.5,41039.26744328422,1643.5004170950099,43204.21974205368,2737.192119569259,41039.888569286675,1702.2397466833525,,,False,False
481.0,41082.46886658505,1643.6567848781042,43251.694411661185,2740.5708736648703,41080.22633658312,1697.2654628827383,,-15.569510371628443,False,True
481.5,41125.65271421288,1643.8271044697212,43299.15398445414,2743.9759790764756,41123.03110796883,1698.1219846044726,,,False,False
482.0,41168.818822299545,1644.0125050834954,43346.60059744495,2747.4083190763513,41189.34540679227,1697.345963268588,31.390278513309013,-20.469647480867355,True,True
482.5,41211.967032380504,1644.2140584679962,43394.03259641558,2750.8617587991744,41232.26977099611,1698.2163768007126,,,False,False
483.0,41255.09719144312,1644.4327780667243,43441.45649766789,2754.3407432402155,41276.02859655518,1700.9032541126562,,-24.720468962532163,False,True
483.5,41298.2091519733,1644.6696184290292,43488.871773182516,2757.8513566129495,41318.927447179914,1701.8392305036523,,,False,False
484.0,41341.30277200037,1644.9254748718809,43536.27902650471,2761.3888707825236,41359.69652538783,1702.871108723452,33.25661781673046,-21.56563329610799,True,True
484.5,41384.37791514035,1645.2011833913145,43583.68275698941,2764.957581347477,41402.55843422314,1703.860393484909,,,False,False
485.0,41427.43445063752,1645.4975208212684,43631.07748222582,2768.55529613258,41440.06096873351,1694.5020712450098,,-6.7383805873260165,False,True
485.5,41470.472253404216,1645.8152052364312,43678.45924453433,2772.1770213289165,41482.87407830049,1695.4500265264421,,,False,False
486.0,41513.491204058955,1646.1548965946524,43725.82663646007,2775.8312465146923,41534.95762916839,1685.592226891705,28.590820298259768,-5.376471424253927,True,True
486.5,41556.49118896277,1646.5171976134027,43773.179925548706,2779.518443093421,41577.81530102561,1686.496418041289,,,False,False
487.0,41599.472100253864,1646.9026548737536,43820.515248781565,2783.2327262416825,41619.36033724181,1685.1113508748042,,-15.54398239469958,False,True
487.5,41642.43383588044,1647.3117601443407,43867.83433338375,2786.9831656831398,41662.169210888875,1686.0512120127207,,,False,False
488.0,41685.37629963179,1647.7449519168185,43915.14812461045,2790.7666420583137,41696.098331554895,1678.0495150088768,29.472680605858603,-6.499735115884944,True,True
488.5,41728.29940116761,1648.2026171433927,43962.453346071685,2794.574568107351,41738.841132871064,1678.9667833125113,,,False,False
489.0,41771.20305604553,1648.685093166134,44009.74227830788,2798.413257028968,41780.34689297034,1677.8694392592986,,-14.2962653079125,False,True
489.5,41814.087185746794,1649.192669826952,44057.018682375616,2802.281356497514,41823.046116118494,1678.8210958154443,,,False,False
490.0,41856.95171770021,1649.7255917463256,44104.28187685986,2806.1838464529555,41880.08627957398,1684.0248441639253,25.07299340806198,-21.216815581182143,True,True
490.5,41899.79658530427,1650.2840607581657,44151.534234996136,2810.126286478222,41922.83975987928,1685.0665256543366,,,False,False
491.0,41942.621727947386,1650.8682384875149,44198.77114117054,2814.1003873371405,41963.05213157195,1682.1534429504882,,-10.676551280788358,False,True
491.5,41985.42709102642,1651.4782490571902,44245.98703143497,2818.1026048667777,42005.750306744114,1683.21344531374,,,False,False
492.0,42028.212625963235,1652.1141819089275,44293.185029597866,2822.135762656815,42049.81705887231,1685.4907634677181,24.915023634751577,-15.867380104585283,True,True
492.5,42070.97829021959,1652.7760947241177,44340.36237360824,2826.2019910688964,42092.47335873163,1686.614748269193,,,False,False
493.0,42113.72404731,1653.4640164288119,44387.518586586724,2830.3003976023892,42139.892927776804,1694.946051418134,,-21.770997745430904,False,True
493.5,42156.44986681294,1654.1779502673392,44434.65838091453,2834.426756412473,42182.518363256066,1696.1790786815652,,,False,False
494.0,42199.15572438002,1654.917876928615,44481.78233355168,2838.5766404863284,42222.04758888751,1693.171938694343,23.217801619488153,-8.771530834868743,True,True
494.5,42241.84160174349,1655.6837577090237,44528.88910833636,2842.749370696416,42264.61824908736,1694.4086492398703,,,False,False
495.0,42284.507486721726,1656.4755376956414,44575.979230235316,2846.950883128135,42307.139814453665,1695.6306040678276,,-12.619290417004763,False,True
495.5,42327.15337322302,1657.2931489535188,44623.04756516148,2851.1848966280095,42349.66171854967,1696.9193827842653,,,False,False
496.0,42369.77926124736,1658.1365137007715,44670.09846844435,2855.443145202984,42403.53773624552,1703.191548469815,19.99447502283443,-17.732245336723068,True,True
496.5,42412.38515688648,1659.005547455331,44717.13780773368,2859.726618496371,42446.08800782782,1704.55220732878,,,False,False
497.0,42454.971072321976,1659.9001621373807,44764.1547993484,2864.0405175067535,42488.33624725603,1705.5631666428742,,-11.166648489784633,False,True
497.5,42497.53702582163,1660.8202691117565,44811.1591225515,2868.38460409386,42530.84066866121,1706.972758253446,,,False,False
498.0,42540.08304173379,1661.765782154906,44858.15395057584,2872.755406946756,42542.90830054542,1709.8136206755112,25.11306791246518,-9.440768054548661,True,True
498.5,42582.60915048003,1662.7366203313932,44905.12701479065,2877.156372786407,42585.155520640285,1711.316139895639,,,False,False
499.0,42625.11538854579,1663.7327107653946,44952.08577106631,2881.594543237935,42632.60455045064,1719.7583766020505,,-17.448358922304962,False,True
499.5,42667.60179846935,1664.753991293158,44999.034271658245,2886.0732594357396,42674.83587850394,1721.3840881732413,,,False,False
500.0,42710.06842882882,1665.8004129829799,45045.968920212894,2890.5935695553003,42716.12166530901,1727.039798782982,18.823428769366448,-13.769981662732917,True,True
500.5,42752.51533422735,1666.8719425099118,45092.88223675732,2895.1467209493094,42758.290386297136,1728.7673776959682,,,False,False
501.0,42794.94257527652,1667.9685643731123,45139.768826330765,2899.731114337966,42809.18987930217,1741.69838023019,,-20.53226270899685,False,True
501.5,42837.35021857784,1669.0902829445213,45186.637909630954,2904.3481427571314,42851.337265723385,1743.5679568997118,,,False,False
502.0,42879.73833670251,1670.2371243383534,45233.50350865125,2908.9978951778726,42915.015703439814,1739.137384837015,11.5585123094527,-7.657914251801387,True,True
502.5,42922.10700816927,1671.4091380917632,45280.35810812439,2913.6783145563086,42957.30496777212,1740.9843099516859,,,False,False
503.0,42964.456317420496,1672.6063986479462,45327.196503178486,2918.383813881511,43001.895499693834,1745.700274925351,,-11.78737011653292,False,True
503.5,43006.78635479651,1673.829006633883,45374.02110300637,2923.1093850999932,43044.15404778122,1747.606177661523,,,False,False
504.0,43049.097216507995,1675.0770899259155,45420.832703465,2927.864252155595,43079.12243007617,1737.2762058234616,13.901380609386806,1.4291387121355577,True,True
504.5,43091.38900460676,1676.3508044973596,45467.632398487796,2932.657547362664,43121.32542292316,1739.1467570471812,,,False,False
505.0,43133.66182695461,1677.6503350433954,45514.4175651291,2937.47725752555,43161.92124304118,1739.1539088845043,,-6.690618288714776,False,True
505.5,43175.91579719049,1678.9758953795367,45561.18855323849,2942.317938430739,43204.07902835177,1741.0495512833372,,,False,False
506.0,43218.151034695904,1680.3277286110651,45607.94783736224,2947.1896786671205,43228.603838159666,1718.1754837110389,12.006496879950673,12.540538555392095,True,True
506.5,43260.36766455851,1681.7061070718985,45654.70232009844,2952.096350616228,43270.67311354179,1719.9407780026058,,,False,False
507.0,43302.56581753403,1683.111332032466,45701.454522377,2957.028825782689,43298.88301393289,1705.7430320147182,,6.310433232662815,False,True
507.5,43344.745630006444,1684.543733177261,45748.19294376611,2961.9907414912873,43340.868435703174,1707.4363762359892,,,False,False
508.0,43386.90724394641,1686.003667853839,45794.91154736641,2966.9927737412595,43384.16163510234,1695.2157023467994,8.33448310785873,2.126549197790787,True,True
508.5,43429.050806868036,1687.4915200961254,45841.61787865203,2972.0332319490963,43426.149749063705,1696.858155496057,,,False,False
509.0,43471.17647178396,1689.007699425964,45888.31763699858,2977.1058870283223,43468.32918816836,1698.754563729678,,-6.130859492346195,False,True
509.5,43513.28439715872,1690.55263943791,45935.01290093251,2982.2062084896743,43510.29702171268,1700.447190974063,,,False,False
510.0,43555.37474686048,1692.1267961733033,45981.69817714338,2987.3363921307646,43552.2014047706,1691.2498839285756,7.242411954410619,0.6760938762046207,True,True
510.5,43597.44769011112,1693.7306462906674,46028.370764606225,2992.5026637833407,43594.16439020801,1692.9059147954838,,,False,False
511.0,43639.50340143472,1695.3646850404707,46075.029010282735,2997.7070888415938,43632.27235570267,1690.4212119319882,,-2.0231164035104396,False,True
511.5,43681.542060604355,1697.029424053216,46121.676010086354,3002.948975705634,43674.183478496816,1692.1110227609133,,,False,False
512.0,43723.563852587344,1698.7253889507435,46168.320655898606,3008.2255365688693,43716.524218938546,1690.5670165936508,6.736415867442975,-3.49031108148747,True,True
512.5,43765.56896748893,1700.4531167914836,46214.95986947408,3013.539267362362,43758.42930391376,1692.2887636756493,,,False,False
513.0,43807.55760049435,1702.2131533612128,46261.588020671385,3018.897327513543,43816.3628081061,1711.0119999119051,,-18.299200592846923,False,True
513.5,43849.52995180939,1704.0060503216257,46308.20379339919,3024.294712161315,43858.304807886205,1712.9245413894105,,,False,False
514.0,43891.48622659938,1705.8323622297405,46354.808669127815,3029.7283891531165,43914.39635837789,1710.652058613648,2.389412157945065,-7.399076117393681,True,True
514.5,43933.426634926735,1707.6926434418065,46401.40516234735,3035.201169758337,43956.42166160276,1712.5747329903884,,,False,False
515.0,43975.35139168694,1709.5874449159637,46447.99419970345,3040.7148916534024,43981.56682793512,1697.2771414672688,,7.9799075572302804,False,True
515.5,44017.260716543096,1711.5173109284315,46494.581721752984,3046.2708248125723,44023.499455724974,1699.151091119648,,,False,False
516.0,44059.154833859015,1713.482775718454,46541.16912708691,3051.870065281008,44072.02973439034,1722.160989698922,6.893299148702271,-16.745189977318724,True,True
516.5,44101.03397263088,1715.4843600776214,46587.754395339594,3057.5133465627596,44113.94289365263,1724.2740381921233,,,False,False
517.0,44142.898366417474,1717.5225678995048,46634.3335909692,3063.2011503243884,44166.05408815702,1736.5913684384604,,-13.462493889738797,False,True
517.5,44184.74825326905,1719.597882705779,46680.90269257286,3068.9285688856094,44207.98794222553,1738.8464326915553,,,False,False
518.0,44226.583875654804,1721.7107641651944,46727.45986948541,3074.6955732410597,44250.21515897784,1719.1620457462197,-1.4267390162489195,3.0410496109342517,True,True
518.5,44268.40548038904,1723.8616446218448,46774.008737803786,3080.50488806888,44292.179597716604,1721.3076718215902,,,False,False
519.0,44310.21331855597,1726.050925649213,46820.55590032211,3086.3512522950255,44336.15322047291,1725.430464530026,,-7.233471656640719,False,True
519.5,44352.007645433245,1728.2789746464207,46867.09607745817,3092.2420460785943,44378.10980341642,1727.6581212045664,,,False,False
520.0,44393.78872041416,1730.5461214929885,46913.62517010503,3098.1727291248876,44419.72491025852,1731.0796291183174,1.5869384841991259,-6.397855779501943,True,True
520.5,44435.55680692869,1732.8526552782166,46960.14983695275,3104.144227272504,44461.652264476565,1733.385375183616,,,False,False
521.0,44477.312172363214,1735.198821121022,47006.67833263084,3110.1696896206627,44491.91788872171,1724.8003479797512,,1.9374985646310794,False,True
521.5,44519.055087979075,1737.584817095735,47053.20608212548,3116.2425413703872,44533.785660945185,1727.122294486673,,,False,False
522.0,44560.78582882995,1740.0107912789351,47099.72445108716,3122.354992639838,44576.21001680788,1731.137000616794,0.1792902025995432,-7.258058729986945,True,True
522.5,44602.50467367807,1742.4768389319406,47146.232421709465,3128.507970696881,44618.049046823,1733.5388262669544,,,False,False
523.0,44644.21190490931,1744.982999833009,47192.73593349358,3134.6990205168254,44670.28507872902,1745.463651155247,,-14.180376103585782,False,True
523.5,44685.90780844715,1747.5292557726998,47239.23592813851,3140.925002874481,44712.15650009721,1747.9879253619833,,,False,False
524.0,44727.5926736656,1750.1155282251846,47285.72507025228,3147.190252076083,44744.058720333596,1745.5293563554937,-0.4768665229229416,-2.0046555859330857,True,True
524.5,44769.26679330106,1752.741676207551,47332.21464901908,3153.497763553064,44785.853812001435,1748.096117102945,,,False,False
525.0,44810.93046336313,1755.407494338376,47378.717351938925,3159.852532565016,44828.82259984036,1751.7347485485575,,-8.756452552998876,False,True
525.5,44852.58398304445,1758.1127111059925,47425.22386499148,3166.256492841197,44870.63140544525,1754.3920849042377,,,False,False
526.0,44894.227654629576,1760.8569873560086,47471.72522257142,3172.7047841300364,44928.63049922843,1763.9795931297822,-3.9826835566556857,-17.373080365213763,True,True
526.5,44935.86178340286,1763.639915006696,47518.22078284282,3179.194355059484,44970.51621893668,1766.7428606884296,,,False,False
527.0,44977.48667755552,1766.4610159999033,47564.713708711715,3185.7260385677478,45029.90085192336,1784.5205641381083,,-21.175807046244564,False,True
527.5,45019.10264809172,1769.3197414941544,47611.20245647738,3192.305959740193,45071.8565186151,1787.4572405593988,,,False,False
528.0,45060.71000873383,1772.2154713055427,47657.68739607483,3198.9325486727007,45121.13493895649,1815.3594238906376,0.4897519170824367,-20.505168335810012,True,True
528.5,45102.309075826895,1775.1475136009888,47704.17176815333,3205.6027815418224,45163.06629196827,1818.5629624374233,,,False,False
529.0,45143.90016824224,1778.1151048473369,47750.6568668777,3212.314995869427,45204.25544002546,1821.1933104676189,,-11.423532392790408,False,True
529.5,45185.48360728037,1781.1174100186702,47797.14198956776,3219.0669617897343,45246.17589195288,1824.464327847158,,,False,False
530.0,45227.059716573065,1784.153523063116,47843.62245011279,3225.862107086031,45305.82853460895,1843.0612098537833,-4.216365678833903,-24.631131205874574,True,True
530.5,45268.628821984836,1787.2224676292876,47890.09340452881,3232.698699552898,45347.81249206387,1846.5031233048733,,,False,False
531.0,45310.19125151363,1790.3231980514006,47936.561698302976,3239.57336582347,45398.83065679672,1857.181699730034,,-19.946763872555298,False,True
531.5,45351.747335190936,1793.4546005909694,47983.04203742964,3246.4858918499403,45440.86156027991,1860.734224683164,,,False,False
532.0,45393.29740498125,1796.615494931896,48029.53587566185,3253.42832185331,45473.12542337651,1858.0827578144183,-5.0400069277261865,-9.045648420332839,True,True
532.5,45434.84179468096,1799.8046359246498,48076.02824575942,3260.397883953553,45515.10829858349,1861.6470114137508,,,False,False
533.0,45476.38083981665,1803.0207155741746,48122.51702730443,3267.403472219988,45553.07569341098,1862.1539381652115,,-13.205862159798196,False,True
533.5,45517.91487754294,1806.2623652650852,48169.00591547995,3274.4436099050004,45595.0271783803,1865.760160347955,,,False,False
534.0,45559.44424653973,1809.5281582167,48215.490616831245,3281.511324076,45655.542863512084,1873.5830113698205,-8.545780266443282,-26.725343907312713,True,True
534.5,45600.96928690907,1812.8166121594475,48261.979378939846,3288.6079518613487,45697.60534366779,1877.2434665256324,,,False,False
535.0,45642.490340071556,1816.126192223229,48308.472780691576,3295.726728661164,45745.28832984777,1885.0942082159554,,-21.638352621903703,False,True
535.5,45684.007748662305,1819.4553140273943,48354.96936234733,3302.862031672386,45787.38042098645,1888.8084657437576,,,False,False
536.0,45725.521856426625,1822.802346961108,48401.48107988633,3310.0176639005267,45837.395140220346,1902.966773695065,-6.1312594471078645,-25.213601067013727,True,True
536.5,45767.033008115286,1826.1656176420609,48448.009161787784,3317.1938564392362,45879.54134641042,1906.7829736715025,,,False,False
537.0,45808.5415493795,1829.5434135406958,48494.540589353084,3324.3916058958266,45916.88801784575,1907.1863486402335,,-17.57257079448492,False,True
537.5,45850.04782666565,1832.9339867564026,48541.0692049217,3331.611962239673,45959.003127919044,1911.017086977535,,,False,False
538.0,45891.55218710974,1836.3355579314696,48587.593318316736,3338.8589966091977,46007.37803540735,1916.3668777248731,-8.651873350089343,-25.284190811045857,True,True
538.5,45933.05497843167,1839.7463202879776,48634.12201785464,3346.128114827466,46049.5260095506,1920.2402006549078,,,False,False
539.0,45974.55654882929,1843.1644437722887,48680.66222845153,3353.4129826651783,46082.39983943577,1917.7343504327562,,-17.030237181022226,False,True
539.5,46016.05724687239,1846.5880792913078,48727.20639277245,3360.7130524775466,46124.507924549354,1921.5918585554784,,,False,False
540.0,46057.55742139646,1850.015363024296,48773.74936365813,3368.030798585951,46170.06232331928,1908.7128321623811,-13.318069935822173,-23.29723346924874,True,True
540.5,46099.05742139646,1853.4444207936822,48820.2915381595,3375.358484419571,46212.224395675315,1912.4537115406113,,,False,False
541.0,46140.55759592052,1856.8733724780632,48866.84069603646,3382.6889729345503,46260.68019236147,1920.3672039618034,,-29.089030225144104,False,True
541.5,46182.05829396362,1860.300336450392,48913.40164095927,3390.014674499518,46302.88808352558,1924.119500109257,,,False,False
542.0,46223.559864361254,1863.7234340242496,48959.97259809325,3397.3330006213578,46343.46013983422,1929.6644570940061,-8.967251536544772,-25.861156239666126,True,True
542.5,46265.06265568318,1867.1407938910495,49006.5525241166,3404.651212474582,46385.665509128026,1933.414853811947,,,False,False
543.0,46306.56701612727,1870.550556531071,49053.13682699922,3411.9674180689835,46415.58634830801,1929.3311969935894,,-19.91052022439351,False,True
543.5,46348.07329341342,1873.9508785813239,49099.72622217155,3419.2723312787084,46457.7289192228,1933.0133907850384,,,False,False
544.0,46389.581834677636,1877.339937143435,49146.32573854197,3426.564748461442,46526.726747935914,1952.5378102287202,-10.49338083781113,-46.4619605575013,True,True
544.5,46431.09298636629,1880.7159340150051,49192.931047403785,3433.8523160644077,46569.02562696954,1956.2797286323464,,,False,False
545.0,46472.60709413061,1884.0770998282203,49239.54446752602,3441.1291137839157,46614.20382289985,1961.7576862648752,,-33.08052628883793,False,True
545.5,46514.12450272136,1887.4216980799008,49286.16935284325,3448.3912384913842,46656.53210546447,1965.4738249600227,,,False,False
546.0,46555.645555883835,1890.7480290376395,49332.80601409029,3455.64704206796,46682.070950782654,1971.5259131922257,-7.7751634211491885,-23.124542405739664,True,True
546.5,46597.17059625318,1894.054433507227,49379.45186068545,3462.8972074528183,46724.29581314196,1975.2593554565185,,,False,False
547.0,46638.69996524997,1897.339296447155,49426.0975196307,3470.1357055441754,46763.7213781375,1977.3406053720378,,-32.22507448964604,False,True
547.5,46680.23400297626,1900.6010504166545,49472.74759783963,3477.360414869079,46805.92861607969,1981.0297997702173,,,False,False
548.0,46721.773048111965,1903.8381788444556,49519.407630326656,3484.5616071047443,46829.81968524993,1987.1548766100057,-8.047208342397944,-24.78052608342867,True,True
548.5,46763.31743781167,1907.0492191062194,49566.07883119678,3491.7355966665586,46871.912978729655,1990.8252885472966,,,False,False
549.0,46804.86750760198,1910.232765399438,49612.771573484126,3498.889662556655,46909.14646336033,1991.7324095406739,,-33.59552161325264,False,True
549.5,46846.42359127928,1913.3874714054632,49659.48595270173,3506.022799829911,46951.24843192637,1995.3375748980434,,,False,False
550.0,46887.98602080807,1916.5120527292588,49706.217446481176,3513.138618745896,46997.93512639103,1995.1350794967611,-13.207680631211733,-40.730908269535036,True,True
550.5,46929.55512621984,1919.6052891084225,49752.96976053245,3520.239214377006,47040.10576692216,1998.663639216877,,,False,False
551.0,46971.13123551254,1922.6660263840358,49799.73725687144,3527.3168879728505,47074.001082967625,1997.7151048118994,,-34.3581562256506,False,True
551.5,47012.71467455067,1925.6931782269185,49846.511699981726,3534.370614627481,47116.14007015826,2001.1629550973423,,,False,False
552.0,47054.30576696602,1928.6857276139308,49893.30221260251,3541.396977571746,47161.48751439695,2007.9991857709008,-11.708319636747724,-43.81147047886393,True,True
552.5,47095.90483405908,1931.642728050041,49940.10882148423,3548.390791957868,47203.66565113879,2011.39959645836,,,False,False
553.0,47137.512194701194,1934.5633045329785,49986.925497142045,3555.3606255442683,47246.77969054424,2015.2478177439525,,-43.89512129088387,False,True
553.5,47179.12816523739,1937.4466542583973,50033.750497466994,3562.305938176503,47288.97395991456,2018.592533244968,,,False,False
554.0,47220.75305939005,1940.2920470645968,50080.587900132356,3569.2145122506013,47328.64414495737,2007.9396348586317,-15.74101479469229,-41.98716145506484,True,True
554.5,47262.38718816334,1943.0988256169665,50127.44441259164,3576.0856603193956,47370.872029242244,2011.0967434588026,,,False,False
555.0,47304.030859748455,1945.866405333439,50174.31747537355,3582.9215274868443,47394.76426066375,2005.2280505846927,,-33.612636854863155,False,True
555.5,47345.684379429775,1948.5942740533474,50221.20969914815,3589.7267296861964,47436.91560375879,2008.2610941397297,,,False,False
556.0,47387.34804949184,1951.281991453182,50268.123178153015,3596.5013842677786,47483.020355651846,2025.3872377922728,-9.912896680802243,-51.60249786799831,True,True
556.5,47429.022169127304,1953.9291882138245,50315.055010503784,3603.2447742163217,47525.203725186075,2028.45114940875,,,False,False
557.0,47470.70703434576,1956.5355649448982,50362.00687237729,3609.9579572257044,47540.558217600876,2018.9533427564454,,-30.703673150576158,False,True
557.5,47512.40293788359,1959.100890872902,50408.97943080151,3616.64293982486,47582.61932672445,2021.883033797059,,,False,False
558.0,47554.11016911482,1961.6250023008106,50455.97227496243,3623.294808032965,47613.46612929692,2004.6443987028574,-17.132922743364475,-41.34089953563137,True,True
558.5,47595.82901396294,1964.1078008477732,50502.98945918324,3629.9090096985747,47655.52379859266,2007.3515951479917,,,False,False
559.0,47637.55975481382,1966.549251478488,50550.0268858435,3636.4821997940717,47681.67077699457,2002.868708234959,,-40.51433600671206,False,True
559.5,47679.30267042968,1968.9493803327023,50597.075818917954,3643.0129005754684,47723.65842167467,2005.4436309392777,,,False,False
560.0,47721.058035864204,1971.308272366125,50644.13836177243,3649.5043881031424,47761.3649365005,1995.4549925479405,-16.519271648499405,-49.270333445392595,True,True
560.5,47762.826122378734,1973.6260688148293,50691.216636508216,3655.9532501833305,47803.36472470057,1997.8455159463751,,,False,False
561.0,47804.607197359655,1975.9029644959433,50738.31593322619,3662.358568271728,47849.0218106461,2001.7472904893727,,-57.54777372298463,False,True
561.5,47846.40152423693,1978.1392049581052,50785.438052750476,3668.724902357202,47891.07713292018,2004.0511595345406,,,False,False
562.0,47888.20936240387,1980.3350834957653,50832.57498515754,3675.064060397544,47918.44862621262,2000.0669664504258,-14.183720042816804,-45.93806809803149,True,True
562.5,47930.03096713811,1982.4909380419624,50879.72981251184,3681.3694412051505,47960.44071305065,2002.2648993090593,,,False,False
563.0,47971.86658952387,1984.6071479546877,50926.91135993349,3687.6374088906296,48007.752414857496,2006.5792282890934,,-62.203791659370104,False,True
563.5,48013.71647637543,1986.684130712355,50974.11397332502,3693.8744457402395,48049.81357147847,2008.7076117180832,,,False,False
564.0,48055.580870162026,1988.7223385342384,51021.33202364482,3700.076672764083,48099.367847400834,2012.9717697383862,-14.54860352933772,-65.83307729868334,True,True
564.5,48097.46000893389,1990.722254942013,51068.573679656256,3706.2461164302276,48141.50381136478,2015.0295302584263,,,False,False
565.0,48139.35412624982,1992.6843912787253,51115.83951769655,3712.386290626009,48163.39067341681,2009.2386546879618,,-46.91378217179896,False,True
565.5,48181.26345110597,1994.6092832016466,51163.13773354689,3718.4974778212886,48205.45260811658,2011.1855778220329,,,False,False
566.0,48223.18820786617,1996.4974871655122,51210.469038484705,3724.575620141566,48236.82662585506,2000.5719986031552,-16.79130982652425,-54.766796246369424,True,True
566.5,48265.12861619353,1998.3495769126237,51257.82286953909,3730.6244317538276,48278.88137323264,2002.3584438839248,,,False,False
567.0,48307.08489098352,2000.1661399861923,51305.194782317296,3736.6449146950763,48317.54696945463,2002.8555490640692,,-62.42410848730599,False,True
567.5,48349.05724229855,2001.947774283129,51352.58463221832,3742.6347444355606,48359.60665636404,2004.5633936636716,,,False,False
568.0,48391.04587530397,2003.6950846622415,51399.9963500842,3748.6002826965823,48409.14109508277,2000.427312101437,-17.032816066246987,-72.07886772330907,True,True
568.5,48433.050990205564,2005.40867962348,51447.42937953379,3754.543374866201,48451.28921828131,2002.0242444974501,,,False,False
569.0,48475.07278218856,2007.0891680734926,51494.885205144776,3760.4596622765675,48495.90063058171,2004.4436388918268,,-70.72308048457336,False,True
569.5,48517.11144135819,2008.7371561922807,51542.36255029342,3766.3477961907115,48538.09752336614,2005.9764696475104,,,False,False
570.0,48559.167152681795,2010.3532444152438,51589.860842152426,3772.208453988445,48579.451700469646,2001.7176185109859,-16.39910268190433,-69.73175968951593,True,True
570.5,48601.240095932444,2011.938024544295,51637.3862357227,3778.0506090597673,48621.68768987794,2003.1476500294584,,,False,False
571.0,48643.330445634194,2013.4920770010995,51684.941670807406,3783.874761898293,48661.06970470642,2003.5957518890034,,-70.18362815986595,False,True
571.5,48685.438371008946,2015.0159682347696,51732.5338806767,3789.6714133839164,48703.34468055503,2004.961447097252,,,False,False
572.0,48727.56403592487,2016.5102482955983,51780.15926179916,3795.4424365079153,48732.95977691192,1990.244753010097,-18.278568625523377,-63.34378299468836,True,True
572.5,48769.7075988465,2017.9754485855926,51827.80487432745,3801.193325989544,48775.213225266045,1991.4380726039235,,,False,False
573.0,48811.86921278646,2019.4120797957144,51875.478375887455,3806.925511590146,48812.853021927636,1991.1309649790594,,-71.81532243644084,False,True
573.5,48854.04902525887,2020.8206300388265,51923.17904342506,3812.6331953881463,48855.12229969236,1992.25864141416,,,False,False
574.0,48896.24717823439,2022.201563186402,51970.90178929864,3818.321389159484,48890.526192299774,2003.8062249108073,-11.819094472613099,-72.17148018957138,True,True
574.5,48938.46380809699,2023.5553174160677,52018.6518366313,3823.9936036759227,48932.77880914329,2004.9687565247098,,,False,False
575.0,48980.6990456024,2024.8823039760468,52066.42651061748,3829.6431996955357,48981.39061736536,2008.0137126626016,,-84.61854489744856,False,True
575.5,49022.953015838284,2026.1829061715239,52114.22488214972,3835.2673102164763,49023.719520538965,2009.1241382021906,,,False,False
576.0,49065.22583818613,2027.4574785768955,52162.05375930699,3840.8735186225135,49060.53616646657,2015.6033291502608,-13.14926025225023,-76.76109920119156,True,True
576.5,49107.5176262849,2028.7063464767903,52209.9099435304,3846.463085937473,49102.87105306045,2016.7103232847571,,,False,False
577.0,49149.82848799639,2029.9298055376548,52257.79071164203,3852.034781025187,49166.923977595514,2024.0135068164125,,-101.92339933829372,False,True
577.5,49192.1585253724,2031.1281217105995,52305.70056462948,3857.5902504333117,49209.43640055799,2025.1059917097487,,,False,False
578.0,49234.50783462363,2032.3015313651001,52353.6426765436,3863.1228440551577,49250.25273919864,2033.0162601258091,-12.844736403487333,-84.0611071945032,True,True
578.5,49276.87650609039,2033.4502416520536,52401.6149914963,3868.636956682071,49292.80040795261,2034.1075365166955,,,False,False
579.0,49319.26462421506,2034.5744310935938,52449.61272728122,3874.1419467255537,49336.95077405965,2035.6148964079457,,-88.69454124931923,False,True
579.5,49361.672267516384,2035.674250395993,52497.63158180461,3879.6337914132564,49379.54432583424,2036.6731709573955,,,False,False
580.0,49404.09950856555,2036.7498234809175,52545.67285473985,3885.1121000461294,49418.22515339553,2032.9474616129978,-15.765249062865252,-85.45319056548064,True,True
580.5,49446.54641396408,2037.8012487292606,52593.741739314384,3890.581026727697,49460.836209056295,2033.9354730203222,,,False,False
581.0,49489.01304432355,2038.8286004307693,52641.83641346613,3896.0314922680013,49522.86961553923,2040.0136727478716,,-108.64659730256358,False,True
581.5,49531.4994542471,2039.8319304316926,52689.95978474947,3901.4645484589396,49565.64675164193,2040.9809518345703,,,False,False
582.0,49574.00569231287,2040.8112699717371,52738.11240583037,3906.8813772554245,49599.28294933702,2039.1910166462123,-14.679050777266998,-84.19723378112562,True,True
582.5,49616.53180105911,2041.7666317007092,52786.29856627004,3912.2810325065475,49642.055333520264,2040.0956397145337,,,False,False
583.0,49659.07781697128,2042.6980118643576,52834.521378461686,3917.666516848786,49683.905277458114,2040.7351216389864,,-93.41836749684774,False,True
583.5,49701.64377047093,2043.6053926481163,52882.7709537914,3923.0315897396963,49726.72479744545,2041.5905322385436,,,False,False
584.0,49744.22968590644,2044.4887446666896,52931.04617411626,3928.375578870471,49764.07616241239,2040.4228066478943,-14.611323839764507,-90.61634953132233,True,True
584.5,49786.83558154556,2045.3480295867028,52979.34954982321,3933.705185134107,49806.90469985698,2041.2167912902426,,,False,False
585.0,49829.461469569906,2046.1832028690012,53027.68187191322,3939.015477792439,49851.771448690306,2042.492008737604,,-99.47891488516261,False,True
585.5,49872.1073560712,2046.9942166165868,53076.04517232182,3944.303866926416,49894.66222714912,2043.2344301062035,,,False,False
586.0,49914.77324104945,2047.781022513658,53124.44315741947,3949.5823389391703,49934.284222939095,2034.7026563950392,-16.720584591174728,-96.11538890452998,True,True
586.5,49957.45911841292,2048.5435748407567,53172.88267204786,3954.848336517897,49977.22354616209,2035.3395335570908,,,False,False
587.0,50000.164975980006,2049.28183355064,53221.35924456512,3960.0898205131093,50016.55993809289,2035.0283802988406,,-96.69922463079071,False,True
587.5,50042.89079548294,2049.995767389167,53269.86428450433,3965.3042946651804,50059.53105936793,2035.5942984142891,,,False,False
588.0,50085.63655257336,2050.6853570452545,53318.40094437677,3970.4957507611502,50095.93187698674,2037.197778887884,-13.32411485370501,-94.71205980616601,True,True
588.5,50128.402216829716,2051.3505983137547,53366.975650954104,3975.66853316727,50138.918820762185,2037.7188182561845,,,False,False
589.0,50171.18775176654,2051.991505255038,53415.592041121075,3980.821091123004,50170.49658967293,2035.3028641132266,,-90.84141407637016,False,True
589.5,50213.993114845565,2052.6081133350053,53464.24329234336,3985.95887530058,50213.47578837447,2035.7566945826736,,,False,False
590.0,50256.81825748869,2053.200482529309,53512.921543436256,3991.0823804405222,50254.40903816162,2035.8968371116825,-13.850299254257493,-102.18219938980052,True,True
590.5,50299.66312509274,2053.768700375695,53561.63379411115,3996.181533508514,50297.42449226791,2036.2965185490575,,,False,False
591.0,50342.52765704616,2054.3128849585446,53610.377891683165,4001.262627896422,50331.880869533685,2034.42826557572,,-96.03451410128565,False,True
591.5,50385.41178674742,2054.8331878099793,53659.14535158987,4006.3256792506754,50374.88483581836,2034.7631856582682,,,False,False
592.0,50428.31544162534,2055.329796712222,53707.93951506258,4011.3690021622474,50417.1001073367,2042.7343906737897,-11.29739415679743,-105.09004221610533,True,True
592.5,50471.23854316117,2055.8029383863113,53756.76505326706,4016.399880233373,50460.14359891211,2043.082295553409,,,False,False
593.0,50514.18100691252,2056.252881052746,53805.61461838075,4021.4104077713005,50502.10560469794,2043.103350524155,,-107.09320731867024,False,True
593.5,50557.142742539094,2056.6799368501734,53854.482736375656,4026.3970650731258,50545.17269999595,2043.391383931699,,,False,False
594.0,50600.12365383019,2057.084464098837,53903.37314954116,4031.362489449647,50575.88089494681,2039.3215255487512,-13.634780286485404,-94.20449383213848,True,True
594.5,50643.12363873401,2057.466869396176,53952.289270987916,4036.3029951805706,50618.90421289496,2039.519225411553,,,False,False
595.0,50686.14258938874,2057.8276095326737,54001.23337364122,4041.2188427377355,50662.99287997197,2039.991470850871,,-111.98826021631145,False,True
595.5,50729.180392155446,2058.167193216846,54050.200614184694,4046.121260806465,50706.0616306059,2040.139363534709,,,False,False
596.0,50772.236927652615,2058.486182599092,54099.187350768516,4051.011561123951,50753.75948273005,2042.7314624594626,-12.762577636949198,-117.83506025194478,True,True
596.5,50815.31207079259,2058.785194584982,54148.19613648012,4055.8842262082703,50796.88725588242,2042.8538805070602,,,False,False
597.0,50858.40569081965,2059.0649019295165,54197.23564775663,4060.747472912618,50835.67165483544,2041.527696134517,,-106.7170074434935,False,True
597.5,50901.51765134982,2059.3260341048135,54246.30818178608,4065.6048718882525,50878.82262595855,2041.610796154873,,,False,False
598.0,50944.64781041245,2059.5693779347093,54295.40818109212,4070.454046018223,50931.33003418801,2061.40895514691,-7.341021844632782,-122.8427070734611,True,True
598.5,50987.7960204934,2059.7957779907592,54344.54028900756,4075.2910379470704,50974.589516128864,2061.608200980252,,,False,False
599.0,51030.96212858006,2060.0061367451976,54393.7052118325,4080.11646795292,51020.5016042445,2062.776294185998,,-119.46874731166018,False,True
599.5,51074.14597620789,2060.201414477479,54442.897837164805,4084.9334929209563,51063.82673104536,2062.950196897909,,,False,False
600.0,51117.34739950872,2060.3826289321228,54492.1145958968,4089.74307759886,51110.7472522591,2058.669968464617,-14.31004062302143,-124.95298863286412,True,True
