time_s,truth_x_m,truth_y_m,ins_x_m,ins_y_m,aided_x_m,aided_y_m,gravity_measurement,magnetic_measurement_nt,gravity_update_accepted,magnetic_update_accepted,position_error_m,protection_level_proxy_m,integrity_alert
0.0,0.0,0.0,0.0,0.0,0.0,0.0,,,False,False,0.0,0.0,False
0.5,41.5,0.0,41.50057248261278,0.007870679365056341,45.17779701129776,3.3065249529217846,14.470611984991109,25.164834713240797,True,True,4.945634248567636,4.371364393038263,False
1.0,83.00017452406438,0.0009409929270644727,83.00264357892208,0.024438605520869103,86.87965048957567,3.0084001336446122,,28.46390749592326,False,True,4.908680499896615,5.0287942956595,False
1.5,124.50087256716014,0.004702741377138412,124.51219801363159,0.05174579851277344,128.39174912632848,3.0373715024137162,,,False,False,4.9331531714363726,5.335993734459286,False
2.0,166.0024429647854,0.01315834674461322,166.03531171791317,0.08938962037394277,175.02978784085718,9.644309312608533,16.288372208386548,21.73505604771662,True,True,13.200455463308877,8.788175063372165,False
2.5,207.50523428671048,0.028169836960592512,207.56667045281077,0.13045860082435162,216.5764793547395,9.703460249670572,,,False,False,13.262681917867079,10.496045866043769,False
3.0,249.0095947308005,0.05158379690951875,249.10154671730092,0.18177484691222875,258.168804042537,9.70201277083801,,29.19667022428677,False,True,13.304957519550323,11.573359700131775,False
3.5,290.51587201695065,0.0852270583349198,290.64653186721387,0.2432304522721928,299.7292816100971,9.781290602712167,,,False,False,13.375371568210133,12.334558744685074,False
4.0,332.02441328116754,0.13090246578584086,332.19847221906826,0.3172308896913254,343.63052384919905,10.826075451895953,14.853342543970607,30.793254517870622,True,True,15.782538696933146,13.359688702176229,False
4.5,373.5355649698281,0.1903847348242602,373.7538571740924,0.4095137302238683,385.21284666907167,10.940860760027,,,False,False,15.872354666272663,14.142046286217438,False
5.0,415.0496727341486,0.26541641831191853,415.31286889184923,0.525737559411213,427.18575206081573,10.397883689045626,,32.189060604341606,False,True,15.809848652521854,14.741788655475023,False
5.5,456.5670813248962,0.3577039961243132,456.87344892380304,0.6676395486779114,468.7756064574864,10.558188895430119,,,False,False,15.909053337457006,15.236986937387941,False
6.0,498.08813448737425,0.4689141031022084,498.44238394833826,0.8307669832591561,507.9317328699788,6.02581148980174,13.102790489764537,36.6258234904022,True,True,11.30378421964624,15.154685817095356,False
6.5,539.6131748567142,0.6006699094492881,540.0263896643364,1.0222497510042117,549.5277152093693,6.202314886083073,,,False,False,11.387560618880256,15.090815839016066,False
7.0,581.1425438535058,0.7545476671212,581.6261724578086,1.2449167435514386,592.7128516692018,3.5150658834548087,,38.5896778765701,False,True,11.89506131857524,15.076118252640862,False
7.5,622.6765815797969,0.9320734350291615,623.2366960230453,1.498440553287045,634.3480054154602,3.7302651789912193,,,False,False,12.002166945500576,15.071540629833171,False
8.0,664.215626715495,1.134719995103733,664.8599512409106,1.7787444883273273,675.9046299959407,5.3438485218581855,15.841706634292962,30.648452418227116,True,True,12.423749862461369,15.098875259660158,False
8.5,705.7600164152022,1.363903970434769,706.4990096951418,2.078459474477758,717.5675188691811,5.617488229343647,,,False,False,12.55030251620866,15.132199114096206,False
9.0,747.310086205515,1.6209831558256182,748.1470199234047,2.4032267436308072,758.8681398885926,6.632001146515425,,32.17744452124326,False,True,12.597575411321113,15.165176767709948,False
9.5,788.8661698828187,1.907254070177274,789.7964157659408,2.758375140567903,800.5377583773605,6.968039615143242,,,False,False,12.721537969839137,15.202862032391906,False
10.0,830.4285994116107,2.2239497391554663,831.4507600691219,3.1407980395680033,839.7940745641732,3.140504699011902,15.35583980348889,37.992608564210855,True,True,9.41021773540359,15.05688118060604,False
10.5,871.9977048233804,2.572237715594925,873.1189641340429,3.557933112505296,881.4571414670872,3.494494859659208,,,False,False,9.504288498150741,14.927165682908125,False
11.0,913.573814116079,2.953218344064672,914.8030404162785,4.010976659159733,921.8256480127917,6.528189363863268,,30.338496830225527,False,True,8.992951709607723,14.786025131867493,False
11.5,955.1572531542071,3.3679232749607797,956.5010905249815,4.4926572333959,963.5040150231639,6.976092380774231,,,False,False,9.093256731953542,14.659481198143574,False
12.0,996.7483455695543,3.8173142324133016,998.2120148684826,5.009748858190247,995.1238908655786,1.4581615765651699,14.297771867409043,34.555393596300746,True,True,2.864341868364217,14.381138753066633,False
12.5,1038.347412662617,4.302282039196798,1039.9328647397308,5.562139742057651,1036.707573463956,1.9064068330502257,,,False,False,2.903324060605935,14.11981635645146,False
13.0,1079.954773304728,4.8236459007239345,1081.6634521005112,6.1550891486879715,1073.9841776509097,11.479432274333275,,21.709597377954275,False,True,8.941336852647764,14.021831573909198,False
13.5,1121.5707438409243,5.3821529490839835,1123.4194215432085,6.791695669630116,1115.5505942452767,12.122350408009114,,,False,False,9.037281833564588,13.933683188966555,False
14.0,1163.195637993586,5.978478046967602,1165.2013998454127,7.458340245670235,1159.4419707584725,16.56409291634819,19.490703697619345,34.570420011662954,True,True,11.23144068562958,13.937338501242273,False
14.5,1204.8297667668728,6.613223850201077,1206.9930783142004,8.158803813182471,1201.072668064853,17.31838961592358,,,False,False,11.345323473939237,13.945551322119528,False
15.0,1246.4734383519901,7.286921126502157,1248.7890825886013,8.900276929536096,1244.707361997023,13.679987831448832,,44.28114988120162,False,True,6.632520454960645,13.799353581387122,False
15.5,1288.1269580333098,8.000029326970692,1290.590774473095,9.679238940958024,1286.3734307574468,14.455599602944467,,,False,False,6.689487685557965,13.662228534899937,False
16.0,1329.7906280953785,8.752937405745335,1332.4007006432378,10.49653901958851,1318.3765958704544,12.57229211004541,17.36113343171354,34.1546080462832,True,True,12.036095795101689,13.706184471586552,False
16.5,1371.4647477308386,9.545964882197419,1374.223634295783,11.350742779031615,1359.9368348943465,13.387277861746387,,,False,False,12.151068256437794,13.752073618802743,False
17.0,1413.1496129492912,10.379363138999453,1416.0620047813184,12.242219399035132,1396.155906490106,26.591815027433274,,22.879111921268866,False,True,23.486797471254658,14.434072107765983,False
17.5,1454.8455164871286,11.253316948403096,1457.9177387985292,13.171248980347167,1437.6775376458,27.647426759829084,,,False,False,23.73828835458454,15.066946866227507,False
18.0,1496.5527477183643,12.167946218094361,1499.795411932103,14.13789646165876,1478.6676075199266,9.43195362779985,19.00127794830381,57.92013529405568,True,True,18.09320025235779,15.319983460781284,False
18.5,1538.2715925664863,13.123307947066557,1541.691668166937,15.147032623130027,1520.2210930956758,10.304998813381971,,,False,False,18.269192579825262,15.56436158466521,False
19.0,1580.002333417363,14.119398381068065,1583.608078523304,16.20681041929605,1562.4931640949767,9.5554471037415,,42.661460877828254,False,True,18.094216247790406,15.784639476106516,False
19.5,1621.7452490332244,15.156155356346488,1625.5470610081463,17.316988195850588,1604.0982406076992,10.506281778856549,,,False,False,18.249335074385492,15.997977315615259,False
20.0,1663.5006144677493,16.233460819626668,1667.5087883760152,18.47030218307278,1652.457350729401,23.33528839170127,23.801052251597227,35.188073641353654,True,True,13.129723106684208,16.00820667789368,False
20.5,1705.2687009822819,17.351143511530918,1709.4932412963149,19.657709848267405,1694.1999573133746,24.52723220722641,,,False,False,13.1914114247287,16.01982830837658,False
21.0,1747.049775963201,18.50898179997897,1751.4986084777936,20.87959878867531,1733.6451681085446,31.576391907611942,,35.44380914135782,False,True,18.72006192987046,16.22962363414484,False
21.5,1788.8441028404739,19.706706649495295,1793.527507679732,22.146319096594198,1775.4003637915048,32.92860303804298,,,False,False,18.85610415028157,16.432907961569327,False
22.0,1830.6519410074109,20.94400471180558,1835.5779184227545,23.45843371154431,1828.0607900528803,25.795548013499513,24.272376074502436,55.492452025078116,True,True,5.5001396052623965,16.281583627403407,False
22.5,1872.473545741653,22.220521522624306,1877.649629772177,24.81070435680327,1870.007451042277,27.11517444490563,,,False,False,5.480807449262185,16.13528726271358,False
23.0,1914.3091681274116,23.535864789124094,1919.7452849297877,26.19874767038647,1909.0647588388827,36.0728905273625,,35.532576319479006,False,True,13.58973300498802,16.1538801015324,False
23.5,1956.1590549789855,24.88960775223605,1961.8638526537522,27.629077503437497,1951.0187167114293,37.5764975936964,,,False,False,13.688690636954753,16.17439478032537,False
24.0,1998.023448765579,26.281292607660696,2004.003836626875,29.1042707322816,1970.2554420333645,34.44135049135491,20.617004044756335,34.821424899534776,True,True,28.94216202265382,16.822092126856912,False
24.5,2039.9025875374432,27.710433969272184,2046.165008217543,30.618909311193523,2011.9399319383222,35.96250499626987,,,False,False,29.154875825317273,17.432321700397495,False
25.0,2081.7967048533646,29.176522358474948,2088.3462047971234,32.16619666225565,2057.427143840562,27.451457453728487,,53.27956796599494,False,True,24.430541395603385,17.782384008429688,False
25.5,2123.7060297095195,30.679027703022868,2130.549855189666,33.74194073474577,2099.2039701768463,28.893831556174923,,,False,False,24.567007278571474,18.118148634798697,False
26.0,2165.63078646972,32.21740282883593,2172.7764359032103,35.348181537824466,2126.4395272808833,24.69983478672976,22.970438145684735,41.52253666596391,True,True,39.905746780060085,19.20992881336896,False
26.5,2207.5711947970713,33.79108692844843,2215.0301261693894,36.98635633156591,2168.067058989599,26.124259976486567,,,False,False,40.241234839484505,20.224836962775996,False
27.0,2249.527469587059,35.399508989895615,2257.313815731889,38.657626584864964,2207.104504586403,34.623339698897745,,39.189930111105426,False,True,42.430064791550436,21.27797095010287,False
27.5,2291.499820902091,37.04209117009111,2299.620653362948,40.36799969597844,2248.74903769742,36.21660160363004,,,False,False,42.75875229280084,22.263879460749614,False
28.0,2333.4884539075097,38.718252097064685,2341.9475870961905,42.11807416557645,2297.741006171407,41.797334830084466,27.68425078998289,46.33030319645009,True,True,35.87981006251506,22.85330779824364,False
28.5,2375.493568809097,40.427410085817336,2384.3003995217787,43.89925652378134,2339.5288695926165,43.51632050721509,,,False,False,36.097104555951844,23.417330232679696,False
29.0,2417.5153607920893,42.168986253006445,2426.685218628374,45.71311720891822,2380.355028547306,48.00854835529551,,43.72807779417492,False,True,37.6163631693597,24.011459726588754,False
29.5,2459.5540199617226,43.942407516195935,2469.09595574207,47.55951233709112,2422.18667191947,49.83011893085268,,,False,False,37.828347114473814,24.580606838302437,False
30.0,2501.609731285324,45.74710946399242,2511.5277375724513,49.439062012884534,2447.0302528625766,51.83128859687698,25.737301714177388,38.817804021510184,True,True,54.91754456109788,25.914352959243388,False
30.5,2543.6826745359704,47.582539084035766,2553.9828995091493,51.35198710329435,2488.6797850496023,53.71919851916411,,,False,False,55.344163566471664,27.16457481303786,False
31.0,2585.7730242377265,49.44815733651815,2596.464838641216,53.29547452561813,2536.966373390867,37.331113683665336,,61.058493950742395,False,True,50.288288037796654,28.0877594650256,False
31.5,2627.8809496124823,51.34344156166674,2638.973336678463,55.2695655080447,2578.7515110087925,39.03252967848566,,,False,False,50.648398680601666,28.96935875914414,False
32.0,2670.006614528408,53.26788771043743,2681.506671934752,57.27666848181271,2637.1330227166245,59.81143639710267,31.930615382219965,42.4932382105749,True,True,33.51851828500965,29.211634825451437,False
32.5,2712.1501774500393,55.22101238852802,2724.0682978809577,59.318768464949436,2679.1885187766425,61.839640487546006,,,False,False,33.61959518516886,29.447393435816092,False
33.0,2754.3117913900037,57.2023547047236,2766.658134742046,61.390529639720874,2725.919069237044,50.78258377900244,,57.37565037955653,False,True,29.10945087070362,29.562943952407267,False
33.5,2796.491603862415,59.21147791553201,2809.2693181237096,63.49645762102619,2768.0810567982367,52.699400789632456,,,False,False,29.14732119731696,29.675519790581994,False
34.0,2838.6897568379372,61.24797085904752,2851.9035398042333,65.64024073884121,2835.954974883723,69.18424664439537,34.27843581320925,49.35423741631838,True,True,8.394254325322434,29.48676429111522,False
34.5,2880.9063867005398,63.31144917199302,2894.5647422635325,67.8132030299106,2878.4981266951927,71.36609200585752,,,False,False,8.4069606537963,29.30231885258321,False
35.0,2923.1416242059527,65.40155628492941,2937.2528938883415,70.00781792096859,2914.571983974624,92.24122268222322,,34.283817523733234,False,True,28.17457055595402,29.39390922113813,False
35.5,2965.3955944418385,67.51796419168191,2979.963821887771,72.23048709828758,2957.086543560879,94.71957525081716,,,False,False,28.442362256937177,29.488262096185693,False
36.0,3007.6684167896883,69.66037399011093,3022.6912280253127,74.48152301849453,3011.5802116808513,83.38090685805741,33.19358986603284,60.53787271967947,True,True,14.26727589454024,29.359883693082608,False
36.5,3049.960204888457,71.8285161924456,3065.443817566321,76.75765666920164,3054.284419583161,85.73379904170338,,,False,False,14.562133217484082,29.237503524354977,False
37.0,3092.2710665999484,74.02215080449628,3108.226559927166,79.06654829243514,3096.104085125788,90.75198763986751,,46.386645997257,False,True,17.163317615122487,29.147400052657012,False
37.5,3134.6011039759587,76.24106717416277,3151.0372946739617,81.41158166697394,3138.8564515108383,93.20863034240165,,,False,False,17.49303239895194,29.063441133011835,False
38.0,3176.950413227191,78.48508361075336,3193.875600850626,83.79116162579265,3193.308988453236,79.25593305343992,34.4729923900453,62.377404326646335,True,True,16.376727154394032,28.96818956420804,False
38.5,3219.3190846939488,80.75404677772048,3236.7425483338448,86.19710903864042,3236.2587341675658,81.56233582161359,,,False,False,16.958922591588497,28.88180942230958,False
39.0,3261.7072028186176,83.04783086249759,3279.634739274386,88.62635616195665,3281.544821737706,77.30848759865263,,53.69821555506947,False,True,20.651178791517484,28.84501506564088,False
39.5,3304.114846119942,85.36633652818334,3322.550890198495,91.08383836565393,3324.571703309589,79.58120768669274,,,False,False,21.259132667873843,28.817731008795647,False
40.0,3346.5420871691076,87.70948965285845,3365.4916256427323,93.56951926074053,3374.59611342798,84.5553184359859,36.116420548272714,50.09746939177307,True,True,28.230784356777132,28.90644904160979,False
40.5,3388.988992567638,90.07723986333409,3408.454550304455,96.0845170288953,3417.7567745066262,86.9214011419495,,,False,False,28.940362743486297,29.006069575645526,False
41.0,3431.4556229271043,92.46955887111203,3451.443506032296,98.61847348549102,3459.164100991612,94.3461012568807,,45.57778614126455,False,True,27.771949300992418,29.081521634423027,False
41.5,3473.942032850664,94.8864386192833,3494.4607487812555,101.1737402415686,3502.361025431796,96.81627123033182,,,False,False,28.484441248392102,29.167772506149277,False
42.0,3516.4482709164276,97.32788924999831,3537.5110349293072,103.76752634791674,3556.3537545455692,107.56660842749123,38.352959913264925,47.69961350241138,True,True,41.19804599821756,29.528799596676194,False
42.5,3558.9743796626617,99.79393690300388,3580.586251236404,106.3890996345571,3599.741799260082,110.21208795075839,,,False,False,42.07755187610102,29.8994805428215,False
43.0,3601.52039557483,102.28462135655721,3623.6867563469887,109.03481926478023,3638.240926482429,126.84890371712176,,38.55669550285731,False,True,44.17919598663459,30.311008239059145,False
43.5,3644.086349074482,104.79999352278973,3666.8187898921624,111.71234270614997,3681.634919850672,129.72739576291704,,,False,False,45.069618922015,30.730821516466232,False
44.0,3686.672264509984,107.3401128103021,3709.979022389975,114.4145654242931,3737.741025146321,134.56574794997084,40.04414662157341,51.031532792254254,True,True,57.872735564252245,31.505117658544638,False
44.5,3729.2781601491038,109.90504436742116,3753.1735359600693,117.14244865283496,3781.349560343112,137.52540751306003,,,False,False,58.94332174607676,32.277884501234674,False
45.0,3771.9040481734455,112.49485622013873,3796.4001341949556,119.90164257105747,3827.6696563931623,132.85583516282014,,53.334300414098344,False,True,59.36642589561259,33.029190648744176,False
45.5,3814.549934674739,115.10961631927708,3839.6572425642576,122.68813595317326,3871.3718305596635,135.77956197466867,,,False,False,60.46465500897254,33.78108178138946,False
46.0,3857.2158196529836,117.74938951188446,3882.9479696037474,125.50342446789367,3909.97273030924,138.1640733899337,39.51944406577802,46.405586863227825,True,True,56.56899274189798,34.38975471573984,False
46.5,3899.90169701645,120.4142344522549,3926.2702229695724,128.3423633498298,3953.6834211630144,141.13186215503293,,,False,False,57.634138753069614,35.00411573545544,False
47.0,3942.607554583534,123.10420046828713,3969.6257371417946,131.2042634466905,3998.870464453529,140.04875019992645,,50.46643600635606,False,True,58.75910816756175,35.625511537616475,False
47.5,3985.3333740864678,125.81932439914604,4013.006669987311,134.0924583906501,4042.6572309175185,143.01596816012693,,,False,False,59.8477160686094,36.25262991436476,False
48.0,4028.0791311768858,128.55962742036704,4056.409246346515,137.00565535390305,4090.469036258823,137.23522955953243,41.6356750084402,54.06850131474957,True,True,62.990208196276306,36.940735450625596,False
48.5,4070.8447954332382,131.32511187264606,4099.842675391076,139.94086505973405,4134.352347143388,140.14150389081658,,,False,False,64.11659607648737,37.63293176457775,False
49.0,4113.630330370061,134.1157581105874,4143.300022562943,142.89685025358207,4174.702012124658,153.09938351028072,,39.60356762065076,False,True,63.954111249009486,38.29472439777079,False
49.5,4156.435693449087,136.93152138763614,4186.776627768946,145.87952316106296,4218.596558257298,156.17752058006158,,,False,False,65.0721261264724,38.96130477810823,False
50.0,4199.260836092207,139.77232879330268,4230.284105571917,148.88810936925447,4278.767077643616,185.1044388904409,46.13831920123796,34.86846428946929,True,True,91.52181516715083,40.40466179164479,False
50.5,4242.105703696263,142.63807625859482,4273.81996977749,151.92520402930327,4322.920840722511,188.57167975443255,,,False,False,92.95688410593382,41.81984482864295,False
51.0,4284.970235649683,145.52862564530702,4317.382699764701,154.9959532881513,4368.330854616804,188.45768137143523,,47.640779115808556,False,True,93.76511408897522,43.18902677304591,False
51.5,4327.854365350945,148.4438019344805,4360.9725881065115,158.10325923549976,4412.554270411267,191.9535328610141,,,False,False,95.22169186969359,44.53742306363792,False
52.0,4370.758020228863,151.3833905289407,4404.585974824285,161.24041116519345,4427.208227946201,193.41358723216587,41.34411044144075,36.02707549234481,True,True,70.37871401384402,45.14862770878174,False
52.5,4413.681121764691,154.34713468434416,4448.221471994917,164.4020994672204,4471.152099229218,196.9219085156115,,,False,False,71.522895757315,45.766517642351225,False
53.0,4456.623585516045,157.3347330826258,4491.881917835392,167.59040395256656,4512.016880778238,209.48871636754632,,36.79415453120202,False,True,76.08189753475081,46.470704235358056,False
53.5,4499.58532114262,160.34583756113327,4535.569321547031,170.8075581935649,4555.986844102253,213.16631893875615,,,False,False,77.27311980973566,47.179642717032515,False
54.0,4542.566232433715,163.38005101006897,4579.278290206958,174.05101329567,4587.459208852034,217.66115187941074,44.813660118991294,38.258441198982226,True,True,70.44016782549116,47.71398518163701,False
54.5,4585.566217337532,166.43692545013732,4623.00647621461,177.32244533662387,4631.335670884234,221.39716659159052,,,False,False,71.52252081890269,48.25547364539193,False
55.0,4628.585167992268,169.51596030151563,4666.763824574962,180.62185249141228,4676.423166810763,221.64725208512849,,45.08064930639292,False,True,70.75412153356528,48.7655804365328,False
55.5,4671.622970758968,172.6166008544377,4710.5547766848185,183.94640888126943,4720.373868783384,225.3960163285644,,,False,False,71.8492641296865,49.28354583164299,False
56.0,4714.679506256141,175.7382369508011,4754.372986424295,187.298364854032,4753.286580927009,227.97077892710874,46.22862097347455,38.6176028128424,True,True,64.95186414529356,49.65589487020366,False
56.5,4757.754649396125,178.88020188528782,4798.216227143901,190.66997647503314,4797.1703324805285,231.74531830116877,,,False,False,65.94176678460128,50.03676165016958,False
57.0,4800.84826942319,182.04177153352728,4842.082023731829,194.0584206087079,4846.002228763682,220.3697600450166,,53.46584804369596,False,True,59.22765188203638,50.29481377590547,False
57.5,4843.960229953364,185.22216371383348,4885.9669531513355,197.46864631369698,4889.968257332197,223.99770695392738,,,False,False,60.168773768922705,50.562102754539715,False
58.0,4887.090389015986,188.42053778802085,4929.871713207734,200.905161079028,4918.478464815645,229.14982730526717,46.93023886768552,33.714222827108884,True,True,51.420679954516146,50.695034917737836,False
58.5,4930.2385990969415,191.6359945057497,4973.7999385051535,204.36525167308082,4962.324416024816,232.83384325933315,,,False,False,52.21841044930623,50.836143752813356,False
59.0,4973.404707183602,194.8675760957761,5017.75386656306,207.84517355850974,5004.536108644524,241.89563746312535,,35.02060114963121,False,True,56.39860559350946,51.03294360404849,False
59.5,5016.588554811433,198.1142666063885,5061.732616151173,211.34176955436655,5048.419635429488,245.68348601049308,,,False,False,57.23677426295941,51.23782978481578,False
60.0,5059.789978112263,201.37499249620956,5105.730218934052,214.85213283531996,5107.514215351488,245.62091898417088,52.2923938067074,47.44256632880247,True,True,65.07921965454014,51.7731822411568,False
60.5,5103.008807864203,204.6486234754285,5149.751582140215,218.38039636261988,5151.596753743917,249.40746249263725,,,False,False,66.0616541949902,52.31604616725833,False
61.0,5146.244869543188,207.9339735964173,5193.801140090113,221.92702021081269,5193.8163119514265,260.1873309118186,,31.2392387902396,False,True,70.66438624605321,52.930840719997676,False
61.5,5189.497983376141,211.22980259157114,5237.87123764374,225.48761347430232,5237.935564203474,264.0945863489825,,,False,False,71.69996232999237,53.55647137238452,False
62.0,5232.767964395734,214.53481745511212,5281.960950665743,229.057030143697,5264.859172310156,244.3491979257401,48.112309306648676,46.73335391141573,True,True,43.8034577202989,53.76811649026513,False
62.5,5276.054622496734,217.84767426450304,5326.079326172453,232.64134422828934,5308.821368865267,247.96054151880358,,,False,False,44.50218468631504,53.98617452501725,False
63.0,5319.357762493902,221.16698023604633,5370.227522277948,236.24759775197327,5352.555763306247,252.6501839221911,,35.05219391314705,False,True,45.75258869484627,54.216773875830604,False
63.5,5362.677184181456,224.49129600819205,5414.398196127192,239.86722097178827,5396.567667231498,256.30900784010566,,,False,False,46.485821790991736,54.454258471084806,False
64.0,5406.0126823940545,227.81913814505552,5458.592553676268,243.49170794135762,5422.402702172221,245.60056975451747,49.040647028896686,36.5893200714622,True,True,24.182887718605297,54.49438196525317,False
64.5,5449.36404706929,231.14898185165328,5502.815141153663,247.12260320115752,5466.259663691818,249.06289156545844,,,False,False,24.62458166730569,54.53671010285743,False
65.0,5492.731063311676,234.47926389141023,5547.063397975192,250.76336171132908,5509.782662790179,254.31381758613065,,32.67753356114514,False,True,26.156577854222913,54.58852070950755,False
65.5,5536.1135114581075,237.8083856955756,5591.335219043316,254.40528517284469,5553.684603034606,257.80660261187734,,,False,False,26.620892904280144,54.64282703034839,False
66.0,5579.511167144772,241.13471665331423,5635.628111912719,258.0388919687135,5589.167874978589,259.62816468214174,52.07321986570939,28.75741262346026,True,True,20.862876747530294,54.67944993265351,False
66.5,5622.923801375494,244.45659757041685,5679.937846976048,261.66722949950224,5633.016183258114,263.0720393644216,,,False,False,21.175241326856785,54.71738453936018,False
67.0,5666.351180591486,247.77234428380305,5724.2604196433185,265.2947278818419,5676.93109217151,266.090855376359,,32.4016629940857,False,True,21.154252000229523,54.75378228629736,False
67.5,5709.793066742498,251.08025141827497,5768.603171127598,268.9179767625295,5720.808990071463,269.5207974923122,,,False,False,21.480323700967073,54.7915035931232,False
68.0,5753.2492173593255,254.37859627132354,5812.968965523231,272.5359703050655,5769.189261379542,273.53915493609713,56.119190077627174,34.4870186907531,True,True,24.92412509422668,54.84694890474927,False
68.5,5796.71938562767,257.6656428111946,5857.350323102752,276.1504542803802,5813.148757372164,276.9708439203062,,,False,False,25.349852973578255,54.904501408320726,False
69.0,5840.203320463319,260.93964577289114,5901.747940325825,279.7489928514421,5857.165103171905,278.82022794951945,,30.9171467413276,False,True,24.64583720688828,54.95768337735849,False
69.5,5883.700766588632,264.1988548363253,5946.157007540035,283.3249120859731,5901.1473828603985,282.18955963327994,,,False,False,25.06092333545247,55.01288426827551,False
70.0,5927.211464610299,267.4415188704375,5990.5762477158205,286.8838461541915,5941.087969492808,269.3392021551835,54.626151443219015,39.384792497557214,True,True,14.00566276916228,55.025617310554445,False
70.5,5970.735151098353,270.66589022677647,6034.999894164185,290.4319540175867,5985.01653504036,272.4571578686548,,,False,False,14.393282011545455,55.03943904460865,False
71.0,6014.271558666414,273.8702290657821,6079.429175528989,293.9689371679507,6029.393886869208,280.13721670575814,,21.99719820586536,False,True,16.36948210398256,55.06156441581389,False
71.5,6057.8204160531395,277.05280769883217,6123.873304567408,297.48769342022365,6073.350603325451,283.2814427587178,,,False,False,16.73268093947569,55.084887447012306,False
72.0,6101.381448204849,280.21191492901147,6168.327686096274,300.9803219205035,6119.610528705046,291.953890436159,59.40387565472729,31.105815692778137,True,True,21.68348137853106,55.139459965046065,False
72.5,6144.954376359313,283.3458603735284,6212.795492780342,304.4422795649472,6163.61902829707,295.11383570130624,,,False,False,22.064779066938673,55.19591959401528,False
73.0,6188.538918130664,286.45297875075073,6257.282430272506,307.8849957047508,6206.571093371267,294.59811831473377,,28.29921357543019,False,True,19.786425711193885,55.23265562465102,False
73.5,6232.134787595412,289.5316341149487,6301.784246476927,311.3085658143999,6250.593488644257,297.66471365880307,,,False,False,20.17103436309906,55.27097428532849,False
74.0,6275.741695379545,292.5802240220278,6346.3015526821655,314.704724827695,6296.487208373371,310.3385089015802,59.21305314435015,16.525808117675247,True,True,27.308112187413325,55.343907948706814,False
74.5,6319.359348746671,295.5971836097982,6390.838255599728,318.0748878991063,6340.575686981569,313.47944777009553,,,False,False,27.74722291682995,55.41928366006901,False
75.0,6362.987451687188,298.5809895766663,6435.385029467364,321.4194274002685,6384.518404065592,316.31887613126526,,20.803694185911066,False,True,27.896496728889492,55.505470112060216,False
75.5,6406.625705008454,301.530164043041,6479.948052357506,324.73306951969056,6428.628082972526,319.3959476248719,,,False,False,28.34238626274569,55.594370724809195,False
76.0,6450.273806425923,304.4432782802262,6524.537091482174,328.0081771822758,6470.837977662174,315.874899305021,58.61827442980041,24.31578978365669,True,True,23.528006670527656,55.64221117377569,False
76.5,6493.931450655222,307.3189562921122,6569.145028857475,331.2464511425649,6514.958783869883,318.7809582505583,,,False,False,23.948407692700517,55.69201870813067,False
77.0,6537.5983295051465,310.15587823558906,6613.771323126889,334.44580591222814,6552.772380550429,314.8061339404991,,28.03509086216625,False,True,15.870623908526598,55.6569664512438,False
77.5,6581.274131971537,312.9527836662721,6658.410562369634,337.60304866647687,6596.84657031898,317.5222239983137,,,False,False,16.229005546644462,55.621848474023366,False
78.0,6624.958544332012,315.70847459685973,6703.05408570228,340.7205786733308,6634.432256113111,301.1256107893051,58.2048388430221,32.940156050157526,True,True,17.38997216044419,55.61892773050171,False
78.5,6668.651250241535,318.42181835622563,6747.698818769783,343.801096626953,6678.408705310998,303.4869868793914,,,False,False,17.839762349146355,55.6171126295168,False
79.0,6712.351930828774,321.0917502381839,6792.349756365228,346.8451108770321,6717.508993703921,302.3041717077181,,21.51107691088134,False,True,19.482515354456623,55.62321893535312,False
79.5,6756.060264793232,323.7172759297487,6837.02100898516,349.8472350864117,6761.452488373118,304.5209946012205,,,False,False,19.939240005062498,55.63077192532799,False
80.0,6799.775928503119,326.2974737096377,6881.712358365627,352.8022383730921,6823.500115339427,291.69722278618246,57.59620607926993,9.667586639173264,True,True,41.95252560943282,55.816260915740365,False
80.5,6843.498596093935,328.83149640873734,6926.411196812616,355.71410102390564,6867.610414447946,293.64300670296757,,,False,False,42.656882118948786,56.00787459997825,False
81.0,6887.22793956773,331.318573125252,6971.123006726844,358.5866012297205,6901.348778290695,290.7548993893914,,22.54018601431826,False,True,42.95124809815591,56.181313146126975,False
81.5,6930.963628893012,333.75801068829367,7015.848472904601,361.40483037236237,6945.371300223574,292.5092597655452,,,False,False,43.69256739831636,56.361047296157174,False
82.0,6974.705332105286,336.1491948647328,7060.573702995921,364.1639680797684,6992.793428315007,295.78292920661397,60.58745024024949,7.877137016825959,True,True,44.23363683526304,56.58312915595989,False
82.5,7018.452715408165,338.4915913052145,7105.300670826232,366.87132841988745,7036.847034760661,297.44260560112417,,,False,False,44.98188759685622,56.81201752541135,False
83.0,7062.205443275054,340.7847462263465,7150.0355688257005,369.5253709295013,7083.572787423413,299.8544375559816,,7.0908383431599,False,True,46.17199978131502,57.0347187840403,False
83.5,7105.963178551348,343.0282868271807,7194.77738982012,372.12971386225064,7127.662462951062,301.4156372613841,,,False,False,46.930496985919774,57.264276077595795,False
84.0,7149.725582557143,345.2219214392314,7239.524421592504,374.6933297163885,7224.093099323669,284.5039918572546,58.17271025633307,-8.861551882098121,True,True,96.00622127102712,58.20915721520179,False
84.5,7193.492315190389,347.3654394103984,7284.282980611644,377.21254601292054,7268.6512732671745,285.8199778882339,,,False,False,97.1427445214736,59.16174483386271,False
85.0,7237.263035030497,349.458710724286,7329.049198031074,379.68182664383716,7339.6343557016835,292.0110398144344,,-12.028555587140731,False,True,117.38876517337371,60.595125415593,False
85.5,7281.037399442336,351.5016853575239,7373.825291436423,382.10556572426697,7384.46712367631,293.34278269628805,,,False,False,118.65987448954643,62.02617311094035,False
86.0,7324.815064680602,353.49439237879824,7418.617309823258,384.47932125280244,7368.876487102321,317.92583896796225,64.3520066957147,16.122551137749188,True,True,56.626238949489824,62.19535824429242,False
86.5,7368.595685994527,355.43693879438786,7463.41314614409,386.8011170403789,7413.211342636168,319.34230782231947,,,False,False,57.3879708874135,62.37034352538069,False
87.0,7412.378917732896,357.3295081460638,7508.21265742581,389.07607196875716,7431.103797115024,317.3006575002218,,16.649042972069854,False,True,44.19196750431395,62.386272414424624,False
87.5,7456.164413449333,359.1723588682482,7553.023580046499,391.3025638129159,7475.195727924014,318.5079632118045,,,False,False,44.897483278442415,62.40583339599627,False
88.0,7499.951826007829,360.9658224123327,7597.8469808017335,393.47687856033536,7538.511226618772,315.6740181542844,61.26540221609721,-6.3306742193266246,True,True,59.48255969966742,62.640206877116775,False
88.5,7543.74080768849,362.7103011470298,7642.674113652736,395.6076510931371,7582.783463244356,316.76008053088617,,,False,False,60.29719502204286,62.88219045640034,False
89.0,7587.531010293451,364.4062660445572,7687.497243849939,397.69481921321557,7601.713197612752,315.47110725620723,,11.47666125594953,False,True,50.94883907215915,63.00432358957019,False
89.5,7631.322085252941,366.0542541633455,7732.319168484481,399.7406393521733,7645.73616492085,316.3732242518234,,,False,False,51.729782773005795,63.13284053283184,False
90.0,7675.1136837314625,367.6548659387936,7777.142979770443,401.74278392190087,7688.724624385171,313.9170193642528,61.600319790321805,-0.40750494530834214,True,True,55.43477121760018,63.13872619813231,False
90.5,7718.905456734049,369.2087622943864,7821.97200532237,403.68647606187136,7732.731361772074,314.65567705347286,,,False,False,56.277835418776185,63.14947153602194,False
91.0,7762.697055212571,370.71666158621844,7866.803146523827,405.58013853330937,7784.719471441393,315.92829098451074,,-9.065256603779916,False,True,59.04872877332351,63.24814334204597,False
91.5,7806.488130172062,372.179336394641,7911.628910315885,407.4293797316913,7828.79057545144,316.58533213106097,,,False,False,59.90068760455627,63.353340577616436,False
92.0,7850.278332777023,373.5976101773625,7956.457899801698,409.23357338092114,7859.048216673188,332.8310355383434,63.53449387149503,-12.684882472188855,True,True,41.699214277381,63.41654292085492,False
92.5,7894.067314457684,374.9723537988788,8001.287735117381,410.98845487293505,7903.02522236306,333.5709094967145,,,False,False,42.359458263136545,63.4846781132765,False
93.0,7937.85472701618,376.3044819515917,8046.113203231583,412.6943290396754,7948.720377589635,334.3699219966941,,-10.08641150862321,False,True,43.3193915122931,63.590136980313176,False
93.5,7981.640222732616,377.5949494843872,8090.940014754619,414.3619760909596,7992.703695920581,335.017386399569,,,False,False,43.99146868680887,63.70119322560336,False
94.0,8025.423454470986,378.84474765478757,8135.763619917866,415.98951035912654,8032.911685251231,335.1720277689904,62.07947183226227,-9.188265927511141,True,True,44.31004471270035,63.8943610138264,False
94.5,8069.204075784912,380.05490032106104,8180.589441273309,417.57625392886666,8076.852496237276,335.7133291395335,,,False,False,44.996369523136096,64.09315118870218,False
95.0,8112.981741023177,381.2264600908728,8225.416089810942,419.1220809651964,8089.636365745273,334.0608688917347,,2.1007613561205947,False,True,52.6269849034732,64.29353390611385,False
95.5,8156.756105435015,382.36050444318283,8270.243832099975,420.62969726186043,8133.287106252657,334.41233756447104,,,False,False,53.38371127647751,64.4998612747809,False
96.0,8200.526825275123,383.4581318401477,8315.076404756728,422.0999834542378,8219.853481521535,306.5863303327206,58.81948434769728,-10.997711686497722,True,True,79.26407451465172,65.11058941354051,False
96.5,8244.29355790837,384.5204578457579,8359.904920594998,423.5309915121251,8263.820623330244,306.54692212600173,,,False,False,80.38145654708099,65.7324702157457,False
97.0,8288.055961914164,385.5486112678435,8404.724188809772,424.92724462798094,8317.812626993535,307.26953559359276,,-20.690337257060648,False,True,83.74409116505419,66.39456320069102,False
97.5,8331.813697190459,386.5437303399086,8449.538719080461,426.2900409439391,8361.850060381801,307.18023733189807,,,False,False,84.85721617042812,67.06722966878071,False
98.0,8375.566425057346,387.50695895900844,8494.35663166266,427.6292041706574,8369.060909364936,323.186709790517,63.069854451807345,-14.983588732526755,True,True,64.6484043694894,67.44583475732254,False
98.5,8419.313808360224,388.4394429955665,8539.178806071044,428.9456064350334,8412.80562723334,323.1822411989362,,,False,False,65.58093326498538,67.83212022594414,False
99.0,8463.055511572498,389.34232669064045,8584.001135800805,430.2346975109755,8430.49525064191,320.5313150148557,,-6.604269734809295,False,True,76.12572442816524,68.34545261292523,False
99.5,8506.791200897782,390.2167491556892,8628.824605240186,431.5045822823972,8473.996380153716,320.372079217641,,,False,False,77.16072956102933,68.8675487534653,False
100.0,8550.520544371577,391.0638409893703,8673.651767466159,432.75053854304804,8547.98739963481,321.16441932335937,60.83386273854185,-34.36187183640014,True,True,69.94530700125782,69.25362362875521,False
100.5,8594.243211962392,391.8847210253101,8718.466954777265,433.97109450333585,8591.741446710601,321.0217312926082,,,False,False,70.90713746324897,69.6464305709904,False
101.0,8637.958875672279,392.6804932241398,8763.266704267073,435.17316210467834,8618.9762727936,318.8208983018767,,-14.846469476909409,False,True,76.25994344431706,70.1163764914974,False
101.5,8681.667209636737,393.45224372238397,8808.065141722378,436.3499132735365,8662.555925335006,318.5558505617682,,,False,False,77.29625408861105,70.59417355260085,False
102.0,8725.367890223975,394.20103805002515,8852.863505771587,437.50367220080705,8678.339969130848,348.9200921376102,64.00057078721056,-37.354443094802946,True,True,65.28391398395537,70.83030429586586,False
102.5,8769.060596133499,394.92791852775406,8897.654999641683,438.64189955321194,8721.719053157458,348.97424302165535,,,False,False,65.97698071200385,71.0672748068173,False
103.0,8812.745008493976,395.63390185405177,8942.437541779447,439.7573835838856,8765.586109844888,349.0763856274679,,-27.413262258859344,False,True,66.26887685017424,71.29042917327214,False
103.5,8856.420810960366,396.31997689134437,8987.219834747624,440.84843959482333,8808.950238151996,349.0748475896325,,,False,False,66.97430496459242,71.51420945079573,False
104.0,8900.08768981029,396.98710265952235,9032.007747442762,441.911623839698,8929.362954691756,323.38530713657366,56.5445237548095,-40.77516902376791,True,True,79.21026093936273,71.77999892751208,False
104.5,8943.74533403959,397.6362065441349,9076.796976100968,442.95198570131635,8973.350032919621,323.1246793912106,,,False,False,80.17734015567197,72.04743554518441,False
105.0,8987.393435457057,398.26818272555363,9121.58154041173,443.98455011060935,9008.854666163794,321.28878620072135,,-26.790608615636465,False,True,79.91502932975202,72.30559526424726,False
105.5,9031.031688778325,398.8838908343601,9166.35907846329,445.0087408560536,9052.747586316173,320.96018500255946,,,False,False,80.89304133505743,72.5651396494109,False
106.0,9074.659791718841,399.4841548371466,9211.125990792958,446.02180667266,9074.662739203904,354.45606958659323,62.948220950690406,-51.51114422966813,True,True,45.02808534702282,72.45986663443058,False
106.5,9118.277445085967,400.0697621558387,9255.888903183497,447.0219812975612,9118.402610701114,354.5213524030244,,,False,False,45.54858172810084,72.34773683123596,False
107.0,9161.8843528701,400.6414630225546,9300.649842968685,448.00259843802843,9177.901772723675,358.06112252550196,,-45.17352581911931,False,True,45.49333067176599,72.22317735170462,False
107.5,9205.480222334849,401.1999700709147,9345.400446478927,448.96419138341184,9221.76583594147,358.16139300791775,,,False,False,46.01673962974473,72.09106829645219,False
108.0,9249.064764106199,401.7459581636095,9390.146794010036,449.91852700783784,9259.130229976134,371.5507674055867,60.356518242636305,-46.2928317708274,True,True,31.828652941841717,71.82373862770399,False
108.5,9292.637692260661,402.2800644549344,9434.88797565008,450.8677470943786,9302.944456468611,371.8056677309326,,,False,False,32.1701452301683,71.54437148574371,False
109.0,9336.19872441237,402.8028886859015,9479.617197288368,451.8100008314774,9342.235504103222,370.86280195022454,,-37.41592310693005,False,True,32.50556644204887,71.26779201422369,False
109.5,9379.747581799096,403.31499370845967,9524.33932589526,452.74198651618275,9385.983952178934,371.07032982929593,,,False,False,32.842208576689394,70.97892230238018,False
110.0,9423.283989367157,403.81690623428534,9569.054264994906,453.6545678952531,9421.998507365179,382.3722104943899,59.536858282747346,-47.92708753958504,True,True,21.483189692271033,70.24920799232758,False
110.5,9466.80767585521,404.30911780256434,9613.761098759482,454.55243280580873,9465.674937849886,382.68129845008144,,,False,False,21.657462116608684,69.48773847653833,False
111.0,9510.318373876878,404.79208596016656,9658.462327377561,455.43798934122424,9492.028386282724,377.6587694450815,,-32.41980665843749,False,True,32.722171555416764,68.76052582514359,False
111.5,9553.815820002192,405.26623564662924,9703.152065706969,456.3095088139391,9535.523086573909,377.83113651617936,,,False,False,32.97436520353103,68.00077544177836,False
112.0,9597.29975483784,405.73196077541365,9747.830022901657,457.17315223723597,9591.952143728486,376.2040492538887,56.811093807768614,-49.13711850899408,True,True,30.008240591542595,67.61165827432787,False
112.5,9640.769923106185,406.18962600198796,9792.502775207126,458.0286248126901,9635.532854277635,376.3544828287366,,,False,False,30.29129673822793,67.20621527501082,False
113.0,9684.226073723014,406.63956866842284,9837.160022000524,458.88020774831176,9662.654070760136,370.7014098696354,,-35.57571576028377,False,True,41.9154216211319,66.81452834224129,False
113.5,9727.667959874027,407.0821009133651,9881.798715765444,459.7314247829938,9706.043074156909,370.73259531600155,,,False,False,42.295652725205244,66.40576256386856,False
114.0,9771.09533909002,407.5175119354875,9926.424762296174,460.57747487688096,9793.745194328156,364.8698838665303,53.96937276185874,-61.869300988287414,True,True,48.28908905971034,66.14741684934995,False
114.5,9814.50797332074,407.9460703977991,9971.03561335418,461.41818169015255,9837.479814013195,364.88013644855414,,,False,False,48.80963154665534,65.87786908640483,False
115.0,9857.905629007406,408.3680269595439,10015.640566560336,462.25410288242165,9878.622192584184,363.84227789311603,,-48.86268866234947,False,True,49.1092489899528,65.62097247744767,False
115.5,9901.288077153837,408.78361692182386,10060.244004045,463.08472204588145,9922.320673475546,363.81782836950265,,,False,False,49.641638250203194,65.35274670157679,False
116.0,9944.65509339622,409.19306297254786,10104.83926020735,463.9106299616632,9937.456461973114,378.0012378556408,57.4004701984521,-52.72081637425086,True,True,32.01172048624473,65.03378377884322,False
116.5,9988.006458071455,409.596578015847,10149.425416003149,464.72844584357074,9980.894785377512,378.10787665055756,,,False,False,32.281793664202795,64.70195918299626,False
117.0,10031.341956284054,409.9943680706979,10193.999616775915,465.5441369877108,10030.063061932553,380.80114921735543,,-58.59908064515467,False,True,29.221218280240283,64.43435242767127,False
117.5,10074.661377971608,410.3866352231701,10238.561416212577,466.3577059304347,10073.523090232673,380.94396058907284,,,False,False,29.46467017609267,64.155677441097,False
118.0,10117.964517968776,410.7735806164581,10283.114092232774,467.1626835009936,10136.337347911738,384.65941659864217,53.29466966777106,-66.89542291312246,True,True,31.929773604934955,63.990605686275266,False
118.5,10161.251176069776,411.1554074626754,10327.651358036414,467.96719480921234,10179.941026681354,384.86833675740303,,,False,False,32.25400133544793,63.81879612349552,False
119.0,10204.52115708937,411.53232406028076,10372.177805730345,468.77129963924205,10216.978939131082,381.756707204815,,-52.48601170264716,False,True,32.276674124238916,63.60021170162266,False
119.5,10247.774270922324,411.9045468009688,10416.694230840536,469.57021228599,10260.496074937997,381.9017666445069,,,False,False,32.588512002394026,63.373167184072905,False
120.0,10291.010332601309,412.2723031498972,10461.184850820397,470.36228573128926,10297.712144578021,377.6912032662019,52.35496279594133,-53.075418913327894,True,True,35.224519200938985,63.06478365710702,False
120.5,10334.22916235325,412.63583458323626,10505.654553278133,471.1441294165094,10341.118296069884,377.74700430388356,,,False,False,35.56248924958933,62.743999682341084,False
121.0,10377.43058565408,412.9953994672102,10550.107236981774,471.9177569383991,10408.366979460485,391.1485611535585,,-81.89625414188225,False,True,37.872744897192604,62.37360747296261,False
121.5,10420.614433281911,413.3512758630602,10594.542770410373,472.68745774867637,10451.95409491128,391.4031844700966,,,False,False,38.26085606513783,61.988623277300725,False
122.0,10463.780541368571,413.7037642426884,10638.970975814993,473.46052509497713,10461.056002245046,390.39817055503147,52.91167175140276,-48.12419725446682,True,True,23.464309292407723,61.844763028265746,False
122.5,10506.928751449526,414.05319010014074,10683.393620188612,474.2336579031785,10504.31321543334,390.59269889547096,,,False,False,23.605839875258766,61.6947595010016,False
123.0,10550.058910512147,414.39990644455725,10727.807386358674,475.0091564454186,10549.219080440682,391.8106361081802,,-65.52823418727698,False,True,22.60487666143884,61.527556744150374,False
123.5,10593.170871042323,414.7442961607496,10772.206801543332,475.7952537559098,10592.461623634032,392.0313941839351,,,False,False,22.72397298217353,61.35329487938791,False
124.0,10636.264491069387,415.086774224165,10816.593499924365,476.59352941474003,10646.11507573979,395.0491985208329,49.43121589917439,-72.12321175413489,True,True,22.327974794314496,61.34413939726046,False
124.5,10679.339634209371,415.4277897576539,10860.97234535206,477.40672836516995,10689.426419648342,395.3445538917644,,,False,False,22.473976135450147,61.333388563873385,False
125.0,10722.396169706544,415.7678279181758,10905.340805989723,478.2232954832757,10729.541789124169,393.4901976557917,,-64.0692048459081,False,True,23.39556981501033,61.31886432430865,False
125.5,10765.433972473245,416.10741160234846,10949.692605471133,479.0408740951806,10772.79077229032,393.7553125918586,,,False,False,23.531655991945218,61.3024123822307,False
126.0,10808.452923127981,416.4471029605696,10994.02223807292,479.86662984376346,10821.693171890889,395.45789941333703,47.9853993809136,-72.02024939241672,True,True,24.816342455141218,61.32158846723543,False
126.5,10851.452908031799,416.78750471031026,11038.334111116348,480.6939793218937,10864.94882325305,395.75570169344235,,,False,False,24.98952712236697,61.34028035200479,False
127.0,10894.433819322894,417.1292612400932,11082.637706363785,481.52679960696804,10906.094250029046,394.5095443613791,,-67.82423909210542,False,True,25.4483248157152,61.36151608198066,False
127.5,10937.39555494947,417.4730594966251,11126.92706818521,482.36745712125116,10949.302375432484,394.7957333764723,,,False,False,25.613150801385245,61.38216263780304,False
128.0,10980.338018700822,417.81962964853926,11171.203404361439,483.2069352204515,10963.97583437419,409.52035823389696,50.106327534497304,-73.02497548452125,True,True,18.346634076924783,61.35196811243062,False
128.5,11023.26112023665,418.1697455212262,11215.477168198262,484.0466687030746,11006.888843123925,409.9725658215289,,,False,False,18.309702697886383,61.31934262451659,False
129.0,11066.164775114567,418.52422479827914,11259.740664564835,484.8870783573424,11036.561326277162,399.9287425693349,,-58.18511401678594,False,True,34.95934985659486,61.38457617367919,False
129.5,11109.048904815829,418.8839289861454,11303.985441474271,485.7288456852299,11079.315690022722,400.2305284670046,,,False,False,35.100048616212646,61.44859884931074,False
130.0,11151.91343676925,419.249763139665,11348.209036276132,486.58430572294304,11114.076124735171,418.0705552094367,47.74769233788856,-85.88999102231269,True,True,37.85568270823984,61.5795070845751,False
130.5,11194.758304373305,419.62267534727215,11392.416147708298,487.460875816401,11156.697796877457,418.633776917244,,,False,False,38.07335224203906,61.71071991952482,False
131.0,11237.583447016423,420.0036559757419,11436.60538878017,488.358508631928,11197.965243035003,418.0838288247211,,-73.57274353696464,False,True,39.664692397687254,61.848277338494235,False
131.5,11280.388810095448,420.3937366754703,11480.780933230735,489.2756225977426,11240.53307992582,418.67179236543404,,,False,False,39.892910642882526,61.98617373305134,False
132.0,11323.17434503227,420.7939891483814,11524.949394447314,490.21460552488264,11311.771100756689,412.67775924180256,41.06703900863675,-81.12330419803772,True,True,13.996684175369094,61.95736081876534,False
132.5,11365.940009288623,421.2055236816503,11569.105925935668,491.1705148904667,11354.593845427098,413.23443483538387,,,False,False,13.866278944534354,61.926398832335266,False
133.0,11408.685766379042,421.6294874515154,11613.25277251405,492.1299580151839,11393.531791874619,410.2028764456627,,-72.83899928511309,False,True,18.97920921323574,61.923108941965495,False
133.5,11451.411585881975,422.0670626025195,11657.386259268682,493.09153087378127,11436.288934986116,410.7147796655157,,,False,False,18.90949227239614,61.91792528370569,False
134.0,11494.117443449059,422.5194641085636,11701.50428972015,494.0631519490379,11479.614900510634,419.87343233035114,42.733935077846034,-86.5751825799288,True,True,14.741954953538036,61.86234041905956,False
134.5,11536.803320812525,422.9879374231731,11745.606972279562,495.04671825470143,11522.330785883427,420.52081739362507,,,False,False,14.681312901582418,61.803971039068855,False
135.0,11579.46920579077,423.4737559273632,11789.690671750388,496.0429547769489,11566.131876875244,422.2873831539388,,-81.27959883361748,False,True,13.389989654904554,61.740848418639715,False
135.5,11622.115092292064,423.9782181844382,11833.755761917155,497.0555212965081,11608.812014825227,422.9789371405287,,,False,False,13.340555936443538,61.674874709250204,False
136.0,11664.740980316406,424.5026450119696,11877.803435152837,498.09025003959033,11637.32244411084,438.6879860986889,42.99126059036933,-89.65712320079075,True,True,30.870698557087216,61.71702455587762,False
136.5,11707.346875955525,425.04837638206135,11921.834996819902,499.14943373083435,11679.801623497404,439.61853937849634,,,False,False,31.161363621066556,61.758942331808704,False
137.0,11749.932791391026,425.6167681618291,11965.858724968819,500.23538523190354,11727.598543940056,446.27837114597554,,-89.46803839858111,False,True,30.425654423128666,61.8299358322875,False
137.5,11792.498744890676,426.20918870678224,12009.877290427505,501.35193499033204,11770.10195139871,447.34488070731175,,,False,False,30.79502938889649,61.90201633764286,False
138.0,11835.044760802844,426.827015320509,12053.8846045829,502.491297124932,11790.67425026225,450.3326592288004,41.178719692428004,-77.65751176330562,True,True,50.21212504143264,62.134940697119,False
138.5,11877.57086954908,427.47163059471427,12097.877902058262,503.6503664800371,11832.917542052874,451.4644771064645,,,False,False,50.69098874770358,62.370384861505634,False
139.0,11920.077107614843,428.1444186442482,12141.862904685324,504.83964517182693,11873.019033958748,450.1959582737743,,-81.29884129717757,False,True,51.968574121819316,62.61220648686709,False
139.5,11962.563517538403,428.84676125229026,12185.834167400377,506.0652191694265,11915.210867107751,451.36558568771716,,,False,False,52.434444373532735,62.85627070214176,False
140.0,12005.030147897869,429.58003394130975,12229.787123600932,507.3248261719545,11949.8141122583,452.78552816561586,38.155596032185635,-82.70936663057002,True,True,59.89411952724945,63.04525057514383,False
140.5,12047.4770532964,430.345601985814,12273.724066375109,508.6255304998692,11991.881876355425,454.0351822743983,,,False,False,60.43194447763189,63.23419272414086,False
141.0,12089.904294345564,431.14481638321524,12317.64887196454,509.96775723581254,12030.687018520144,451.35957463410716,,-81.05520210271617,False,True,62.57253556733883,63.447008815030244,False
141.5,12132.31193764689,431.97900979939254,12361.567886482297,511.3499188204996,12072.697592960481,452.64226823356586,,,False,False,63.09390098501833,63.65924511581811,False
142.0,12174.700055771558,432.8494925057015,12405.472236015541,512.7694517910599,12135.848777791583,451.21946407004344,33.2324590986392,-90.92368346012864,True,True,42.975314495091354,63.648021350993446,False
142.5,12217.068727238317,433.7575483242823,12449.363895473962,514.218419572258,12178.045860060472,452.53611314276424,,,False,False,43.30610418199251,63.63288591123225,False
143.0,12259.41803648955,434.7044305985442,12493.250561982779,515.7061625721933,12218.568496446554,451.68616346087543,,-84.69043714277916,False,True,44.23871802767128,63.61500032116869,False
143.5,12301.74807386556,435.69135820565486,12537.118138173453,517.2392638407673,12260.71780791342,453.0608711612346,,,False,False,44.555389173672566,63.59275889638169,False
144.0,12344.058935577052,436.7195116277405,12580.965726265114,518.8205595358226,12303.37722858694,451.20540116045504,33.24746617140581,-84.98166556309872,True,True,43.18381964559542,62.83554114418052,False
144.5,12386.35072367582,437.7900290983051,12624.796973553995,520.4531626800662,12345.491781121253,452.6395382968575,,,False,False,43.473682960100064,62.048692449950565,False
145.0,12428.62354602367,438.90400284010786,12668.609498808835,522.1335170903916,12396.722588463243,467.1578957805358,,-103.86428622471261,False,True,42.61400661239585,60.780398065936154,False
145.5,12470.877516259556,440.06247541039505,12712.408737591073,523.8592624991056,12438.866857541048,468.8505251751356,,,False,False,43.051528205743494,59.45632475142202,False
146.0,12513.112753764968,441.2664361689718,12756.19415281099,525.627412210794,12475.357722433795,468.2714755611801,32.175410756433685,-85.64995467589222,True,True,46.418902867178865,59.34103998903942,False
146.5,12555.32938362757,442.51681788411673,12799.965316673686,527.4385501780315,12517.408759634987,470.02445579130665,,,False,False,46.847026236676896,59.22037299191619,False
147.0,12597.527536603093,443.81449349079696,12843.726096275226,529.3008922230765,12557.405520126345,468.68479108690866,,-86.40934937217493,False,True,47.204956399509015,59.25063904515895,False
147.5,12639.707349075505,445.16027301502794,12887.477181322596,531.2134398774529,12599.411091468664,470.50289851597233,,,False,False,47.60291004127743,59.278130287487016,False
148.0,12681.86896301547,446.55490067755096,12931.209007945612,533.1708977138076,12645.515466317427,461.3951526800587,28.64398712538028,-80.98978803615677,True,True,39.26588597844841,59.05846588807388,False
148.5,12724.012525937102,447.9990521892693,12974.920100763242,535.1810395758217,12687.539058617835,463.17462219414665,,,False,False,39.50457876325947,58.82926432630577,False
149.0,12766.138190853027,449.4933322500981,13018.61341208226,537.2509032567403,12734.793536057674,473.7886446496236,,-100.71283859684995,False,True,39.65790701525258,58.71593972654797,False
149.5,12808.246116227783,451.0382722620443,13062.287271558323,539.3715055828364,12776.807965565209,475.78703661689246,,,False,False,40.01073173755402,58.59661019870795,False
150.0,12850.33646592954,452.63432826644726,13105.951091394198,541.5379659889047,12814.373848349353,467.2222283851037,27.723557619793024,-79.6139754672221,True,True,38.80871929207048,58.4222596269539,False
150.5,12892.409409180187,454.2818791143796,13149.60304307073,543.7591907528199,12856.333048451637,469.193435324632,,,False,False,39.03662782602988,58.23884279350927,False
151.0,12934.46512050379,455.9812248782379,13193.236540603777,546.0388933357741,12895.723586242295,466.6040953249196,,-86.05042226876114,False,True,40.17153038485802,58.02908565858423,False
151.5,12976.503779673423,457.732585511547,13236.860022780878,548.3799456069742,12937.627955665033,468.6399451864058,,,False,False,40.3769759567013,57.8090191630067,False
152.0,13018.525571656415,459.5360997629617,13280.467156187739,550.7873311419611,12944.946670159421,475.4723295078979,30.48871685307687,-86.83564792706926,True,True,75.28491325616146,58.249819472925566,False
152.5,13060.530686558002,461.3918243493903,13324.058019543054,553.2500972717619,12986.41887947766,477.70414277730225,,,False,False,75.88578049415757,58.691228667440555,False
153.0,13102.519319563422,463.2997333920713,13367.638777772234,555.759982850528,13024.421201224186,473.3369023545838,,-84.3730429226453,False,True,78.74046513014339,59.16887509839417,False
153.5,13144.491670878453,465.25971811833824,13411.203253875228,558.3270498334472,13065.832163298453,475.59451090943577,,,False,False,79.3355284520305,59.64655889646814,False
154.0,13186.447945668442,467.27158683068603,13454.754671862374,560.9496194519832,13096.584497675625,469.56232238993726,25.3888408349885,-80.83643057517446,True,True,89.89264015791349,60.31056639658431,False
154.5,13228.388353995793,469.33506514363154,13498.303900222727,563.6285237109292,13137.870421308353,471.83621901924266,,,False,False,90.55248151606601,60.97351137049885,False
155.0,13270.313110755993,471.4497964877357,13541.855223698854,566.3613482748409,13179.97578139442,475.8785105968576,,-93.75064952817982,False,True,90.44582126799277,61.54854040845323,False
155.5,13312.222435612148,473.6153428790296,13585.402540028175,569.1427977370022,13221.250564060827,478.27443963401976,,,False,False,91.09110053195309,62.12211607101858,False
156.0,13354.11655292807,475.8311859509732,13628.939757740027,571.9761990417403,13259.228665997925,484.62703520284066,23.495885500120856,-95.1694852446086,True,True,95.29469056631343,62.41468818935785,False
156.5,13395.995691699933,478.0967282449699,13672.467625940855,574.8664714631893,13300.423756746915,487.18011380416567,,,False,False,96.00261790118418,62.70143473234224,False
157.0,13437.860085486525,480.4112947543765,13715.983648727244,577.8105043219122,13342.448594231311,491.7264313377554,,-94.46944474174111,False,True,96.08009668731765,62.931345056324076,False
157.5,13479.7099723381,482.77413471588255,13759.487531441648,580.8043454663347,13383.609636115481,494.4056478926371,,,False,False,96.80168759314739,63.15541979730425,False
158.0,13521.545594723859,485.18442364109717,13802.982746719214,583.8431192984076,13410.254899882948,489.26827203296966,22.554309038630088,-81.0736554632748,True,True,111.36559870920888,63.99746717511745,False
158.5,13563.367199458102,487.64126558017534,13846.463086550137,586.9214061557165,13451.237770393427,491.9480637579231,,,False,False,112.21210885155739,64.83538855487873,False
159.0,13605.175037625038,490.143695608346,13889.926451885787,590.0395548380303,13493.070768049427,496.8566807459383,,-94.6595388102314,False,True,112.30508192659353,65.51636900690465,False
159.5,13646.96936450231,492.690682525275,13933.372448316339,593.1992356006643,13534.007568348614,499.6425021601649,,,False,False,113.17550612436163,66.19404308260093,False
160.0,13688.75043948323,495.2811317563104,13976.806490144372,596.4014202189525,13586.912724765207,499.16332092840827,17.731000719227477,-91.48881838447421,True,True,101.91168496182127,66.7321750196541,False
160.5,13730.518525997762,497.9138884438203,14020.228161095894,599.6416942815989,13627.951647183294,501.9819862173072,,,False,False,102.64752334682274,67.26745826955639,False
161.0,13772.273891432287,500.58774071604876,14063.630821886365,602.9244876925244,13674.029727838346,519.2938198402793,,-108.16149730132133,False,True,100.00916496239266,67.67140798745157,False
161.5,13814.016807048149,503.3014231201845,14107.02823985727,606.2524345567814,13715.047198290733,522.3645713448025,,,False,False,100.78882417128246,68.07271413192409,False
162.0,13855.747547899024,506.05362020566645,14150.425577525953,609.6273943746945,13750.854291413178,518.086811377723,17.959931189249055,-83.57141185970349,True,True,105.58121492949745,68.72807360144294,False
162.5,13897.466392747145,508.8429702431396,14193.815946427712,613.0552147868609,13791.812850954719,521.1760156649817,,,False,False,106.37093072198408,69.38441256275617,False
163.0,13939.17362397838,511.66806906392924,14237.195358696665,616.5292138459031,13832.172857099753,522.4154585046196,,-89.86689898600953,False,True,107.53915794911286,70.05423991658895,False
163.5,13980.869527516217,514.5274740044225,14280.570523065366,620.0329604590446,13873.100454347345,525.559021658011,,,False,False,108.33221208537753,70.72483027110928,False
164.0,14022.55439273467,517.4197079393348,14323.94447665951,623.5636919289798,13957.933970463808,517.4052344992677,9.439297992120316,-88.00948115078451,True,True,64.62042389171546,70.53139611213204,False
164.5,14064.22851237013,520.3432633875007,14367.312483851976,627.1257927716757,13999.358906570353,520.4420995867649,,,False,False,64.86968109381081,70.32614937634696,False
165.0,14105.892182432197,523.2966066735572,14410.674981045175,630.7202515068018,14042.87384366496,532.2452443902564,,-100.58081346766956,False,True,63.65052346970101,70.1096522864288,False
165.5,14147.545702113517,526.2781821286968,14454.030873962767,634.3485819763993,14084.275746623394,535.4445317731481,,,False,False,63.9305031540223,69.88116120487929,False
166.0,14189.189373698633,529.2864163135421,14497.371859800933,638.009861346561,14109.884619664788,536.832606872561,15.672713052220903,-85.77901752818424,True,True,79.66297135006734,70.28235376239707,False
166.5,14230.82350247192,532.3197222461504,14540.697570605756,641.7086283513188,14151.076805444727,540.0933264939922,,,False,False,80.12468165146684,70.68372206063475,False
167.0,14272.44839662458,535.376503618184,14584.014031960007,645.4444568807876,14191.929514358459,541.762955443767,,-88.40276312133152,False,True,80.771759720252,71.09281966189779,False
167.5,14314.064367160776,538.4551589823819,14627.320945874735,649.2003295758084,14233.092528615427,545.0616019200104,,,False,False,81.24089934080116,71.50213603798211,False
168.0,14355.671727802888,541.5540858946498,14670.62621327862,652.9738389967533,14276.19682200548,534.4130941933387,11.318604571155287,-74.52222852053225,True,True,79.79507763004571,71.98799545828513,False
168.5,14397.27079489595,544.6716849943289,14713.931507751324,656.7739394904258,14317.407997213428,537.5962747559068,,,False,False,80.17560653790862,72.47410278127577,False
169.0,14438.861887311297,547.8063640065309,14757.231373585128,660.5903325036303,14357.454849376016,533.0484105212345,,-79.80100309823018,False,True,82.73392905253891,72.99221841071835,False
169.5,14480.445326349425,550.9565416508159,14800.524485957747,664.4188488170934,14398.652477159036,536.1718328530067,,,False,False,83.11833608126315,73.51038035887579,False
170.0,14522.021435642124,554.12065144095,14843.813509441829,668.2599788881734,14441.719829535898,541.8477423561936,9.861235161931152,-90.99827927135263,True,True,81.23405837850407,74.05194572971527,False
170.5,14563.590541053893,557.2971453610091,14887.099814337917,672.1092440486202,14482.913524653735,545.0149802957726,,,False,False,81.60657175694226,74.5942173795565,False
171.0,14605.152970582685,560.4844974036859,14930.385509491673,675.9711815769218,14524.496494499752,552.3227734342082,,-92.01747990021694,False,True,81.06837159010125,75.07282665797686,False
171.5,14646.709054259989,563.6812069573098,14973.672394238141,679.8494292175171,14565.67280838541,555.5609503202054,,,False,False,81.44207581648189,75.55220957798349,False
172.0,14688.2591240503,566.8858020288043,15016.956516105307,683.7332813239508,14600.235216363773,549.651608831815,9.269229702628088,-75.07500064017407,True,True,89.69518236537252,76.165390609863,False
172.5,14729.803513750008,570.096842290568,15060.236627007893,687.6145711920844,14641.34804939706,552.7955960772941,,,False,False,90.1315832237957,76.77888166634479,False
173.0,14771.342558885706,573.312921940093,15103.513401304916,691.4980291964657,14682.553262366016,558.3190854132026,,-88.42774455663626,False,True,90.04640087341915,77.31557323381473,False
173.5,14812.876596611997,576.5326723619941,15146.786216469254,695.3825410980504,14723.642164199493,561.4884623008678,,,False,False,90.49371350732095,77.85264074549757,False
174.0,14854.405965608788,579.7547645830408,15190.051523776368,699.2671305046524,14768.730353342084,564.7540125415463,6.196691745500391,-85.51642833460738,True,True,86.97892330378167,78.28906796567333,False
174.5,14895.93100597813,582.9779115117332,15233.308429792256,703.1496369914305,14809.835880020097,567.9153021222556,,,False,False,87.40281983637283,78.7250089063443,False
175.0,14937.452059140607,586.200869954951,15276.56459424795,707.0304761946238,14850.804102236832,577.017628736884,,-91.07928092782089,False,True,87.13323335483196,79.15226604623106,False
175.5,14978.969467731356,589.4224424052292,15319.829379852907,710.9141001207785,14891.888315589356,580.2407124152993,,,False,False,87.56386939820636,79.5790828400761,False
176.0,15020.483575495678,592.6414785932546,15363.096123430318,714.8011406385383,14948.060083671035,588.3935015677256,2.8539452847669384,-91.13928124322806,True,True,72.54796673156099,79.9250816129022,False
176.5,15061.99472718434,595.856876801256,15406.36376857257,718.6875360976574,14989.285819091712,591.655032133592,,,False,False,72.83021910329029,80.27150871321294,False
177.0,15103.503268448556,599.0675849340369,15449.638865451252,722.5707516125113,15030.297463523666,597.0391829509255,,-84.70819956124608,False,True,73.23390122959532,80.63640788347188,False
177.5,15145.009545734705,602.2726013455108,15492.91972076844,726.4518039382929,15071.518351069437,600.315616149321,,,False,False,73.51724616976931,81.00185696812481,False
178.0,15186.513906178796,605.4709754196982,15536.2057679097,730.3231023748928,15100.15198526304,614.0416414976658,5.3156513327730215,-92.8677129118823,True,True,86.7861607704774,81.523596339549,False
178.5,15228.016697500721,608.6618079062594,15579.493537097766,734.1849945507131,15141.204149474961,617.4192108430918,,,False,False,87.2531409229662,82.04681568009077,False
179.0,15269.518267898347,611.8442510117443,15622.781471266566,738.037997348934,15182.055247688055,621.9349305662749,,-81.93625126350888,False,True,88.04318098625399,82.57752348824619,False
179.5,15311.018965941443,615.0175082488422,15666.068117087256,741.8754631671766,15223.089723236293,625.2990524437088,,,False,False,88.52831114243679,83.10996809275623,False
180.0,15352.519140465507,618.1808340470012,15709.355729114093,745.7027454531807,15267.434480666774,625.3606670629213,1.7453482276343188,-75.3211331013578,True,True,85.38705601672076,83.58256525986067,False
180.5,15394.019140465507,621.3335331288642,15752.647244196427,749.5205640891724,15308.507671727892,628.6663455997849,,,False,False,85.82529594704499,84.05646379559117,False
181.0,15435.519314989571,624.4749596580135,15795.946801131882,753.3241838600094,15350.477978918641,628.5593089322517,,-73.36487908727808,False,True,85.13936075472269,84.50560333913445,False
181.5,15477.020013032667,627.6045161645433,15839.255277201284,757.1127404235929,15391.576745874616,631.7980319359007,,,False,False,85.54611316223931,84.95542440568346,False
182.0,15518.52158343029,630.7216522559733,15882.568611594821,760.8817903783723,15423.86636020694,636.7392155041838,1.9533873393613572,-77.80575972709605,True,True,94.84630910535603,85.60016535995786,False
182.5,15560.024374752216,633.8258631219705,15925.896353054677,764.6341608219678,15464.875150935248,639.966372878148,,,False,False,95.3471585997049,86.24677433265441,False
183.0,15601.528735196307,636.9166878422706,15969.239277948569,768.3780689920019,15501.549254007838,655.1992046044859,,-92.04089168370493,False,True,101.63733112334364,86.98482519920482,False
183.5,15643.035012482458,639.993707508056,16012.589007842524,772.1072040640263,15542.487747668216,658.5292320026961,,,False,False,102.24146971711994,87.72540706013393,False
184.0,15684.543553746675,643.0565431678851,16055.947862033463,775.8151924705554,15588.003056444732,666.0259469495626,-1.751279786202809,-81.13749346481939,True,True,99.23538244694895,88.41651662431556,False
184.5,15726.054705435336,646.1048536100324,16099.31371878135,779.5107451841499,15628.98161221575,669.3601405310756,,,False,False,99.81980663675124,89.11028760590911,False
185.0,15767.568813199656,649.1383329938249,16142.68163909787,783.1960998423357,15667.076990288559,678.5824863105956,,-81.62046044448955,False,True,104.71659198301299,89.8682210719368,False
185.5,15809.086221790403,652.1567083432233,16186.053753342487,786.8673065636837,15708.002513578438,681.9549255257909,,,False,False,105.38429585636172,90.62943471638971,False
186.0,15850.607274952883,655.1597369164942,16229.431748013874,790.5262870332754,15739.719972064933,674.7098597053475,0.6113160455525519,-53.4615185339874,True,True,112.59751881290794,91.49183729190511,False
186.5,15892.132315322224,658.1472034663606,16272.82312498204,794.1700308403637,15780.58664933538,677.9574977967545,,,False,False,113.29114423424822,92.35662382403774,False
187.0,15933.661684319017,661.1189174054861,16316.23041207191,797.7933360081247,15822.141590278494,680.1042556202422,,-68.16977771448086,False,True,113.12459698021365,93.20913755436248,False
187.5,15975.195722045308,664.074709892558,16359.64025303684,801.3962031316659,15863.024106425722,683.299095541105,,,False,False,113.80706636352616,94.06406159521389,False
188.0,16016.734767181006,667.0144308545597,16403.046920192264,804.9766299962259,15916.395815398859,682.1890900977759,-5.360503533483975,-62.802838395307546,True,True,101.47992672389817,94.75101958148025,False
188.5,16058.279156880713,669.9379459610917,16446.45289962817,808.5388496336901,15957.403938351557,685.2874140734251,,,False,False,102.03634590005912,95.44085001028205,False
189.0,16099.829226671027,672.8451335667869,16489.862605884566,812.0885764214535,16002.748519437317,683.2762398539165,,-57.112885867696434,False,True,97.63949864358557,96.00612535292308,False
189.5,16141.385310348329,675.7358816379832,16533.285206458007,815.6233211579498,16043.82132790384,686.2911415111911,,,False,False,98.13329802579578,96.57394455198633,False
190.0,16182.94773987712,678.6100846798574,16576.718903792364,819.1425517701567,16089.218663126756,691.7018488954868,-6.599297218326408,-70.3857574357856,True,True,94.638967232072,97.07980615862846,False
190.5,16224.51684528889,681.4676406801951,16620.158296997477,822.647992941995,16130.334791467207,694.7053087921663,,,False,False,95.10780787670997,97.58787786713854,False
191.0,16266.092954581589,684.3084480858616,16663.604872757245,826.1406019582452,16174.605194306328,694.9443633832109,,-56.59832071816389,False,True,92.10392485880229,98.04777329795397,False
191.5,16307.676393619719,687.1324028278649,16707.0615097036,829.618114794329,16215.768113793914,697.8883651761145,,,False,False,92.53552089103555,98.50958838471625,False
192.0,16349.267486035067,689.9393954106441,16750.536075781605,833.079203802912,16265.510608752167,697.7226670858281,-7.767097384193983,-55.59525304183961,True,True,84.11773778551397,98.96322984344819,False
192.5,16390.86655312813,692.7293080809004,16794.03109447507,836.5251558537694,16306.797966646536,700.5945426943288,,,False,False,84.43571015001527,99.418548999791,False
193.0,16432.473913770238,695.5020120908863,16837.547217353076,839.9604123688055,16348.903959715235,702.9485634984635,,-56.39745084592167,False,True,83.90106285751702,99.85497658267315,False
193.5,16474.089884306435,698.2573650706166,16881.089470773524,843.3841259237378,16390.238588152344,705.790514863772,,,False,False,84.18900291918884,100.29281834866066,False
194.0,16515.714778459096,700.9952085229288,16924.658075513533,846.7926846967642,16437.3765163394,708.840227432616,-10.854368660395751,-64.44937505470011,True,True,78.73009357055182,100.68032752126149,False
194.5,16557.348907232383,703.7153654547348,16968.251607746133,850.1893269677062,16478.810866143936,711.6492390777347,,,False,False,78.93776186766522,101.06857501865261,False
195.0,16598.992578817502,706.4176381571524,17011.86776886383,853.5732886792142,16522.045264986587,713.6545807202042,,-50.90415188067085,False,True,77.28688403250725,101.44111189300281,False
195.5,16640.646098498823,709.1018061464928,17055.50078983683,856.9438662151093,16563.530311379007,716.4260471738121,,,False,False,77.46282417866647,101.81411114193901,False
196.0,16682.309768560892,711.7676242773176,17099.14798003149,860.2986129300314,16599.226942068577,721.4307915387079,-5.7847866367658165,-42.65316439964256,True,True,83.6428888757059,102.19980358598868,False
196.5,16723.98388819635,714.4148210379603,17142.81531321965,863.6311045508992,16640.67270641,724.1895425762237,,,False,False,83.8826453552155,102.5854506822208,False
197.0,16765.668753414804,717.0430970380437,17186.501786209028,866.9374497727006,16687.725240064316,725.2610880306719,,-42.59650883014812,False,True,78.37554879790443,102.91600682077318,False
197.5,16807.364656952643,719.6521236966157,17230.203596819752,870.2277089476777,16729.25679965666,727.9541018482223,,,False,False,78.54782118301655,103.24578336454037,False
198.0,16849.07188818388,722.2415421385792,17273.921192318332,873.50623029007,16780.158363427767,727.7262688142891,-11.253870578116402,-38.94620855192854,True,True,69.13144090078485,103.3880626773233,False
198.5,16890.790733032,724.8109623061056,17317.655157961777,876.7671183512728,16821.814749039677,730.3505450000704,,,False,False,69.1980732689334,103.52768755342012,False
199.0,16932.521473882876,727.3599622907079,17361.40857166655,880.0094601767563,16849.355087690077,735.1952905056138,,-57.4758702220642,False,True,83.53466442504636,103.79632073328662,False
199.5,16974.264389498738,729.8880878906107,17405.188559568913,883.2313905783608,16890.90274229039,737.8141854173482,,,False,False,83.73760951503527,104.06334135539886,False
200.0,17016.019754933262,732.3948523969851,17448.990457424665,886.4334639322254,16932.36841557554,740.8766358522718,-11.360828282024041,-41.19178990669918,True,True,84.08024278582467,104.2809662462451,False
200.5,17057.787841447796,734.8797366115434,17492.801390908615,889.6131609161739,16973.93544895089,743.4556437417167,,,False,False,84.28979719135856,104.49630425764295,False
201.0,17099.568916428714,737.3421890968904,17536.623681129742,892.7708996545791,17013.66887201334,746.1229541291369,,-40.799891610957545,False,True,86.34766624011893,104.71666118770217,False
201.5,17141.363243305987,739.781626659932,17580.46471551317,895.907746214928,17055.23829181538,748.6600710693334,,,False,False,86.58137238684701,104.93499791723269,False
202.0,17183.171081472927,742.1974350675389,17624.323098907058,899.0164001568321,17100.176467351026,750.3812760126588,-13.000887977528167,-34.19135263101768,True,True,83.39712960203255,105.25144585803142,False
202.5,17224.99268620717,744.5889699925619,17668.19219700774,902.0998943646727,17141.799665488827,752.8521737229861,,,False,False,83.60238771789459,105.5672990233243,False
203.0,17266.82830859293,746.9555581872085,17712.07582192919,905.1607269414087,17190.835021782274,755.5455398466345,,-27.93027580490671,False,True,76.47723468585791,105.8070311582037,False
203.5,17308.678195444503,749.2964988797047,17755.983248151548,908.194771076244,17232.558973113148,757.9591175778834,,,False,False,76.61055391419887,106.04574807377432,False
204.0,17350.542589231096,751.6110653891113,17799.91976508804,911.2063589459545,17278.842891735883,750.7835661308168,-16.837341687504484,-29.159911375591662,True,True,71.70447249598504,106.24672186538402,False
204.5,17392.421728002962,753.8985069521178,17843.88875114621,914.1990020605532,17320.69110492714,753.0615944913208,,,False,False,71.73550522100417,106.44605216593591,False
205.0,17434.315845318884,756.1580507546295,17887.88147862117,917.1674482702671,17367.542350017367,755.9037525770294,,-24.162378672203822,False,True,66.77397953053898,106.60756830754237,False
205.5,17476.22517017504,758.3889041599784,17931.89768831413,920.1054347041157,17409.476409802253,758.1240897806664,,,False,False,66.74928567377395,106.76635359143701,False
206.0,17518.14992693524,760.5902571246463,17975.940442740997,923.0143313401762,17456.30841879389,757.5029480394926,-15.98291407627885,-21.303200422383547,True,True,61.918523937377984,106.86869841136232,False
206.5,17560.09033526259,762.7612847914792,18020.007150953435,925.895654248988,17498.34037076076,759.63303096271,,,False,False,61.8291524120647,106.96784200799192,False
207.0,17602.046610052577,764.9011502495155,18064.098185359137,928.7476602289254,17546.732609079594,762.9308842799387,,-17.460392957773216,False,True,55.34907995287779,107.01866374502418,False
207.5,17644.01896136761,767.0090074487342,18108.203992124483,931.5713089452806,17588.85401403192,765.0038320244632,,,False,False,55.20137808996591,107.06617430410662,False
208.0,17686.007594373026,769.0840042572693,18152.32414021216,934.3657295235905,17628.04879390829,761.1641288081613,-17.315933276858004,-19.649686120313543,True,True,58.49741001480876,107.18043960042264,False
208.5,17728.01270927461,771.1252856479307,18196.466131028898,937.1225708309424,17670.188179290933,763.1179397962013,,,False,False,58.376312451391556,107.29258354312564,False
209.0,17770.034501257604,773.131997000225,18240.63003659294,939.8452340558953,17725.51913648792,768.2888300831695,,-7.259887601285705,False,True,44.77805228417545,107.31881338807469,False
209.5,17812.073160427237,775.1032875034809,18284.821294870802,942.5391783500096,17767.817433626322,770.190355837786,,,False,False,44.52758978688397,107.34197539153732,False
210.0,17854.12887175084,777.0383136461654,18329.049893714695,945.1983680251232,17813.89420360691,786.453798097889,-14.549304166585253,-13.448553659204505,True,True,41.32166342383678,107.3541876095145,False
210.5,17896.20181500149,778.936242776019,18373.311376443486,947.82649141798,17856.251677422308,788.4086001149152,,,False,False,41.057752570631514,107.3640043001272,False
211.0,17938.292164703245,780.7962567152509,18417.59625618692,950.4249841251773,17902.353991136766,791.4382131341598,,-7.139464179985178,False,True,37.48070911437433,107.3513331933866,False
211.5,17980.400090078,782.6175554147203,18461.904953828096,952.9795003958496,17944.784735861052,793.3223343848911,,,False,False,37.189323048409065,107.33633718159686,False
212.0,18022.525754993927,784.3993606307808,18506.238745108134,955.4886253617418,18007.145216143515,793.4665780229017,-19.51599261606701,8.207444138353493,True,True,17.85428258331869,107.01140259488321,False
212.5,18064.66931791556,786.1409196082985,18550.593734400692,957.958187092319,18049.808949189002,795.2260923431222,,,False,False,17.417546391808756,106.67899504483552,False
213.0,18106.830931855522,787.8415087532493,18594.963828365675,960.3930608601518,18079.54808733034,792.5496856215876,,-9.381209795263924,False,True,27.686107252715928,106.3468794132492,False
213.5,18149.010744327934,789.5004372782827,18639.35168859239,962.7878964134343,18122.13111897503,794.2079612738312,,,False,False,27.288734695495123,106.00660490713636,False
214.0,18191.208897303455,791.1170508046843,18683.757296196763,965.1345712783274,18152.358251568246,803.9885556900732,-16.802747769187164,-11.0374686763709,True,True,40.927354080825694,105.61246864544114,False
214.5,18233.42552716606,792.6907349042967,18728.18435405884,967.4388116363966,18194.836448622696,805.6376060540069,,,False,False,40.70305216311142,105.20835539875522,False
215.0,18275.660764671473,794.2209185651553,18772.637316016026,969.7028674509419,18224.701712790637,802.631947383519,,-3.6552006992235464,False,True,51.648527320506574,104.8666572528515,False
215.5,18317.91473490736,795.7070775648654,18817.116807667095,971.9225436635998,18267.121108217183,804.1688329958585,,,False,False,51.49362890023479,104.51555026105594,False
216.0,18360.18755725521,797.148737736091,18861.623628137208,974.0921726758002,18294.91838824566,793.0852039516705,-20.770273196435895,1.2889260682150665,True,True,65.39554059730824,104.21584157618413,False
216.5,18402.47934535398,798.5454781089376,18906.15597968094,976.2186523680748,18337.28269378275,794.4358154225218,,,False,False,65.32604919552772,103.90621445242607,False
217.0,18444.79020706547,799.8969339154908,18950.71723481366,978.3039959316602,18366.6438079802,790.712234613129,,2.266572033131906,False,True,78.68429570930503,103.71555283265553,False
217.5,18487.12024444148,801.2027994423228,18995.303738605162,980.3448100405577,18408.947921168285,791.9462328221706,,,False,False,78.71846131322981,103.5161251090613,False
218.0,18529.469553692714,802.4628307173871,19039.909084211085,982.3477163550382,18479.469797172143,791.8281592398637,-22.401686153910525,33.79024510964952,True,True,51.11821485098212,102.89861172285974,False
218.5,18571.838225159474,803.6768480183956,19084.52816629028,984.3153249349467,18522.062390987314,792.9422738933029,,,False,False,50.920180176247335,102.26403563465995,False
219.0,18614.226343284143,804.8447381905038,19129.162869727053,986.2428802316466,18548.769371050217,787.5323815512259,,8.439959585288225,False,True,67.70770197280706,101.75166068164782,False
219.5,18656.633986585468,805.9664567619129,19173.822653119685,988.1222607545893,18591.267904321572,788.5183460023646,,,False,False,67.65472104449074,101.22360900695944,False
220.0,18699.061227634633,807.0420298468373,19218.512080360073,989.9541643297051,18612.32440211679,768.7746605259138,-23.0894863773387,14.27036799397555,True,True,94.80331458159543,101.13363282644275,False
220.5,18741.508133033163,808.0715558261705,19263.22567554632,991.7394970880152,18654.730060074584,769.5144947489187,,,False,False,94.95831140726673,101.03577288735734,False
221.0,18783.97476339263,809.0552067971113,19307.95875455244,993.4796608306395,18698.169398199596,770.6315923587262,,23.829926570674512,False,True,94.01560956787854,100.96081169868035,False
221.5,18826.461173316187,809.9932297839794,19352.71164425676,995.1755175214089,18740.614283869418,771.2793762174654,,,False,False,94.17245290240335,100.87759639626358,False
222.0,18868.96741138195,810.88594770346,19397.488372605963,996.8280114136865,18785.149106290715,774.5556542927834,-21.869519796971584,27.033155823217342,True,True,91.35315258748886,100.69659950487306,False
222.5,18911.493520128184,811.7337600785448,19442.2935352105,998.4371617824179,18827.64955913296,775.1315530528424,,,False,False,91.48514280756903,100.5059979627007,False
223.0,18954.039536040353,812.5371434965047,19487.125516042583,1000.0037267328835,18871.79823104831,776.3526677036134,,31.321840983204996,False,True,89.84958839750252,100.27956171038697,False
223.5,18996.605489540005,813.296651807312,19531.989410302856,1001.5297670281112,18914.36220435434,776.8444699523892,,,False,False,89.9595437967253,100.04275918515762,False
224.0,19039.191404975507,814.0129160600314,19576.884831242973,1003.0117170759398,18970.93127834156,793.1655009039974,-21.360689343397322,36.46301960130608,True,True,71.37268109557498,100.10249837692187,False
224.5,19081.797300614628,814.6866441758117,19621.802421520668,1004.4537173308826,19013.62369177491,793.6823747722966,,,False,False,71.33596761386562,100.15976343773546,False
225.0,19124.423188638968,815.3186203572304,19666.73317476444,1005.8617063791258,19060.76144292311,796.053713690616,,40.383726383736565,False,True,66.5128145282083,100.18397737833077,False
225.5,19167.069075140258,815.9097042348693,19711.685264768785,1007.2362418855556,19103.515742149662,796.509374795038,,,False,False,66.44846812822341,100.20530888426063,False
226.0,19209.7349601185,816.4608297531145,19756.67133221292,1008.5749922795338,19158.45295803988,804.2334370666524,-22.95127280407879,47.43430305387804,True,True,52.71956818014124,99.9733001843295,False
226.5,19252.42083748197,816.9730037982919,19801.685746657986,1009.8750451649112,19201.351767774497,804.6557823695474,,,False,False,52.53345433636841,99.73465739328,False
227.0,19295.12669504905,817.4473045733457,19846.727171251157,1011.1328010268277,19263.11817359597,812.9936836677696,,56.69999307825654,False,True,32.31687151911406,99.37631339617766,False
227.5,19337.852514551985,817.8848797243498,19891.795661143464,1012.3517147699778,19306.212030333478,813.3734484197925,,,False,False,31.960495208888137,99.01016870519746,False
228.0,19380.5982716424,818.2869442252052,19936.89161158455,1013.5352813340807,19385.63840780109,844.250800425195,-21.647396156349384,62.46087476943966,True,True,26.448531174185653,98.63678291776412,False
228.5,19423.363935898753,818.6547780279061,19982.004911207106,1014.6875869209201,19429.013198589597,844.763528965104,,,False,False,26.71293777274961,98.25887635423302,False
229.0,19466.149470835575,818.9897234867622,20027.125802779396,1015.8070374042774,19442.598688166432,832.9654673324702,,36.596655243034874,False,True,27.385411816696184,97.85420560897676,False
229.5,19508.9548339146,819.2931825659267,20072.259445123716,1016.887926761042,19485.756556998593,833.3413636216054,,,False,False,27.120314209920576,97.44262950884136,False
230.0,19551.77997655772,819.5666138405091,20117.411798574543,1017.9330352056223,19490.553326407025,806.0856110767083,-25.65337425921084,41.04742060728799,True,True,62.69322231464056,97.26417394737071,False
230.5,19594.624844161775,819.8115293024279,20162.583804224003,1018.9493128838855,19533.47667350642,806.2196167903616,,,False,False,62.64055284104941,97.08087978559158,False
231.0,19637.489376115198,820.0294909829959,20207.778030118683,1019.9365389280504,19580.326363698456,807.8735005600048,,62.72396432993944,False,True,58.441236226832864,96.86895436183912,False
231.5,19680.37350581646,820.222107405008,20252.996298981994,1020.8876832479449,19623.319086505944,807.9465406916298,,,False,False,58.360057410825014,96.65183490959552,False
232.0,19723.27716069438,820.3910298778279,20298.23917289719,1021.8129485103399,19681.315596835084,808.5566367950739,-25.33751339313867,77.1710680993803,True,True,43.598459848426145,96.23706137740461,False
232.5,19766.20026223021,820.5379486496353,20343.507413299874,1022.724133505263,19724.482755516005,808.572968533924,,,False,False,43.39943681223436,95.81398380847618,False
233.0,19809.142725981565,820.6645889316025,20388.799873024826,1023.6152126412464,19774.267055130662,811.0710285954406,,73.00933379893512,False,True,36.171104727725435,95.35081412898586,False
233.5,19852.10446160814,820.7727068093083,20434.111620260534,1024.4854692467984,19817.52311957789,811.0546634384223,,,False,False,35.92087949329238,94.87860452281204,False
234.0,19895.085372899237,820.86408505717,20479.443514815714,1025.3392374997572,19808.915444202514,768.188995200495,-28.159554795292316,52.65014134890859,True,True,100.99466175500142,95.05921383700655,False
234.5,19938.085357803055,820.9405288720815,20524.798321672086,1026.177082404164,19851.86568957654,767.8621625082009,,,False,False,101.24793412681719,95.23792908266935,False
235.0,19981.10430845779,821.0038615427794,20570.16903367932,1027.0001101551175,19908.152403045893,772.3239804847123,,84.61656751836117,False,True,87.70240203696807,95.24473135920513,False
235.5,20024.142111224493,821.0559200717204,20615.56187098289,1027.8106522530986,19951.237300946468,771.9862780321245,,,False,False,87.88026588244334,95.24852564182888,False
236.0,20067.198646721667,821.098550766443,20660.988121230796,1028.6109399730292,19980.732496830078,752.7248157872115,-27.602562043401736,79.17242421808352,True,True,110.23321963947545,95.71818614157822,False
236.5,20110.27378986165,821.1336048175042,20706.445517850185,1029.398479819167,20023.805615273595,752.2278974587696,,,False,False,110.5655539632393,96.18774270741268,False
237.0,20153.367409888713,821.1629338801172,20751.929789775186,1030.1815547134136,20066.73031116084,751.6654585254955,,83.24438776526392,False,True,111.06703361776255,96.65853285160232,False
237.5,20196.47937041889,821.1883856765882,20797.441598804497,1030.964730471318,20109.848779449956,751.1578183624797,,,False,False,111.39631793718495,97.12916400969323,False
238.0,20239.60952948151,821.2117996365371,20842.982626606034,1031.7419418632437,20130.775167085798,733.2955474241727,-27.588853549407148,77.28990903737494,True,True,139.90777619971365,97.9330174624121,False
238.5,20282.757739562465,821.2350025917076,20888.548964682424,1032.5197683836002,20173.79188712503,732.6688397083005,,,False,False,140.4190948742625,98.73441869678405,False
239.0,20325.923847649123,821.259804541913,20934.135896547232,1033.3004262162635,20224.213694163278,734.3557133486764,,96.14887779369266,False,True,133.78070260032453,99.40115982384165,False
239.5,20369.107695276954,821.2879945083404,20979.74565224304,1034.082124077544,20267.32375856088,733.73518448839,,,False,False,134.25894501228325,100.06622537244765,False
240.0,20412.309118577785,821.3213364900324,21025.3770408968,1034.8655103688186,20318.027370270618,744.1972791974639,-25.544172320128368,94.56151482817123,True,True,121.80791549453313,100.55599196183726,False
240.5,20455.527948329727,821.3615655389038,21071.025722267917,1035.6496913002795,20361.20486790633,743.6484882269102,,,False,False,122.21360761330367,101.04492876737726,False
241.0,20498.764010008712,821.4103839681108,21116.693851341497,1036.4366003710572,20415.675022618274,746.2682248814815,,107.54882967186202,False,True,112.02733549347971,101.3859282476429,False
241.5,20542.017123841666,821.4694577079964,21162.38349124285,1037.239613272864,20458.975478221357,745.7429389321879,,,False,False,112.38514382796289,101.72648032439305,False
242.0,20585.287104861258,821.540412823174,21208.091263681545,1038.0619978101317,20514.888794143157,759.4891163010738,-25.337477146992665,105.53930383680594,True,True,93.8418113211586,101.714349391423,False
242.5,20628.573762962256,821.6248322035922,21253.81672776814,1038.8911135743463,20558.289797168673,759.0773664581366,,,False,False,94.0851811862665,101.69904680169464,False
243.0,20671.876902959422,821.7242524416483,21299.56256790426,1039.7265525175196,20586.72102388509,755.0141645461682,,93.78845762981192,False,True,108.17467156384203,101.78681475517534,False
243.5,20715.196324646975,821.8401609065974,21345.323181127627,1040.5766382379984,20630.02934644876,754.6076272057576,,,False,False,108.50634895364429,101.87122846853477,False
244.0,20758.53182285957,821.9739930266193,21391.100077075964,1041.4445113922486,20666.796858729234,745.2278628802202,-27.70739209036055,109.38179963507805,True,True,119.60464930947406,102.15570957942604,False
244.5,20801.883187534808,822.1271297879972,21436.904892832197,1042.3316037593684,20710.108084691325,744.792440696625,,,False,False,120.01384769596845,102.43823882543919,False
245.0,20845.250203777196,822.3008954598951,21482.732935159085,1043.24724474381,20760.258972039945,745.8179354586252,,119.65395620632695,False,True,114.33788804578703,102.57209818377618,False
245.5,20888.632651923628,822.4965555522282,21528.57893386347,1044.1974509586964,20803.65872604604,745.442480666012,,,False,False,114.70788349377057,102.7022624396829,False
246.0,20932.030307610294,822.7153150130935,21574.445600610292,1045.1823744250837,20831.221506732116,720.8619886854207,-29.615077864466922,118.15605549147114,True,True,143.3056677822183,103.19920782821555,False
246.5,20975.442941841015,822.958316671172,21620.34051128002,1046.1951580471716,20874.587976892497,720.379398661878,,,False,False,143.85464321572726,103.69383205588447,False
247.0,21018.870321057006,823.2266399274405,21666.263710379546,1047.2269943084464,20932.382582933715,722.463049325881,,134.74389825506378,False,True,132.7909260326233,103.99703305618635,False
247.5,21062.31220720802,823.5212996994311,21712.20435652879,1048.287884187812,20975.904674854555,722.0238765317613,,,False,False,133.2966187008953,104.29808454240055,False
248.0,21105.768357824847,823.8432456201774,21758.15628283162,1049.3798168506753,21018.158736793535,709.0922295797958,-28.75641214754305,133.19942393048805,True,True,144.37188569645397,104.95425662714807,False
248.5,21149.23852609319,824.1933614928644,21804.11820454998,1050.4954081904118,21061.715911921772,708.6084918443293,,,False,False,144.9829992898063,105.6102717654206,False
249.0,21192.722460928842,824.572465001085,21850.091711297686,1051.6412218014993,21101.942615734966,707.690785694235,,125.95033389466252,False,True,147.99428114293275,106.37002420166795,False
249.5,21236.219907054154,824.9813076734927,21896.082282878106,1052.8221458546884,21145.493941207427,707.2649761169566,,,False,False,148.6214506521508,107.12981883061664,False
250.0,21279.73060507582,825.4205751005269,21942.091785580473,1054.0331502923175,21199.49449299996,725.600288633129,-25.064522998959177,130.26378988685494,True,True,128.06999364208454,107.58133320395437,False
250.5,21323.254291563873,825.890887399796,21988.121245023744,1055.268413427458,21243.120068263386,725.348403634245,,,False,False,128.57015511275713,108.03333491438732,False
251.0,21366.790699131936,826.3927999256217,22034.175925122785,1056.5360344049864,21289.64181013082,725.3832400505727,,139.3504960849735,False,True,127.10185781591775,108.4946727795909,False
251.5,21410.33955651866,826.9268042171897,22080.250125025686,1057.8393293312538,21333.32918983978,725.1910764014397,,,False,False,127.59606142125095,108.95681681856038,False
252.0,21453.900588670367,827.4933291787247,22126.338753272503,1059.1760713761432,21390.4078777197,743.2250455057573,-24.74257636114178,141.11114469965761,True,True,105.5105112159579,109.19894326159098,False
252.5,21497.473516824833,828.0927424841046,22172.445343625197,1060.5419365033915,21434.19032593383,743.2080330025943,,,False,False,105.87811933118077,109.44196844402751,False
253.0,21541.058058596183,828.7253521973632,22218.570838719625,1061.9360649990645,21479.140988370684,743.2591504708267,,144.85153698537198,False,True,105.53764836716083,109.68552474268714,False
253.5,21584.653928060932,829.3914085996106,22264.71205889294,1063.3699205960675,21522.961387758667,743.3029445394516,,,False,False,105.91125140032997,109.93035355095145,False
254.0,21628.260835845067,830.0911062120149,22310.867744996798,1064.8455694599218,21574.155142831485,757.0151912374904,-24.801393537477974,144.77537952160694,True,True,90.92587841667464,110.05282312758004,False
254.5,21671.87848921219,830.8245860036586,22357.038377599813,1066.3600118111249,21618.028182360922,757.2256384141631,,,False,False,91.19572706139884,110.17612582170119,False
255.0,21715.50659215271,831.5919377722992,22403.217920373452,1067.914877174547,21668.76990594363,757.3610853007197,,158.532551779988,False,True,87.71851170912139,110.27779075616822,False
255.5,21759.144845473977,832.3932026853386,22449.4000717458,1069.5099656789575,21712.70698729212,757.63810433351,,,False,False,88.0045419402304,110.38072072331941,False
256.0,21802.792946891448,833.2283759676369,22495.585951959103,1071.145680681079,21756.307073774013,768.7357841464619,-24.698752129137844,144.82139882031908,True,True,79.49987924080759,110.34084782764856,False
256.5,21846.450591120745,834.0974097221963,22541.778161094753,1072.8206070326169,21800.21966267929,769.1665947495616,,,False,False,79.7076500567509,110.30054223397045,False
257.0,21890.117469970668,835.0002158692004,22587.97847185956,1074.537037890645,21833.5862340307,770.3975566826892,,143.83284744975268,False,True,85.844535125242,110.37291524051486,False
257.5,21933.79327243706,835.9366691884143,22634.190737140692,1076.2958577986722,21877.42131247639,770.9243043756463,,,False,False,86.04885500897633,110.44571756537445,False
258.0,21977.477684797534,836.9066104495411,22680.413179330466,1078.090311722759,21894.420987995916,753.2371877193505,-28.182809235088026,142.89438726223688,True,True,117.89396584897436,110.98200002173542,False
258.5,22021.170390707055,837.9098496147932,22726.643510552385,1079.9152745592253,21938.08255419854,753.7205598998344,,,False,False,118.28535445428172,111.52056192296598,False
259.0,22064.871071294296,838.9461690976661,22772.888824469832,1081.7655645175732,21986.450628816645,753.6969877522951,,168.5991649514088,False,True,115.83258918994474,111.89583911743242,False
259.5,22108.57940525875,840.0153270617095,22819.15103027114,1083.644422350082,22030.17707310871,754.2197614777021,,,False,False,116.22308187466601,112.27314803191734,False
260.0,22152.29506896864,841.1170607429668,22865.424971693315,1085.5592772701189,22072.066181361366,761.866745077276,-24.579111121022255,157.49106328350047,True,True,112.77094900643648,112.60017241442574,False
260.5,22196.017736559457,842.251089779709,22911.7059380415,1087.5023708519793,22115.771820776063,762.5020124080319,,,False,False,113.13409009467217,112.92894511979753,False
261.0,22239.747080033252,843.4171195331115,22957.993892982835,1089.4775705801428,22158.960704983634,763.2552741352725,,167.9010350032103,False,True,113.80843488619195,113.24537465196818,False
261.5,22283.482769358532,844.6148443826278,23004.2928676046,1091.4873859999773,22202.671802323803,763.9532295319532,,,False,False,114.17840646727686,113.56344117936789,False
262.0,22327.224472570804,845.8439509799836,23050.6021957916,1093.5230701688483,22253.197258170476,769.9229324996785,-24.04549535548065,175.41129722780744,True,True,106.0378683252309,113.80905435596722,False
262.5,22370.971855873682,847.1041214459644,23096.920866382206,1095.590325955339,22296.965619483977,770.7043182969452,,,False,False,106.3665969455533,114.05616758990247,False
263.0,22414.72458374057,848.395036494487,23143.253786711797,1097.691244692299,22338.884441541722,771.9473406035831,,171.91654185180545,False,True,107.68461995925786,114.38375246596003,False
263.5,22458.482319016868,849.7163784688341,23189.59481580899,1099.8320998712088,22382.65086643712,772.8023736043896,,,False,False,108.0100613120935,114.71322744918575,False
264.0,22502.244723022664,851.0678342753874,23235.948744102945,1102.009745204755,22433.154130845494,774.7565571621277,-23.89249372336448,184.9134121491763,True,True,102.94134709653235,115.0224250749283,False
264.5,22546.01145565591,852.449098200719,23282.31869430862,1104.2157174278102,22476.995770197605,775.6725622665274,,,False,False,103.23662775068617,115.33397912788726,False
265.0,22589.782175496017,853.8598745984863,23328.696457603855,1106.4514444915676,22525.091930653904,775.3629188484973,,186.94863866540814,False,True,101.71823749823967,115.6658604177469,False
265.5,22633.556539907855,855.299880433224,23375.078567181074,1108.719339679301,22568.97657156959,776.3223334143601,,,False,False,102.01972967856823,116.00042471120263,False
266.0,22677.33420514612,856.768847668835,23421.462594348,1111.0167121119914,22626.912154826176,804.2067488124618,-19.68864626014191,175.93684374875497,True,True,72.83651141188749,116.0829681027535,False
266.5,22721.114826460045,858.2665254903402,23467.84992964052,1113.3444185323463,22670.855300513227,805.4032889955354,,,False,False,72.94204357642127,116.16693486018019,False
267.0,22764.898058198414,859.7926823482637,23514.241619497592,1115.7045858117096,22726.101166794797,802.3633089709218,,204.39244200027252,False,True,69.30607267114638,116.26439930013026,False
267.5,22808.68355391485,861.3471078158882,23560.647172861558,1118.091058975757,22770.15879695633,803.5722455715236,,,False,False,69.4412817138931,116.36374527623177,False
268.0,22852.470966473342,862.9296142505223,23607.06782655332,1120.5095578824275,22815.846259871614,807.4759729501326,-22.103766105670665,188.16274503586888,True,True,66.45656827684466,116.41937469514383,False
268.5,22896.259948154002,864.5400382508647,23653.493582974195,1122.9635876122468,22859.92594733244,808.7661021921995,,,False,False,66.5649424184943,116.47657442203821,False
269.0,22940.05015075896,866.178241903533,23699.921826061967,1125.4433424982208,22907.442051775208,808.5162751966021,,197.2062623439903,False,True,66.24341872099816,116.6097017944968,False
269.5,22983.84122571845,867.8441138128352,23746.34907253399,1127.9447144855537,22951.548835865928,809.8348084349161,,,False,False,66.39185155435837,116.74502263102924,False
270.0,23027.632824196975,869.5375699089002,23792.777249988238,1130.465009331542,22976.923670371558,794.7385823111649,-24.757790801640613,185.6148044770263,True,True,90.36762045852473,117.10465242032197,False
270.5,23071.424597199562,871.2585540303471,23839.209235553928,1133.0084149661188,23020.9065970421,795.9923816917088,,,False,False,90.64802832063694,117.46719936082327,False
271.0,23115.216195678084,873.0070382787469,23885.639411021533,1135.5791352333204,23066.466651604136,796.4525716750394,,198.781272344043,False,True,90.75849494342626,117.84525945624308,False
271.5,23159.007270637576,874.7830231432237,23932.07141492132,1138.1725345217594,23110.457641156292,797.7439431388815,,,False,False,91.06089375074994,118.22633650223652,False
272.0,23202.797473242535,876.5865373946384,23978.51573239564,1140.7871299405524,23159.408373959468,805.509294477234,-20.062726460015917,197.92529077303513,True,True,83.27417605317751,118.59009250800588,False
272.5,23246.586454923196,878.4176377498992,24024.967957293382,1143.4262838028278,23203.441618965706,806.884258325682,,,False,False,83.53742419806655,118.9559826172007,False
273.0,23290.373867481692,880.2764083080389,24071.420416445937,1146.0878247292703,23249.023693059644,807.3342030175946,,203.3486443418012,False,True,83.84749392419036,119.29830996327014,False
273.5,23334.159363198127,882.1629597607913,24117.875000683754,1148.7689389478578,23293.067482823895,808.7380554981182,,,False,False,84.14130494990472,119.64353235782751,False
274.0,23377.942594936496,884.077428381477,24164.329610767447,1151.4712559379825,23331.98730056878,807.4658342489254,-20.85884849996386,198.33588748630052,True,True,89.33770444752986,119.98619302386112,False
274.5,23421.723216250422,886.0199747970667,24210.778505914463,1154.1940814600732,23375.981978917,808.8913811898698,,,False,False,89.67207338194338,120.33210699248227,False
275.0,23465.50088148869,887.9907825493312,24257.222414043215,1156.947824594553,23418.078056005343,811.6687251888513,,200.14910452746776,False,True,89.85533271075438,120.62425934508141,False
275.5,23509.275245900528,889.9900564520011,24303.665296860574,1159.7424481899134,23462.04234688671,813.1726600280733,,,False,False,90.17682153746901,120.91968228527747,False
276.0,23553.045965740635,892.0180207518338,24350.114159464367,1162.5707582725286,23509.56716616001,825.3331034025695,-17.742798297363677,198.65955733094316,True,True,79.60706133786381,121.03058164233224,False
276.5,23596.81269837388,894.074917102437,24396.56799648349,1165.4183392814002,23553.546330117453,826.9607443113899,,,False,False,79.851680079553,121.14396394942491,False
277.0,23640.575102379673,896.1610023606004,24443.014289149356,1168.2890603132169,23595.64298118052,830.1378756832083,,203.22003061932142,False,True,79.86206090324886,121.15399864033216,False
277.5,23684.33283765597,898.2765462157461,24489.44671655917,1171.1941597083635,23639.576220822084,831.8317392902569,,,False,False,80.11283990585255,121.16589917580538,False
278.0,23728.08556552286,900.4218286639265,24535.86248631863,1174.1287257101221,23698.421597144086,849.3496557186439,-14.911729417272735,211.01337478094604,True,True,59.06198328307024,121.21291826826793,False
278.5,23771.83294882574,902.5971373385541,24582.268846474217,1177.0891452076555,23742.41741273256,851.1996252345298,,,False,False,59.219743448722454,121.26200588634725,False
279.0,23815.574652038016,904.8027647107604,24628.674025182492,1180.078477133046,23787.375978345222,852.1384640757177,,213.26896585982587,False,True,59.73854500580689,121.20746513115542,False
279.5,23859.3103413633,907.0390051729224,24675.076253175263,1183.1006106458137,23831.370861040486,854.0389563373367,,,False,False,59.913435365394854,121.15440969972124,False
280.0,23903.03968483709,909.3061520194902,24721.478552364013,1186.1517592103185,23870.74873722904,853.721446764447,-17.397368629300434,208.5322951356144,True,True,64.2834718704258,120.89322102346456,False
280.5,23946.762352427908,911.6044943397638,24767.8805691783,1189.2293600022679,23914.703422655894,855.6608543285478,,,False,False,64.47841371987595,120.6312341458227,False
281.0,23990.478016137797,913.9343138377316,24814.27698574663,1192.339428167292,23954.456840061866,862.3319337963975,,201.34939220531817,False,True,62.93115883108656,120.36764997615151,False
281.5,24034.186350102256,916.2958815944673,24860.672515951675,1195.4827238895473,23998.357631351962,864.3719654097838,,,False,False,63.08557806061299,120.10294219643198,False
282.0,24077.887030689493,918.6894547889025,24907.05937313985,1198.6661505288334,24058.248472305597,878.1740664692464,-12.51463379123639,222.0268808710195,True,True,45.02410094705091,119.75996041996586,False
282.5,24121.57973659902,921.1152733930365,24953.43635054447,1201.8937882647674,24102.235858441334,880.3710516391411,,,False,False,45.10296252476037,119.41506534643224,False
283.0,24165.264148959493,923.5735568578249,24999.809333335383,1205.1636626625805,24144.97688778381,884.2891054140861,,211.63253126298906,False,True,44.21358491737404,119.08104372379982,False
283.5,24208.939951425884,926.0645008060801,25046.169889623932,1208.476225142841,24188.929558150943,886.5818466089028,,,False,False,44.26393364209374,118.74524279568749,False
284.0,24252.60683027581,928.5882737487545,25092.518846040886,1211.82763931509,24245.48136291714,903.7235875228679,-11.076616679458466,214.06407068767848,True,True,25.865515772767207,118.50238414173916,False
284.5,24296.26447450511,931.1450138409192,25138.85814658287,1215.211379545785,24289.4875976314,906.1876905704976,,,False,False,25.86105266584819,118.25930247723028,False
285.0,24339.91257592258,933.7348256936368,25185.18517114211,1218.628276954904,24334.487349163162,906.9940176936742,,221.6017740765098,False,True,27.28559872683672,118.05656741324759,False
285.5,24383.550829243846,936.3577772577296,25231.503843406103,1222.087566825233,24378.477768611443,909.5182322984917,,,False,False,27.31477837726291,117.85404423364922,False
286.0,24427.178932184364,939.0138967951748,25277.816310479884,1225.5845533631987,24449.401562971998,944.4082409638493,-6.06737216173023,209.07466245012643,True,True,22.867974727412793,117.7293311876945,False
286.5,24470.796585551492,941.7031699535224,25324.11812257368,1229.1141583635526,24493.54356624183,947.2283914285933,,,False,False,23.408400263051835,117.60695474517073,False
287.0,24514.403493335627,944.4255369583196,25370.407489166886,1232.6842707760547,24537.82713002393,949.7371631828142,,219.44662753346992,False,True,24.018329018778182,117.58107230384093,False
287.5,24557.999362800376,947.18088993805,25416.683352601598,1236.2949325675195,24581.940507028834,952.635177140919,,,False,False,24.554584823596915,117.55789531709425,False
288.0,24601.583904571726,949.9690703955508,25462.945580322066,1239.9477809173793,24616.014007405327,942.4891072638047,-12.941366037598165,225.5577484662845,True,True,16.253544728476566,117.53378309893947,False
288.5,24645.15683272619,952.7898668392653,25509.197763818447,1243.6478838992234,24660.035067060362,945.382226482664,,,False,False,16.62031866587794,117.50955518381397,False
289.0,24688.7178648779,955.6430125870169,25555.438997577214,1247.3955974494756,24704.229180463604,947.7839310427072,,221.2146723209903,False,True,17.388676600575288,117.48475434465634,False
289.5,24732.266722264627,958.5281837542677,25601.663486851387,1251.1875052597602,24748.219892437704,950.763495426451,,,False,False,17.74243566704708,117.46143797870525,False
290.0,24775.803129832686,961.4449974380415,25647.870308306396,1255.0186308048412,24804.221502072083,959.6314628161929,-6.917556100952659,229.1259333250821,True,True,28.476179318187857,117.28840652891706,False
290.5,24819.32681632074,964.3930101068572,25694.060412338047,1258.886645367179,24848.262046205095,962.7241064851701,,,False,False,28.98331878441382,117.11710626945198,False
291.0,24862.837514342405,967.3717162061404,25740.238179565145,1262.7915779897855,24893.235432012596,961.5896583927355,,230.20068559297738,False,True,30.94294089515793,116.98039370729374,False
291.5,24906.33496046772,970.3805469876534,25786.405787098283,1266.7359288302055,24937.261174978732,964.724175865877,,,False,False,31.439231514914034,116.8457745262451,False
292.0,24949.818895303368,973.4188695705238,25832.561609012188,1270.714370811491,24983.211284974906,968.6882487628098,-7.293144655228944,222.54384698497032,True,True,33.72581298059782,116.80323190071078,False
292.5,24993.289063571712,976.485986240448,25878.70863496869,1274.7255676004604,25027.22692717771,971.8936259034032,,,False,False,34.24716571637228,116.76361514429749,False
293.0,25036.74521418854,979.581133992617,25924.838379201734,1278.7770707101135,25071.248328976242,974.9061125458494,,221.47522851419816,False,True,34.81839679797236,116.75826076205331,False
293.5,25080.187100339554,982.703484322856,25970.945913071788,1282.8639348073661,25115.2209675181,978.1842177796766,,,False,False,35.32415065606458,116.75589016807703,False
294.0,25123.61447955555,985.8521432703882,26017.04087175827,1286.9797981607494,25151.117951203727,973.1557437247181,-7.909420695085895,224.98262105514831,True,True,30.29256532757598,116.23714913746667,False
294.5,25167.02711378627,989.0261517145392,26063.1220885718,1291.121616859487,25195.004259275272,976.4261805235859,,,False,False,30.68354516228056,115.71454209990996,False
295.0,25210.42476947293,992.2244859265893,26109.188788849333,1295.2891076335754,25238.873919174202,979.694605455816,,221.06578151867262,False,True,31.086203102617965,115.33553429383088,False
295.5,25253.80721761936,995.4460583768673,26155.247402943645,1299.489262271593,25282.733366670185,983.0215916144559,,,False,False,31.481573550901487,114.95490921389839,False
296.0,25297.174233861744,998.6897187960604,26201.29550796325,1303.7276709123469,25321.00033488636,990.0758448476049,-5.9575080314039655,202.00520058301828,True,True,25.33538857872785,114.30121662150506,False
296.5,25340.52559853698,1001.9542554886032,26247.327576292,1307.9971056198083,25364.782680982284,993.5020898696231,,,False,False,25.687451263387487,113.64058927333465,False
297.0,25383.86109674958,1005.2383968948985,26293.34119617431,1312.2914509752923,25408.28831099751,994.7189879405811,,225.46739783414444,False,True,26.595991439732646,112.97243141408289,False
297.5,25427.180518437133,1008.5408133980345,26339.338274684018,1316.6073070939676,25452.030577932648,998.1726892783788,,,False,False,26.926259574831686,112.29707623078946,False
298.0,25470.4836584343,1011.8601193695778,26385.32224463208,1320.9394173842165,25492.444700738808,998.0445046231035,-3.7756429818273425,223.18482036564288,True,True,25.945299958247137,111.19589113054823,False
298.5,25513.770316535298,1015.1948754479785,26431.289425586863,1325.2903232344001,25536.1289537288,1001.5043119062436,,,False,False,26.217173517389583,110.07605269065792,False
299.0,25557.040297554893,1018.5435910420875,26477.242718360212,1329.6587720932787,25580.383187554366,1007.4191230235525,,213.95554713092898,False,True,25.858157363255348,109.05230959958251,False
299.5,25600.293411387844,1021.9047270512964,26523.185472225123,1334.043036236908,25624.04142254658,1010.9299666262032,,,False,False,26.16129584679672,108.01208865311588,False
300.0,25643.52947306683,1025.276698792849,26569.113403189225,1338.439898842203,25664.19848625402,1010.328571500266,-2.09288976166391,224.09471020315857,True,True,25.507932407146207,107.15358633868469,False
300.5,25686.748302818767,1028.6578791259553,26615.015974739024,1342.8505275898988,25707.78690748482,1013.8321401283645,,,False,False,25.737626602295048,106.2828070274462,False
301.0,25729.949726119597,1032.046601761465,26660.89780591926,1347.2688405388672,25750.732389342513,1015.7008442837431,,222.28041325490167,False,True,26.440553665867398,105.5543694031999,False
301.5,25773.133573747426,1035.441164745029,26706.765738364596,1351.6942920747451,25794.27720308554,1019.204378137159,,,False,False,26.658700285969225,104.81660186740662,False
302.0,25816.299681834087,1038.8398341009095,26752.608595881513,1356.1279181526302,25842.903637723048,1024.9098908455715,1.4109047361499598,221.55301304554547,True,True,30.030214585292253,104.32448043294238,False
302.5,25859.447891915042,1042.2408476228711,26798.428110121902,1360.5669637301046,25886.43365189954,1028.4417590386533,,,False,False,30.30917497550916,103.82821418548859,False
303.0,25902.578050977667,1045.642418797938,26844.2279382942,1365.02299918963,25925.213832981477,1023.2025309409861,,238.33016871574907,False,True,31.873612816193198,103.15599652263583,False
303.5,25945.690011507842,1049.042740848191,26890.013016298348,1369.4951980961323,25968.671210517547,1026.6951593426834,,,False,False,32.05541930889272,102.47554210554681,False
304.0,25988.78363153491,1052.4399908752564,26935.787705152426,1373.9726210721085,26011.426613196785,1028.665753086326,1.8710780873198287,220.44726802816058,True,True,32.83167679215732,101.63171537078256,False
304.5,26031.858774674893,1055.8323340916643,26981.547766877196,1378.44727276535,26054.849198517797,1032.1461802997628,,,False,False,33.00899074388667,100.77524352555068,False
305.0,26074.915310172066,1059.2179281228568,27027.29376115152,1382.928610022006,26096.921761933194,1033.7548779257586,,219.78472653540234,False,True,33.654878464418864,100.00087211520609,False
305.5,26117.953112938765,1062.594927363302,27073.02661772405,1387.4241403884519,26140.302376463493,1037.238553836372,,,False,False,33.799929859911295,99.21553849598403,False
306.0,26160.972063593505,1065.961487369912,27118.739618934524,1391.9248176215915,26186.23760796273,1043.8316957740844,3.563609466627327,205.79063627218758,True,True,33.586833854175296,97.93369710899633,False
306.5,26203.972048497322,1069.3157692757795,27164.43287520092,1396.421128258018,26229.592918556562,1047.3390259756732,,,False,False,33.755091892501405,96.62499604588989,False
307.0,26246.952959788418,1072.655944207143,27210.109866597915,1400.91337562039,26273.33055131757,1051.2798940072942,,211.29641343579942,False,True,33.95162524865682,95.50810012380714,False
307.5,26289.914695414995,1075.9801976864528,27255.773332553417,1405.395684805314,26316.654244659036,1054.7745339428375,,,False,False,34.1274620882036,94.36953069462282,False
308.0,26332.85715916635,1079.2867340044559,27301.42617404978,1409.8652380791677,26354.10658548229,1053.9435875766812,4.573600803659621,217.88990734269345,True,True,33.07284671170803,92.99706613992505,False
308.5,26375.780260702177,1082.573780544327,27347.065219263553,1414.3242983057442,26397.3563739124,1057.3769788849008,,,False,False,33.17239025341468,91.59194125991291,False
309.0,26418.683915580095,1085.8395920410692,27392.687595986867,1418.7681278769319,26438.34159522973,1058.834747138297,,215.71756859044146,False,True,33.40188643520616,90.10230059834058,False
309.5,26461.568045281358,1089.0824547596656,27438.292039975844,1423.1976380114763,26481.53443751409,1062.2196399404845,,,False,False,33.470399441907894,88.57427874359308,False
310.0,26504.432577234777,1092.3006905758004,27483.877464399826,1427.6068494522615,26528.769090003017,1066.8706947125213,8.84428783734007,218.10959961945696,True,True,35.19872928565957,87.45266327686365,False
310.5,26547.277444838834,1095.4926609433744,27529.438961472202,1431.9924545932347,26571.944833260677,1070.2200180966781,,,False,False,35.31552814288308,86.30741358067641,False
311.0,26590.102587481953,1098.6567707335084,27574.977792958427,1436.3564186444307,26613.075103548428,1072.1431750908796,,211.42263207682814,False,True,35.08143737541649,85.17420057457572,False
311.5,26632.90795056098,1101.7914719302787,27620.49570430669,1440.6980325478257,26656.186611460023,1075.433916177709,,,False,False,35.16556267859846,84.0164104730868,False
312.0,26675.693485497803,1104.8952671690224,27665.995022793664,1445.0175985293129,26698.20237568279,1078.0811700449106,8.76274981247901,206.5522644639972,True,True,35.00922652589141,83.2451929555096,False
312.5,26718.459149754155,1107.9667131037293,27711.48173469814,1449.3062571627972,26741.269223191113,1081.3108885050679,,,False,False,35.083221562935584,82.46103794443498,False
313.0,26761.204906844574,1111.0044235907494,27756.95340173713,1453.5633237743823,26797.1328030201,1091.6382952164322,,178.3347729207076,False,True,40.81495622697553,81.70976128435447,False
313.5,26803.930726347506,1114.0070726768402,27802.413136757707,1457.7901038528298,26840.266866375216,1094.8660719648751,,,False,False,41.06936790807461,80.94683461724891,False
314.0,26846.63658391459,1116.9733973803957,27847.854824176415,1461.9867352741294,26877.888167018893,1095.2578314397476,9.723073604222403,202.24388991090765,True,True,38.05558107095102,80.39650005163344,False
314.5,26889.322461278054,1119.902200255595,27893.270861270183,1466.1525588218096,26920.931340398907,1098.3973986067788,,,False,False,38.23058635741327,79.83945345887494,False
315.0,26931.988346256298,1122.7923517301238,27938.66876237747,1470.2810692120472,26961.729828022453,1100.5234547332864,,203.77695379988606,False,True,37.15453553877805,79.32290825552838,False
315.5,26974.63423275759,1125.6427922080884,27984.047519927753,1474.3661130958114,27004.713625761975,1103.5709222133473,,,False,False,37.30867631767335,78.79977294298408,False
316.0,27017.26012078193,1128.452533930753,28029.40906301608,1478.402745548472,27037.103214327093,1101.7935860029224,11.27956336144296,206.5234656605162,True,True,33.23323436051339,78.3676615421773,False
316.5,27059.86601642105,1131.2206625887516,28074.757005141997,1482.3927216598372,27079.968837138906,1104.6994763282987,,,False,False,33.27907332658065,77.93064558948737,False
317.0,27102.45193185655,1133.946338680497,28120.090154427766,1486.3382151128665,27118.58846725569,1106.0950593718158,,203.26589679810584,False,True,32.18822042017602,77.39975416931364,False
317.5,27145.017885356203,1136.6287986125838,28165.401393749285,1490.246790927125,27161.37903801951,1108.9026758647556,,,False,False,32.19355834790034,76.86225039624239,False
318.0,27187.56390126837,1139.2673555390886,28210.68462835032,1494.1257808242929,27211.299105377842,1114.0935560175883,14.653897708678524,185.08727409648213,True,True,34.598845305399074,75.77873132203803,False
318.5,27230.090010014606,1141.8613999377828,28255.945456053265,1497.9720264292596,27254.089230019486,1116.8593787342652,,,False,False,34.656364857032834,74.67178152435827,False
319.0,27272.596248080372,1144.4103999223853,28301.185817327492,1501.7783783577202,27292.216632736796,1118.3714201118137,,199.1296849796602,False,True,32.60349618739368,73.58677168504292,False
319.5,27315.082658003932,1146.9139012911203,28346.407549569572,1505.5429837250708,27334.926346943725,1121.0403799803275,,,False,False,32.60691791260398,72.47740328555999,False
320.0,27357.549288363396,1149.3715273129533,28391.614639179785,1509.266344014181,27393.442251128876,1129.5192533260968,18.381129877039175,178.8506329812018,True,True,41.017283656202004,71.47930324191027,False
320.5,27399.996193761926,1151.782978253997,28436.812039170367,1512.954528765039,27436.246054311516,1132.1669403328094,,,False,False,41.217002967102616,70.46100537761646,False
321.0,27442.42343481109,1154.148030647682,28481.992190643676,1516.6080979427118,27479.667458194544,1134.8972403779967,,186.52521362591287,False,True,41.925054606936584,69.41894274288532,False
321.5,27484.831078112413,1156.4665363133677,28527.14953448352,1520.226129156419,27522.43139102195,1137.4737256296971,,,False,False,42.12493784637369,68.35456390702527,False
322.0,27527.21919623708,1158.7384211291348,28572.286171641397,1523.8092262345797,27562.871448996706,1140.4960966919346,18.93206902037853,191.20233634781405,True,True,40.04828994736504,67.43013746303298,False
322.5,27569.587867703838,1160.963683565534,28617.412471268046,1527.3473097386454,27605.582535372643,1142.9931685548866,,,False,False,40.231275276029024,66.48746187259322,False
323.0,27611.93717695507,1163.1423929880696,28662.534475375283,1530.84131593821,27647.312438058634,1145.3253296175942,,184.11002936001364,False,True,39.60879757443817,65.49825280890286,False
323.5,27654.26721433108,1165.2746877371724,28707.644580655655,1534.2988412738684,27689.995007699657,1147.7378493867343,,,False,False,39.799697465145215,64.4883170002935,False
324.0,27696.578076042573,1167.3607729953358,28752.749489279166,1537.7188115964634,27739.514172902935,1152.762418707185,21.479907366498153,177.33727360480626,True,True,45.349976422537544,63.62028920914121,False
324.5,27738.869864141343,1169.4009184519819,28797.842380797196,1541.0984981914626,27782.22900420595,1155.1222300393824,,,False,False,45.64970941776452,62.73676598785252,False
325.0,27781.142686489195,1171.3954557774593,28842.917275236003,1544.4350092628947,27836.682096632245,1158.20191782197,,163.2549040335583,False,True,57.08498509083526,61.996865935474865,False
325.5,27823.39665672508,1173.3447759183578,28887.977143841104,1547.7292904240503,27879.44953304447,1160.4888627030662,,,False,False,57.508255479331076,61.246654738117314,False
326.0,27865.631894230493,1175.2493262270611,28933.0204192963,1550.9808832092303,27927.059808721875,1162.9291283028006,22.361283468047727,169.1686332576971,True,True,62.65122469396311,61.099788938177426,False
326.5,27907.848524093097,1177.109607439127,28978.04710570517,1554.189523244666,27969.82736231315,1165.1336633262076,,,False,False,63.12526930242193,60.95729433852577,False
327.0,27950.04667706862,1178.9261705126958,29023.05251180433,1557.357665465956,28010.487501686293,1167.274887494662,,174.71767954612278,False,True,61.55360002819071,60.848847807689054,False
327.5,27992.226489541034,1180.6996133446783,29068.040327404953,1560.4883364485472,28053.196675226023,1169.397716675101,,,False,False,62.008841392110554,60.744225963610276,False
328.0,28034.388103481,1182.4305773789526,29113.01426994214,1563.5878877490402,28101.204427207216,1175.4667507418872,26.24201474304417,170.65571292231715,True,True,67.17824050775376,60.754561343107724,False
328.5,28076.531666402632,1184.1197441222143,29157.978525932296,1566.6583216409338,28143.9311187692,1177.5666472474938,,,False,False,67.71727444280906,60.771140665448314,False
329.0,28118.65733131856,1185.7678315834619,29202.93002249845,1569.692030169152,28191.052279982043,1179.4771221324827,,161.89643809641979,False,True,72.66774812380451,60.86666964680668,False
329.5,28160.765256693317,1187.3755906533788,29247.87042242819,1572.696157288948,28233.785150095373,1181.5114712039015,,,False,False,73.2549843312063,60.969097360574,False
330.0,28202.85560639507,1188.9438014400619,29292.802895639437,1575.6759841718208,28284.080055625072,1185.403362132583,27.34187743329686,158.94438738405708,True,True,81.30157355923089,60.802678528521426,False
330.5,28244.928549645716,1190.4732695776777,29337.718241614493,1578.6177382259998,28326.8446935163,1187.3970567836643,,,False,False,81.97388432775675,60.642138866141984,False
331.0,28286.98426096932,1191.964822524672,29382.619738734145,1581.5246757030661,28360.573363434993,1190.0506135724042,,170.84056162257457,False,True,73.61399457722966,60.33883659372854,False
331.5,28329.022920138952,1193.41930586814,29427.50879902662,1584.4015599888671,28403.240915152048,1191.9757816224799,,,False,False,74.2320318057624,60.03794846470774,False
332.0,28371.044712121944,1194.8375796508617,29472.38742891326,1587.2449326284807,28453.019295190057,1200.8797357486706,31.39152429464295,159.7841526725649,True,True,82.19695809153323,60.018616379662575,False
332.5,28413.049827023533,1196.2205147373325,29517.256218031776,1590.060113600323,28495.726771414073,1202.8106111069117,,,False,False,82.93917351840875,60.007812038502365,False
333.0,28455.03846002895,1197.5689892348832,29562.113386406407,1592.8492931289868,28538.95690154296,1204.6552467827566,,154.8138921450004,False,True,84.21709964238127,60.014550977393135,False
333.5,28497.010811343982,1198.883884985656,29606.95757802773,1595.6071628610343,28581.641042745105,1206.5279426679726,,,False,False,84.97474733624198,60.02983921155648,False
334.0,28538.96708613397,1200.1660841448213,29651.787404656472,1598.3317463647027,28616.16434548528,1207.0348369221958,29.245119580309208,158.8029196912023,True,True,77.50223620044768,59.815301411983334,False
334.5,28580.90749446132,1201.4164658599664,29696.605652165934,1601.0341507752314,28658.755592212736,1208.830862460316,,,False,False,78.20038107618925,59.60532700767517,False
335.0,28622.83225122152,1202.635903066058,29741.4081516313,1603.7147739947484,28681.583976461297,1213.4594165008832,,170.39550033343738,False,True,59.740385517036486,59.11121111188042,False
335.5,28664.74157607767,1203.8252594098037,29786.19173241213,1606.3671649065648,28723.98996611182,1215.2081252741425,,,False,False,60.3319265142788,58.61439043681141,False
336.0,28706.63569339359,1204.9853863165788,29830.96698571679,1608.9918780492192,28770.538248706176,1210.9814983885433,29.87238398813408,139.37645674369983,True,True,64.18325276470297,58.367535810580335,False
336.5,28748.514832165452,1206.1171202123912,29875.73828964321,1611.5912066119554,28812.951007328807,1212.6280680736597,,,False,False,64.76428886149168,58.123655861591,False
337.0,28790.37922595205,1207.2212799125841,29920.50055924915,1614.1671259341258,28858.65125363083,1213.6761713900457,,141.49695841979835,False,True,68.57649296484888,57.93571175398806,False
337.5,28832.229112803623,1208.2986641881728,29965.25315832939,1616.7189523065842,28901.065755077314,1215.2725138336857,,,False,False,69.18900128195448,57.75214609415332,False
338.0,28874.064735189382,1209.3500495198437,30009.99967796439,1619.2509435855488,28926.119672892353,1219.8915486077453,33.46764240378306,159.14051696987002,True,True,53.11157823187362,57.67685200350722,False
338.5,28915.886339923625,1210.3761880487411,30054.739839115744,1621.7645012325145,28968.38898443872,1221.4542639074025,,,False,False,53.6586567648559,57.605952244619864,False
339.0,28957.69417809056,1211.3778057322254,30099.479732705106,1624.25226899889,29018.511073658585,1221.4221041203336,,131.57118649919238,False,True,61.640755321793165,57.63204057327858,False
339.5,28999.488504967838,1212.3556007117948,30144.219719160024,1626.7169644271023,29060.83351186869,1222.9302847086071,,,False,False,62.24976958429506,57.66427342605471,False
340.0,29041.26957994876,1213.3102418993633,30188.951625474736,1629.1631971711904,29092.30144606575,1225.2348653434965,34.82477817892429,146.3173233725085,True,True,52.406564509294974,57.50758766208591,False
340.5,29083.03766646329,1214.2423677870347,30233.670640581713,1631.5850948295483,29134.51620313058,1226.6921863486107,,,False,False,52.962606805385064,57.35427532116517,False
341.0,29124.793031897814,1215.1525854844608,30278.37343106885,1633.9877623942361,29195.365522171665,1223.9433117210253,,115.24753340186928,False,True,71.11788278076787,57.47871130320248,False
341.5,29166.535947513676,1216.0414699867877,30323.06015025321,1636.3674304567749,29237.68022149719,1225.3441343002112,,,False,False,71.74989396486697,57.61088381884501,False
342.0,29208.266688364554,1216.9095636751006,30367.73407554705,1638.7214826145703,29275.92336370905,1217.4506172770914,34.018220289500185,130.58583489393382,True,True,67.6588387254087,57.8983955314149,False
342.5,29249.985533212675,1217.7573760501855,30412.401737492644,1641.050680106693,29318.1679573542,1218.7120643502296,,,False,False,68.18910757272623,58.19175111078409,False
343.0,29291.69276444391,1218.585383699313,30457.05830088016,1643.3533215691427,29381.064008890677,1214.762519381539,,107.47456593228397,False,True,89.45296879118077,58.86439313622969,False
343.5,29333.388667981748,1219.3940304946616,30501.706854403397,1645.6374456396409,29423.4361790021,1215.9591422352655,,,False,False,90.11299960779724,59.54190855227238,False
344.0,29375.0735332002,1220.1837280208956,30546.353782738122,1647.9130322396127,29461.088908783964,1218.4706545999782,38.951860604025114,128.53436395957178,True,True,86.03243259004932,60.27356256905284,False
344.5,29416.74765283566,1220.954856228338,30590.996321146027,1650.1774862663256,29503.417468960233,1219.6503346121706,,,False,False,86.67963315401353,61.00839517417369,False
345.0,29458.41132289773,1221.7077643071127,30635.635727123863,1652.4373181181104,29551.53539856023,1219.2524980865858,,115.50825979992473,False,True,93.15643724514638,61.84922471757175,False
345.5,29500.06484257905,1222.442771776591,30680.274655318237,1654.700642494115,29593.898906046696,1220.4231685289549,,,False,False,93.85579504819128,62.692193647541544,False
346.0,29541.708514164166,1223.16016978346,30724.914264683124,1656.9583071715633,29644.598698983616,1217.909360349075,40.35871753583166,109.72176948490818,True,True,103.02408034967846,63.7315039292795,False
346.5,29583.342642937456,1223.8602226007488,30769.54565157617,1659.210530889263,29687.00941718503,1219.0464087354683,,,False,False,103.77847988300277,64.76730508306296,False
347.0,29624.96753709012,1224.5431693191963,30814.168797291135,1661.45173406189,29734.724440090784,1218.6380057967958,,109.5747223934814,False,True,109.91564362056627,65.9136016147078,False
347.5,29666.583507626317,1225.2092257214438,30858.791560328486,1663.6809385595382,29777.162094475192,1219.7440233998284,,,False,False,110.71355972016397,67.05486575904617,False
348.0,29708.19086826843,1225.8585863286594,30903.41938344001,1665.9005678070237,29815.904242718265,1204.3863660336804,37.84382739195062,114.3570888828534,True,True,109.83272408424777,68.19082401483436,False
348.5,29749.789935361492,1226.4914266083947,30948.055032416927,1668.1065380188872,29858.292239238395,1205.3167354152301,,,False,False,110.54916324297402,69.32186382416481,False
349.0,29791.38102777684,1227.1079053317012,30992.682719607576,1670.3094567573246,29909.58547152946,1203.5184750022515,,100.4762256308876,False,True,120.53527179267608,70.64531266000371,False
349.5,29832.964466814967,1227.7081670668304,31037.2988522958,1672.5134353908804,29952.015023162494,1204.4330988204715,,,False,False,121.30442600551886,71.96012650687913,False
350.0,29874.540576107665,1228.2923447961798,31081.908695389477,1674.7064853501186,29998.563129018632,1195.723724041552,41.91495722483398,102.18139696598857,True,True,128.22756602389475,73.36071065687696,False
350.5,29916.109681519436,1228.860562642566,31126.512547335118,1676.8877813557845,30040.99112763499,1196.534415748093,,,False,False,128.9975013593469,74.749764114202,False
351.0,29957.672111048225,1229.4129386903703,31171.109176635073,1679.0638231378405,30076.359362102543,1199.580236411022,,109.47797999710049,False,True,122.3791391051553,75.96096857470246,False
351.5,29999.22819472553,1229.9495878866433,31215.699905539106,1681.2379556149497,30118.720846152937,1200.3878581748322,,,False,False,123.09504298998519,77.16537672877071,False
352.0,30040.778264515844,1230.470625006863,31260.288536748496,1683.401886354387,30165.789910824446,1202.0646390286224,46.13181768779668,95.10019243166717,True,True,128.19832975582355,78.44539513521121,False
352.5,30082.322654215553,1230.9761676697171,31304.877601229844,1685.548129096996,30208.185236394882,1202.8554281179504,,,False,False,128.96575353862943,79.7180842127556,False
353.0,30123.86169935125,1231.4663393850235,31349.47070390079,1687.6876709056232,30251.991189023563,1203.1824667730666,,95.35450762953032,False,True,131.21411346961318,81.0146226368744,False
353.5,30165.395737077542,1231.9412726187306,31394.070051518032,1689.829326101321,30294.404087947234,1203.9629340175675,,,False,False,132.00735595033635,82.30444720051577,False
354.0,30206.925106074334,1232.4011118588303,31438.671698016118,1691.9695276423317,30321.770777123147,1207.7872229503412,46.773995922024454,108.56064434850857,True,True,117.45370017948234,83.3168700402376,False
354.5,30248.450146443673,1232.84601666598,31483.272190204065,1694.1084290767592,30364.070519621724,1208.562335872277,,,False,False,118.14299745106504,84.3278349580104,False
355.0,30289.97119960615,1233.2761646926792,31527.869142255957,1696.2497969481772,30407.82742738402,1208.8615743416651,,89.67923488952104,False,True,120.35847559701676,85.36523267436161,False
355.5,30331.488608196898,1233.6917546549594,31572.465382722752,1698.3899494144398,30450.12988739587,1209.6321002928023,,,False,False,121.05626831351924,86.40100407146733,False
356.0,30373.00271596122,1234.0930092407289,31617.06675482901,1700.5253727591273,30483.929505050364,1198.9886323578244,45.57459679714523,100.12683650742572,True,True,116.34891410737312,87.36726845334874,False
356.5,30414.51386764988,1234.48017793919,31661.663969227215,1702.6525702478757,30526.138958212443,1199.6290783707248,,,False,False,116.93912939744193,88.3317872222237,False
357.0,30456.022408914097,1234.8535397760636,31706.255911873126,1704.7716421457196,30559.115608775544,1203.2963766825349,,94.71290777122681,False,True,107.81494516153042,89.13276260030203,False
357.5,30497.528686200247,1235.2134059397708,31750.84663971755,1706.8817468502086,30601.248477499124,1203.9249843366717,,,False,False,108.33633016442832,89.9334829786622,False
358.0,30539.033046644337,1235.5601222841872,31795.435590026427,1708.984150839942,30652.357603286935,1183.0153415024877,46.104275128694326,80.1973540165729,True,True,124.91360664730712,91.00788792474955,False
358.5,30580.53583796626,1235.8940716941245,31840.024784540987,1711.0886145141603,30694.508871799313,1183.4637666400265,,,False,False,125.45433164771858,92.07832576250532,False
359.0,30622.037408363885,1236.2156763002945,31884.618367304294,1713.1993110234303,30721.976920078116,1188.7837942826734,,94.77116475221678,False,True,110.62409065575322,92.89271598841904,False
359.5,30663.53810640698,1236.5253995311723,31929.224548007856,1715.3093649467353,30764.035785177577,1189.2475685611369,,,False,False,111.0629404414867,93.70569207461882,False
360.0,30705.038280931043,1236.8237479898987,31973.84219635713,1717.4125017304764,30803.201377219448,1199.5027283302063,53.081199296885,77.15065545616837,True,True,105.01834116651122,94.42398797647881,False
360.5,30746.538280931043,1237.1112731451303,32018.46558605674,1719.517302530101,30845.270634511566,1200.0336613601328,,,False,False,105.464813749555,95.14248604132234,False
361.0,30788.03845545511,1237.3885728255807,32063.096264678785,1721.6349460462166,30870.727488553326,1205.9245477241907,,91.46876501047775,False,True,88.47293976295187,95.6290218191287,False
361.5,30829.539153498205,1237.65629250886,32107.730565108104,1723.7564641547967,30912.683629684667,1206.4825857953083,,,False,False,88.79641834321768,96.11619428479435,False
362.0,30871.04072389583,1237.9151263961485,32152.367765086965,1725.8779338495167,30944.553724996167,1223.872203011309,55.453197583297666,76.45269203467838,True,True,74.84226765652436,96.43399233272959,False
362.5,30912.543515217752,1238.1658182651906,32197.006417206827,1728.003639552288,30986.466062092783,1224.5538502352763,,,False,False,75.16534181481804,96.75287497704267,False
363.0,30954.04787566184,1238.4091620950862,32241.649280662346,1730.1303273875264,31012.074858215663,1230.2529387941802,,86.17955024538584,False,True,58.59739484683578,96.91542520673046,False
363.5,30995.55415294799,1238.6460024573912,32286.304126292576,1732.2568973236707,31053.88027028432,1230.9438085027384,,,False,False,58.832471945742846,97.07877509175823,False
364.0,31037.062694212203,1238.877234669075,32330.971250666542,1734.3775688072944,31100.68707960444,1215.0177084345419,51.45242466148131,69.10301400148825,True,True,67.95100741472521,97.31585059249767,False
364.5,31078.573845900864,1239.1038047039674,32375.648612245583,1736.486691979979,31142.510131033196,1215.5549010926834,,,False,False,68.1351555205997,97.55324326056224,False
365.0,31120.087953665185,1239.3267088604068,32420.33626820248,1738.5908390588045,31180.041176197188,1217.374233040188,,68.7949711537709,False,True,63.84590892617341,97.74949635076551,False
365.5,31161.60536225593,1239.5469931839077,32465.034003491033,1740.70385957159,31221.846630689593,1217.9125749894542,,,False,False,64.00826878700256,97.94608564546154,False
366.0,31203.12641541841,1239.765752644773,32509.73460317399,1742.8298602647112,31267.255422222705,1210.4767493093605,54.256456819562075,61.55522705653868,True,True,70.5008881510514,98.20114886733072,False
366.5,31244.65145578775,1239.984130071684,32554.437239270053,1744.9674738417823,31309.06870371237,1210.973370188548,,,False,False,70.6484679181316,98.45617950118327,False
367.0,31286.18082478454,1240.203314843411,32599.1492728688,1747.1125903699353,31345.860475428402,1212.9123039334054,,64.30892592631027,False,True,65.62362362338345,98.66450069604532,False
367.5,31327.71486251083,1240.4245413418869,32643.875845348713,1749.262380981751,31387.65419492604,1213.4176711963978,,,False,False,65.74263917303671,98.87262421506547,False
368.0,31369.25390764653,1240.6490871709711,32688.62483376101,1751.4256505432093,31423.933860676563,1214.6646720797007,56.615683560992295,62.80691775264711,True,True,60.53996276016509,99.04178889790839,False
368.5,31410.798297346235,1240.878271146302,32733.38869006054,1753.6055416168965,31465.71557982249,1215.1897769325285,,,False,False,60.62843103320181,99.21093584638143,False
369.0,31452.348367136547,1241.1134510626832,32778.15786371407,1755.7970314232539,31510.817081295336,1214.8387608384703,,49.97630931519494,False,True,64.10109111209067,99.40716564420768,False
369.5,31493.90445081385,1241.3560212464668,32822.93373660475,1758.0012518754588,31552.62693664741,1215.3806851300778,,,False,False,64.21096813498592,99.6036309057982,False
370.0,31535.466880342643,1241.60740990139,32867.71409720357,1760.2153483991042,31596.51628507285,1221.7299936760032,59.12287575913771,44.30147305939351,True,True,64.20390559545186,99.79190768019022,False
370.5,31577.03598575441,1241.8690762572655,32912.50538557497,1762.4422234656283,31638.363479501408,1222.3403545499075,,,False,False,64.36173133789589,99.98061488709509,False
371.0,31618.61209504711,1242.142507531848,32957.310424279094,1764.6865412472014,31671.55450959998,1225.0358813068108,,58.04185117993621,False,True,55.63754055933166,100.10197289026871,False
371.5,31660.195534085236,1242.4292157170557,33002.12699443561,1766.9499721010072,31713.356517417073,1225.677849209539,,,False,False,55.737764833880036,100.22352517124074,False
372.0,31701.786626500583,1242.7307342015565,33046.951441902354,1769.2336167702902,31762.177649384026,1217.1159801023732,58.17765423355535,42.812156852323255,True,True,65.59871395439208,100.42324035090144,False
372.5,31743.385693593646,1243.048614242486,33091.78759810556,1771.5347415569831,31804.024868174027,1217.7267073001403,,,False,False,65.7138376979063,100.62320166531669,False
373.0,31784.993054235754,1243.3844212997803,33136.63812507433,1773.85155205253,31855.790259437672,1216.2436625506766,,31.05484144556398,False,True,75.82127043171651,100.88703005414285,False
373.5,31826.60902477195,1243.7397312472608,33181.49058777497,1776.1876417820424,31897.718562562295,1216.8842875892133,,,False,False,76.01171764160387,101.15069061183144,False
374.0,31868.233918924612,1244.1161264751975,33226.347964703586,1778.551340836713,31952.53762515577,1206.6968743986845,59.3334378628241,30.80062205125911,True,True,92.23510888091728,101.60402265835822,False
374.5,31909.8680476979,1244.5151918996048,33271.21830359719,1780.9475584471886,31994.551886586476,1207.3265582580736,,,False,False,92.48971316330544,102.05748961927685,False
375.0,31951.51171928302,1244.9385108939846,33316.101208917156,1783.378285562705,32031.75900315294,1208.8388562036278,,43.48953284240275,False,True,87.99324767993704,102.46255078823441,False
375.5,31993.16523896434,1245.387661159624,33361.00409165899,1785.8385502325639,32073.76351026479,1209.5237984495698,,,False,False,88.21733381318514,102.86778958974517,False
376.0,32034.828909026408,1245.8642105508754,33405.92885539815,1788.3300828817673,32111.10968754397,1219.2671586414276,62.87457241297071,34.03220948627977,True,True,80.78465412142985,103.21035485649818,False
376.5,32076.503028661868,1246.3697128720958,33450.86714315774,1790.8551114907095,32153.127303267516,1220.0749889829644,,,False,False,81.01044354432032,103.55389194833856,False
377.0,32118.18789388032,1246.9057036630986,33495.81866581554,1793.4171990656287,32196.542094365497,1220.7307028065823,,30.586746451649606,False,True,82.61060103588366,103.9171723934169,False
377.5,32159.88379741816,1247.4736959900747,33540.77928991125,1796.014944372147,32238.585351570604,1221.6060943999444,,,False,False,82.8436324531703,104.28157294426126,False
378.0,32201.591028649396,1248.0751762589637,33585.747712172626,1798.6487015793161,32281.01897508278,1222.9854355730859,62.97119766250962,28.923818009832416,True,True,83.29642106542909,104.63938953378536,False
378.5,32243.309873497517,1248.7116000682145,33630.72965160229,1801.3214029364149,32323.0806789982,1223.9340850643732,,,False,False,83.53027391307639,104.99815874506274,False
379.0,32285.040614348392,1249.3843881177484,33675.72627113955,1804.0348589865253,32364.547496972657,1224.9721900287764,,28.29215879486858,False,True,83.17030600018084,105.36053036388017,False
379.5,32326.783529964254,1250.094922190745,33720.73927775947,1806.795316372038,32406.628763753055,1226.0016516522187,,,False,False,83.40112135955322,105.72401376721957,False
380.0,32368.53889539878,1250.8445412246022,33765.76907634609,1809.6029746770669,32443.289029987794,1232.9094022836584,64.70293931590052,27.572180180704933,True,True,76.87165817066101,105.98397988199166,False
380.5,32410.306981913312,1251.6345374870837,33810.81856434612,1812.4583144009987,32485.371487197066,1234.0642571072367,,,False,False,77.0934154524308,106.24439568120559,False
381.0,32452.08805689423,1252.46615287325,33855.892990803135,1815.363900689642,32526.52459216653,1235.2946855815383,,24.07989080477477,False,True,76.39147251031791,106.49398987821569,False
381.5,32493.882383771503,1253.3405753382985,33900.98579402238,1818.3245948465765,32568.63598049118,1236.5473246343852,,,False,False,76.61666588760416,106.7440773325967,False
382.0,32535.690221938443,1254.2589354808874,33946.09088707197,1821.3365040807737,32617.765187933892,1232.165406951796,64.3681465821193,15.403065258413783,True,True,84.99661196788897,107.08633153346214,False
382.5,32577.511826672686,1255.2223032909037,33991.210547199014,1824.39458855189,32659.936907600073,1233.4771590196526,,,False,False,85.24520669963707,107.42916986893519,False
383.0,32619.347449058445,1256.2316850749758,34036.34320414188,1827.4992599966656,32702.86629403099,1234.858020809522,,16.79521563257008,False,True,86.21038794530848,107.78391603682613,False
383.5,32661.19733591002,1257.2880205722886,34081.4928812187,1830.6577132989235,32745.0669100204,1236.265568699623,,,False,False,86.46414831706319,108.1392238563697,False
384.0,32703.061729696612,1258.3921802724815,34126.66298375248,1833.8709977850426,32781.3051107739,1235.1470998926807,65.74325111908261,27.832438726138797,True,True,81.62328371408051,108.41615336402646,False
384.5,32744.94086846848,1259.5449629465697,34171.857790583505,1837.1419151259938,32823.492113159424,1236.6290492575954,,,False,False,81.82565088465391,108.69272477618986,False
385.0,32786.8349857844,1260.7470934009434,34217.073311603024,1840.4743656267526,32869.5492865987,1238.567574103939,,7.122367145329542,False,True,85.63636281069621,108.93652691958523,False
385.5,32828.744310640555,1261.99922046357,34262.3061902663,1843.8579350229136,32911.797473571634,1240.1661812565758,,,False,False,85.87496418555587,109.1793325829563,False
386.0,32870.669067400755,1263.301915210557,34307.5598047765,1847.290697896341,32941.54479625677,1260.444175104096,69.16901004441246,10.059819898991574,True,True,70.93331811911453,109.24528542709743,False
386.5,32912.60947572811,1264.6556694402227,34352.83349561249,1850.7799215586683,32983.77471091648,1262.2661648894289,,,False,False,71.20533990800091,109.30995019235274,False
387.0,32954.5657505181,1266.0608944007902,34398.126301226876,1854.3243145547885,33025.94669609583,1264.126154125075,,9.117752167219274,False,True,71.40716078591369,109.38795311061492,False
387.5,32996.53810183313,1267.5179197767527,34443.442376787985,1857.921226867665,33068.21113912763,1266.0500410086504,,,False,False,71.68806695047577,109.46494561594957,False
388.0,33038.52673483855,1269.0269929378721,34488.790424248844,1861.569421936408,33119.321154318735,1252.0993639916007,66.12479283526278,11.595157689723273,True,True,82.54866952823816,109.60173371259464,False
388.5,33080.531849740146,1270.5882784536732,34534.17257811591,1865.27065065763,33161.67433720202,1254.0130359877633,,,False,False,82.81812563868048,109.73668099681332,False
389.0,33122.55364172314,1272.2018578751738,34579.57717354399,1869.0291309626473,33203.908419709594,1255.9403881991911,,5.185425997278946,False,True,82.96406027460299,109.83170843645104,False
389.5,33164.59230089277,1273.8677297844758,34624.99615361774,1872.84166844825,33246.290094668526,1257.9585182339213,,,False,False,83.23240066215824,109.92421991199193,False
390.0,33206.64801221638,1275.5858101117085,34670.430947997665,1876.7055952841822,33322.005192438985,1228.858282155107,64.60262891993426,-13.021611718506147,True,True,124.46180497584794,110.44894510711043,False
390.5,33248.720955467026,1277.3559327176968,34715.884687162245,1880.62216960873,33364.593848933524,1230.7921523494113,,,False,False,124.87879356593845,110.97084892362287,False
391.0,33290.811305168776,1279.1778502396112,34761.362102948166,1884.5966653219339,33403.05770598586,1231.0131603806324,,10.190305914674626,False,True,122.1437343689869,111.52680467229693,False
391.5,33332.91923054353,1281.05123519575,34806.867821250875,1888.6247968904052,33445.65689437452,1233.029599685628,,,False,False,122.53921136981944,112.08031593464867,False
392.0,33375.044895459454,1282.9756813445208,34852.40465869338,1892.702487007247,33479.37049564426,1240.7833610892728,69.95261427892176,6.437977609876002,True,True,112.53454021962041,112.42295216473529,False
392.5,33417.18845838108,1284.950705291621,34897.96425561807,1896.8321565124636,33521.96330260414,1242.921572366665,,,False,False,112.89028300252338,112.76210086187766,False
393.0,33459.350072321045,1286.9757483383846,34943.54394624208,1901.012883377778,33570.63482380233,1248.4942963505625,,-17.94185138859547,False,True,117.75023592053543,113.15244700408827,False
393.5,33501.529884793454,1289.050178563248,34989.14068043008,1905.2498356740284,33613.310988781865,1250.7701526615792,,,False,False,118.15403332895734,113.5395629529752,False
394.0,33543.728037768975,1291.1732931273273,35034.75904364728,1909.5447643566567,33673.8333963921,1224.013056260594,66.68157564817069,5.643842684416466,True,True,146.41687661758297,114.42098062823678,False
394.5,33585.94466763157,1293.34432079416,35080.41118510204,1913.8972673345193,33716.62531312836,1226.204216583013,,,False,False,146.9191093797567,115.29784093529173,False
395.0,33628.17990513698,1295.562424652785,35126.09111852356,1918.30508363288,33759.213711745695,1228.2744844974106,,-5.846797843856627,False,True,147.30079892764647,116.31698825145577,False
395.5,33670.433875372866,1297.8267050324891,35171.78876313475,1922.7657100520496,33802.04286361553,1230.563643572943,,,False,False,147.80137084332952,117.33153874092991,False
396.0,33712.706697720714,1300.1362025967721,35217.509662651064,1927.2784482223458,33827.76671822522,1252.7811720983557,72.64739477694329,-8.10156984557012,True,True,124.42390136948373,117.96029125386406,False
396.5,33754.99848581948,1302.4899016033398,35263.25423066805,1931.8377054308266,33870.554587352744,1255.2829578022975,,,False,False,124.82671246412295,118.58710884171552,False
397.0,33797.30934753097,1304.88673331627,35309.02066610742,1936.4434682658625,33910.82313115743,1255.370015761622,,-2.037855845134958,False,True,123.84379027864253,119.1695140276363,False
397.5,33839.63938490698,1307.3255795558835,35354.815132386444,1941.1037180529115,33953.63010575353,1257.9414480862756,,,False,False,124.22832559494655,119.74968527233915,False
398.0,33881.988694158215,1309.8052763713001,35400.63461201939,1945.818085905163,33982.042517638736,1283.5912477167583,73.4619617460125,-22.261233770774908,True,True,103.43086044006574,120.17717574513924,False
398.5,33924.35736562497,1312.3246178201885,35446.48964562245,1950.5764778028,34024.8485163987,1286.4043912290567,,,False,False,103.78019816113063,120.6039053374201,False
399.0,33966.74548374964,1314.8823598397946,35492.38068510795,1955.3728874073963,34066.390205406824,1287.6468674369178,,-9.094450397671341,False,True,103.29977057363045,120.97425970997293,False
399.5,34009.153127050966,1317.4772241930036,35538.29911283801,1960.204444187027,34109.239599358174,1290.5115872207032,,,False,False,103.65542685370335,121.343384670527,False
400.0,34051.580368100134,1320.1079024729106,35584.24693466328,1965.077097648963,34146.5982639526,1298.8223540656923,72.48799365504694,-14.51578693081306,True,True,97.3728663603241,121.70420152426261,False
400.5,34094.027273498665,1322.7730601491855,35630.22579974739,1970.0024647302369,34189.47265362633,1301.805515304053,,,False,False,97.72133095976439,122.06445284311535,False
401.0,34136.49390385813,1325.4713406393912,35676.23918056416,1974.978872520674,34231.33864264797,1303.180638615344,,-12.647768304638337,False,True,97.42894781756654,122.3007499667989,False
401.5,34178.980313781685,1328.201369388365,35722.28395216115,1979.9955392880674,34274.26057064821,1306.2337134625943,,,False,False,97.77988164967616,122.53543377575097,False
402.0,34221.486551847454,1330.9617579388016,35768.35690299698,1985.0496768533453,34333.91439018356,1289.1870168420687,69.85838498947638,-14.581264038095751,True,True,119.93809997923631,123.05540798296148,False
402.5,34264.01266059369,1333.7511079762749,35814.456352999914,1990.1401915335557,34376.96107799828,1292.1827499918163,,,False,False,120.35478129150682,123.57467413408293,False
403.0,34306.55867650586,1336.56801533211,35860.58381204629,1995.271295153754,34421.02000092145,1297.3579521713398,,-25.588819644591013,False,True,120.99100726931283,123.92384448023948,False
403.5,34349.12463000551,1339.4110739277653,35906.741411589195,2000.4429683800834,34464.12956070413,1300.445461586302,,,False,False,121.4267393539793,124.27135847477707,False
404.0,34391.71054544102,1342.2788796447005,35952.92973586242,2005.6442471136652,34513.78145836198,1288.4758184413622,71.23217335709575,-6.497690081123885,True,True,133.40193842746845,124.81472493078427,False
404.5,34434.31644108014,1345.1700341041014,35999.142775787346,2010.875916694881,34556.95440062068,1291.5118694676303,,,False,False,133.86286920733934,125.35632878179823,False
405.0,34476.94232910449,1348.0831483412867,36045.37945732897,2016.1370118387788,34601.71384463992,1299.3332489463749,,-34.33307051983015,False,True,133.95702213778222,125.83665968467129,False
405.5,34519.588215605785,1351.0168463601462,36091.64165761132,2021.4263645021622,34644.95020664704,1302.4581011809264,,,False,False,134.43801743259795,126.31507688329096,False
406.0,34562.25410058403,1353.969768553556,36137.92464733281,2026.7453895666347,34676.804879860676,1309.6344547431563,73.89962770960075,-11.267084903955068,True,True,122.83118937612302,126.5454379507702,False
406.5,34604.9399779475,1356.940574976354,36184.23601633041,2032.0922749616514,34720.01104219532,1312.819305466525,,,False,False,123.23975109633031,126.77253146034406,False
407.0,34647.64583551459,1359.9279484581853,36230.57428944122,2037.4608392221885,34763.759705796205,1318.2755821359392,,-30.881345779664723,False,True,123.3586255274383,126.9334738644005,False
407.5,34690.37165501752,1362.930597544276,36276.92883062546,2042.851110142086,34807.01016705333,1321.5140913781004,,,False,False,123.77346029315272,127.09044610032711,False
408.0,34733.117412107946,1365.94725925302,36323.29942389026,2048.2619787640965,34858.25478932553,1310.4768715919517,71.76511783716683,-13.900943900539371,True,True,136.88070384157794,127.43182808996318,False
408.5,34775.8830763643,1368.976701640128,36369.68732650903,2053.6908477902043,34901.558787355025,1313.650973787829,,,False,False,137.31467691187032,127.77031604380744,False
409.0,34818.668611301124,1372.0177261599906,36416.08833857115,2059.14000514956,34944.43855950733,1313.531266181001,,-20.778807036898534,False,True,138.70380626596528,128.0100844092253,False
409.5,34861.47397438015,1375.0691698158653,36462.50308285416,2064.60246670484,34987.75271016398,1316.7044255377516,,,False,False,139.1142066282676,128.24574971029236,False
410.0,34904.29911702327,1378.1299070914786,36508.941943749705,2070.0820304515305,35017.59781101638,1339.634317067951,74.781787445188,-44.433301840885925,True,True,119.65995366789681,128.13788908257655,False
410.5,34947.14398462732,1381.1988516576503,36555.40823777489,2075.582170425551,35060.90123420415,1342.9638690365055,,,False,False,120.01094003183647,128.02414426187826,False
411.0,34990.00851658074,1384.2749578485952,36601.89651417936,2081.100711591785,35103.85182701412,1340.271597283015,,-17.879700140674345,False,True,122.05160822986228,128.0200729732735,False
411.5,35032.892646282,1387.3572219036228,36648.40742698034,2086.6382519965905,35147.17819463029,1343.583915666239,,,False,False,122.38173434062806,128.0111679774094,False
412.0,35075.79630115992,1390.4446829710346,36694.94702910557,2092.1885788907052,35198.324990020315,1337.5111155671875,72.18249636433865,-26.224276176728438,True,True,133.47375079746996,128.08135493155942,False
412.5,35118.71940269575,1393.5364238721265,36741.51673359959,2097.752142654774,35241.7385516352,1340.7830106360173,,,False,False,133.85302990162793,128.14662822415363,False
413.0,35161.6618664471,1396.6315716242957,36788.10965735551,2103.3333643821297,35285.23871445705,1339.2029795497608,,-22.571364406582788,False,True,136.2691474683016,128.21530437297807,False
413.5,35204.623602073676,1399.729297723367,36834.728609626945,2108.929278449525,35328.68546975089,1342.4615755971763,,,False,False,136.64164449054715,128.27850628100424,False
414.0,35247.60451336477,1402.8288181863577,36881.37066444306,2114.5311993002742,35377.94533336499,1338.8621616613323,72.30082124690487,-29.131829445314075,True,True,145.1911240583227,128.64770937356067,False
414.5,35290.60449826859,1405.929393356994,36928.03327346305,2120.1363306566054,35421.45527359662,1342.0786241123342,,,False,False,145.5982353501612,129.01363494079416,False
415.0,35333.623448923325,1409.0303274773821,36974.718531781495,2125.7488128697864,35465.57675254505,1337.9166159749059,,-19.436092710893163,False,True,149.89607833544096,129.41583766207256,False
415.5,35376.66125169003,1412.130968030304,37021.42305756437,2131.3709152507063,35509.11185369587,1341.085420352009,,,False,False,150.3018024396856,129.814454217146,False
416.0,35419.7177871872,1415.2307048576577,37068.15022069035,2137.0013740273353,35531.68989051613,1357.632048173259,75.4055227311213,-28.51303558150874,True,True,125.91805738555593,129.93066826985884,False
416.5,35462.792930327174,1418.3289690615763,37114.90269823829,2142.63495419453,35575.14716701794,1360.8697932598632,,,False,False,126.19441899773706,130.0433734026136,False
417.0,35505.88655035423,1421.4252316957609,37161.68418135888,2148.2694650622425,35618.53355140492,1364.9258805445968,,-38.02037664317078,False,True,126.02191684868353,130.256342101553,False
417.5,35548.998510884405,1424.5190022555032,37208.491482772566,2153.904149521804,35662.03837060657,1368.161768943078,,,False,False,126.30972897064504,130.46696345626722,False
418.0,35592.12866994703,1427.6098269758031,37255.32493466244,2159.541252272033,35688.49329883326,1373.7790713714744,75.09506525373703,-13.986201447459674,True,True,110.38066836776105,130.29621479638453,False
418.5,35635.27688002798,1430.6972869478434,37302.1886474679,2165.1820708006803,35731.935709792895,1377.001759340327,,,False,False,110.57187280937319,130.1205823707676,False
419.0,35678.44298811464,1433.7809960649183,37349.07543650843,2170.8277536436017,35775.86926810253,1377.1149148772847,,-31.76970817988638,False,True,112.7072526035538,130.14385774418764,False
419.5,35721.62683574247,1436.8605988096767,37395.98617157601,2176.4761564708692,35819.34779735918,1380.3127947672006,,,False,False,112.9027921768131,130.16446950625266,False
420.0,35764.8282590433,1439.9357678952647,37442.92270525176,2182.1206062846913,35858.74694015031,1384.9779828722474,73.21213836729693,-35.385461903643645,True,True,108.81671193119413,130.2050880948146,False
420.5,35808.04708879524,1443.006201773604,37489.88387760154,2187.7585292365916,35902.24219110385,1388.160573902566,,,False,False,108.9988999737953,130.24298018851573,False
421.0,35851.28315047423,1446.071622024646,37536.871369717424,2193.393428617466,35945.859345562305,1390.8246638327357,,-38.47452700561471,False,True,109.53028378853348,130.45122934376218,False
421.5,35894.53626430718,1449.1317706409739,37583.87998264521,2199.0320887031385,35989.392892035896,1393.9948017014167,,,False,False,109.7172054324487,130.65833136755404,False
422.0,35937.80624532678,1452.1864072225937,37630.90645539631,2204.6706320893777,36036.62299849445,1396.4949261861243,71.91273144691553,-44.51292382969396,True,True,113.42967762731394,131.01982657596747,False
422.5,35981.09290342778,1455.2353060971557,37677.947844956674,2210.307191456909,36080.203617834755,1399.6543404498761,,,False,False,113.63176251623112,131.3801993828678,False
423.0,36024.396043424946,1458.2782533811758,37725.011473384184,2215.9490747157115,36123.53521053299,1403.9151215358247,,-43.040801087066285,False,True,113.06601858609542,131.84272864121164,False
423.5,36067.715465112495,1461.3150439980898,37772.10184861562,2221.5935793031977,36167.15592419992,1407.0811580619277,,,False,False,113.26835077485059,132.3045359982662,False
424.0,36111.05096332509,1464.345478669154,37819.21847702319,2227.2357860529382,36234.85022035309,1392.5737936907083,69.1562466937956,-36.22408365865332,True,True,143.0993738816814,133.08268802681954,False
424.5,36154.402328000324,1467.369360893324,37866.35401566239,2232.878610998221,36278.63818683006,1395.629992049837,,,False,False,143.46109459091647,133.8601390615275,False
425.0,36197.769344242704,1470.3864939322787,37913.50523721436,2238.5168046383974,36321.52168827609,1401.7213280451208,,-47.73386462039164,False,True,141.52578443544334,134.6338048461488,False
425.5,36241.15179238914,1473.3966778167228,37960.67966588008,2244.15139464621,36365.33893089675,1404.78153704415,,,False,False,141.88193300751755,135.4069051221453,False
426.0,36284.549448075806,1476.3997063899938,38007.87831891828,2249.7841643475485,36403.10847678323,1413.6807267482088,71.98483724609854,-47.608048272760925,True,True,134.12648394464884,136.03144928725425,False
426.5,36327.96208230653,1479.3953644048145,38055.099659406646,2255.41067171826,36446.93345367285,1416.7591327019363,,,False,False,134.45253707803363,136.65631873131684,False
427.0,36371.38946152252,1482.3834246887777,38102.3463485895,2261.0319479036043,36489.339325631685,1424.2213302608432,,-51.653669455908954,False,True,131.5104546095634,137.27370855264377,False
427.5,36414.83134767353,1485.3636453938268,38149.625190763734,2266.6470912539844,36533.21028494442,1427.310871670337,,,False,False,131.8472499765414,137.89178369972507,False
428.0,36458.28749829035,1488.3357673445935,38196.92990670754,2272.263548746634,36569.429865685,1429.977823503038,72.0855932709946,-31.566404633353137,True,True,125.53196979057216,138.46157373743148,False
428.5,36501.7576665587,1491.299511499997,38244.25451006808,2277.8852378400234,36613.28837888475,1433.0497183298648,,,False,False,125.82582483862079,139.0319854165272,False
429.0,36545.24160139435,1494.254576541972,38291.60318555656,2283.507887220464,36656.46256891791,1438.136489014231,,-47.8565603308612,False,True,124.57665657998436,139.5652743366696,False
429.5,36588.739047519666,1497.200636604604,38338.97077101938,2289.125835049542,36700.3535722325,1441.2099303878663,,,False,False,124.87097865205321,140.09928986426195,False
430.0,36632.24974554134,1500.1373391562884,38386.34409540223,2294.732844785394,36749.09548652503,1444.6547521629946,69.66909062197082,-51.729095085979246,True,True,129.34931250492383,140.684014909629,False
430.5,36675.7734320294,1503.0643030468282,38433.72272869962,2300.3350710531804,36793.02042691987,1447.713268582274,,,False,False,129.65567795952347,141.26904148434056,False
431.0,36719.30983959745,1505.981116730602,38481.12044646718,2305.9340278828136,36838.77802937161,1445.9444268554564,,-34.77967444798465,False,True,133.70509526222025,141.94861656846484,False
431.5,36762.85869698418,1508.8873366761288,38528.54297250408,2311.5267529687444,36882.74434430533,1448.9488656074752,,,False,False,134.0342819865826,142.62846725576722,False
432.0,36806.41972913589,1511.782485971479,38575.9773235154,2317.1168172548314,36936.11277516872,1448.199141926295,68.43577724230553,-47.17062851873612,True,True,144.4407415836811,143.38236936822386,False
432.5,36849.99265729035,1514.6660531340747,38623.41757124379,2322.705962806695,36980.143761087274,1451.1742813537085,,,False,False,144.8119984786068,144.1364958999358,False
433.0,36893.5771990617,1517.537491132471,38670.87104274925,2328.291600578211,37021.48422922993,1460.7821880461174,,-58.38487338192484,False,True,139.93345845393884,144.7599399980599,False
433.5,36937.17306852645,1520.396216626722,38718.34080777717,2333.8736319181303,37065.52687010734,1463.7893876989235,,,False,False,140.28197126333458,145.383788954536,False
434.0,36980.77997631058,1523.2416094329217,38765.823434073696,2339.4565650840595,37100.40196632448,1476.1430137418263,69.71270721759133,-57.978520470792276,True,True,128.5600957177608,145.7425063589768,False
434.5,37024.397629677704,1526.0730122164591,38813.318346008564,2345.0348288108694,37144.41360399371,1479.1987820858812,,,False,False,128.8449748393552,146.10151486373334,False
435.0,37068.02573261822,1528.889730417473,38860.8200728862,2350.6046270129764,37190.029282677,1478.3471166433005,,-37.53050029518005,False,True,132.05840387522224,146.53296759894275,False
435.5,37111.663985939485,1531.691032410896,38908.33357194147,2356.1605010865637,37234.057422301405,1481.342848469022,,,False,False,132.3445990236244,146.96475663806734,False
436.0,37155.31208735695,1534.4761499023925,38955.862765770464,2361.6998120162357,37274.950758152176,1489.716167537424,68.30121457636677,-55.80499961600079,True,True,127.7374947733075,147.39783872478046,False
436.5,37198.96973158625,1537.2442785603912,39003.40278840229,2367.2282833747913,37318.98245876178,1492.714402473401,,,False,False,128.00767378727744,147.83108622970997,False
437.0,37242.63661043618,1539.9945788833043,39050.95592029376,2372.7521483299884,37362.771973541254,1496.3013741197283,,-47.0548797586456,False,True,127.8342740070111,148.24962226348055,False
437.5,37286.31241290257,1542.7261772999323,39098.522204328496,2378.269842232168,37406.8205298563,1499.28455762209,,,False,False,128.09910449323252,148.66825973801338,False
438.0,37329.99682526304,1545.438167499952,39146.101215062474,2383.7752525841215,37402.70446670019,1523.9782636479254,73.0782680133076,-51.32762180041597,True,True,75.80849950164601,148.61607882819663,False
438.5,37373.68953117257,1548.1296119903081,39193.691463999625,2389.27305060285,37446.4866466981,1527.0463384657282,,,False,False,75.78868287118783,148.56203829408676,False
439.0,37417.390211759805,1550.7995438722664,39241.295260249346,2394.7563784066765,37490.79435424078,1528.7565286629567,,-43.73778554184354,False,True,76.64243376149645,148.51631359911897,False
439.5,37461.098545724264,1553.4469688328409,39288.91536787416,2400.2158537594446,37534.598530579766,1531.7681357614397,,,False,False,76.63040895817178,148.4688080861189,False
440.0,37504.814209434146,1556.0708673432978,39336.55230613912,2405.6541850895783,37568.74293127357,1541.2418968778259,67.96025851038516,-53.498178156629145,True,True,65.62606068543397,148.39852241119203,False
440.5,37548.53687702496,1558.6701970564525,39384.20906938563,2411.0650846352883,37612.51839935973,1544.23762022063,,,False,False,65.58913381343298,148.3264921506758,False
441.0,37592.26622049876,1561.243895393531,39431.88223805143,2416.4501095261303,37658.139857441645,1542.3928924621248,,-36.42539740922495,False,True,68.51785428341505,148.2764041052809,False
441.5,37636.00190982404,1563.7908823104601,39479.56933519042,2421.8186198203393,37701.9435276066,1545.301591117492,,,False,False,68.48467598375504,148.2245860760781,False
442.0,37679.743613036306,1566.3100632325877,39527.267247073156,2427.169075366232,37735.55600784812,1556.2998657528012,67.0013533023739,-57.65216488236338,True,True,56.70297583208742,148.04838680980117,False
442.5,37723.490996339184,1568.8003321460212,39574.97685409877,2432.49643341145,37779.31373301721,1559.213676218137,,,False,False,56.63993204536823,147.8697996812625,False
443.0,37767.24372420607,1571.2605748330072,39622.70674006293,2437.7982393830625,37822.67781076899,1563.1946045874072,,-48.944901762204,False,True,56.017834919498874,147.68061200949126,False
443.5,37811.001459482366,1573.6896722380743,39670.45243707563,2443.0730776138616,37866.459014705695,1566.056720627625,,,False,False,55.98037496869825,147.4890622884103,False
444.0,37854.76386348816,1576.0865039510047,39718.20778052223,2448.322566624648,37916.887939499524,1567.861628168447,64.1630359690679,-49.158592274667974,True,True,62.66617430404041,147.36827156995875,False
444.5,37898.5305961214,1578.4499517921186,39765.97831516051,2453.5458131468245,37960.72365399726,1570.6632675367919,,,False,False,62.67861596782085,147.24598825130118,False
445.0,37942.30131596151,1580.7789034848324,39813.76290422301,2458.7384262736923,38006.40382813397,1568.466855694161,,-35.48491233442921,False,True,65.27418009917947,147.11006000065484,False
445.5,37986.075680373346,1583.0722563999916,39861.5520344749,2463.8984433465143,38050.25697229613,1571.1588010719079,,,False,False,65.27762749006378,146.97221322899208,False
446.0,38029.85334561161,1585.328921356095,39909.347907547955,2469.021675083621,38081.74963650689,1581.190827751661,65.11997434195489,-55.054393129037926,True,True,52.06101062566882,146.869355806696,False
446.5,38073.63396692553,1587.5478264592077,39957.154447795154,2474.111727436811,38125.53653857714,1583.853330995876,,,False,False,52.033895114420424,146.76458594707591,False
447.0,38117.4171986639,1589.7279209661153,40004.9722354553,2479.171167110733,38167.08611734293,1592.9180898545344,,-59.87082729662089,False,True,49.771263398480336,146.64823768438222,False
447.5,38161.202694380336,1591.868179154099,40052.79642440852,2484.195122897266,38210.86789142825,1595.5580060477344,,,False,False,49.80207445792943,146.53014741450136,False
448.0,38204.990106938836,1593.9676041806113,40100.6307729904,2489.189045771391,38220.589963032246,1610.7261087919458,66.91383594905551,-54.35365157518551,True,True,22.895479618108123,146.2504086144172,False
448.5,38248.77908861949,1596.0252319161107,40148.477093778194,2494.1528200527387,38264.17716757698,1613.3712733581303,,,False,False,23.194524985203174,145.96876106927795,False
449.0,38292.569291224456,1598.0401347333595,40196.32893039258,2499.0739265095563,38308.00797189551,1615.1674727212892,,-44.24868849647308,False,True,23.058589883502023,145.68520690549514,False
449.5,38336.360366183944,1600.0114252366154,40244.180498502275,2503.94721349008,38351.58963957028,1617.7090485526471,,,False,False,23.348161360413595,145.39970459384978,False
450.0,38380.151964662466,1601.9382599143455,40292.03171452823,2508.7774381704517,38395.7526466313,1617.870831063934,61.91801559593456,-40.50481583866131,True,True,22.29861209424013,144.72679801879863,False
450.5,38423.94373766505,1603.819842699361,40339.88349841095,2513.570394838091,38439.32576932738,1620.3064114219787,,,False,False,22.54803420048715,144.04655454679596,False
451.0,38467.735336143574,1605.6554284206159,40387.73198746124,2518.326645402981,38483.915289740915,1619.0737013311173,,-37.30003687369195,False,True,21.02001299506705,143.39073891196242,False
451.5,38511.52641110306,1607.4443261313204,40435.584954275015,2523.0447533510487,38527.48365766981,1621.398040395542,,,False,False,21.197638070299583,142.727838197599,False
452.0,38555.31661370802,1609.1859022985095,40483.43768293435,2527.7250011468263,38607.66765273202,1614.2395980368135,55.92646372633223,-40.75701776035924,True,True,52.59440205485927,142.27563923709462,False
452.5,38599.10559538868,1610.8795838397473,40531.286782592884,2532.3682384988742,38651.44451413418,1616.430839467981,,,False,False,52.63248858355094,141.81850106752236,False
453.0,38642.893007947176,1612.5248609932626,40579.13640139213,2536.9731898340533,38693.388720325725,1625.160344982904,,-58.11610815429719,False,True,52.052592867884236,141.3054543975527,False
453.5,38686.678503663614,1614.1212900084859,40626.97632400073,2541.529394634804,38737.133818987786,1627.3112447567626,,,False,False,52.15087487974904,140.7866068136757,False
454.0,38730.46173540199,1615.6684956446854,40674.80713628954,2546.032504359638,38754.904692919285,1635.334643134456,62.004163523507806,-46.15329413907372,True,True,31.372209505896226,139.8375651199142,False
454.5,38774.24235671591,1617.1661734661907,40722.64270808362,2550.4889841917343,38798.474649775824,1637.4111447408063,,,False,False,31.576302646944455,138.8757343637517,False
455.0,38818.02002195417,1618.6140919235256,40770.4828404536,2554.902185582926,38843.72474170333,1631.988362057712,,-27.18280785080052,False,True,28.97591618922208,137.89445990917366,False
455.5,38861.79438636601,1620.0120942106648,40818.31690695827,2559.268064068498,38887.29349065046,1633.9053916299542,,,False,False,29.03838894446481,136.89929988184414,False
456.0,38905.56510620612,1621.3600998895508,40866.145552223665,2563.580064046279,38914.53260104099,1632.9992760386112,59.68269275971977,-30.54668563123899,True,True,14.693072688932833,136.17139863983047,False
456.5,38949.33183883937,1622.6581062739872,40913.97383473692,2567.8426884423916,38957.98455817737,1634.7725178156966,,,False,False,14.887193118386824,135.4350352410159,False
457.0,38993.09424284516,1623.9061895660197,40961.80201059053,2572.0630748099265,39001.847724999214,1634.1786775822666,,-37.08135249655837,False,True,13.496201682891199,134.70455173681597,False
457.5,39036.85197812145,1625.1045057389645,41009.63080514495,2576.244069821998,39045.291311729925,1635.8432009977319,,,False,False,13.658035276562421,133.96566304998612,False
458.0,39080.604705988335,1626.253291162297,41057.45265964618,2580.3801391304833,39104.74610729734,1636.5904749981228,53.98415204066225,-44.45145859776449,True,True,26.26146657782098,133.4783980769399,False
458.5,39124.35208929121,1627.352862964709,41105.26391050277,2584.4698619048186,39148.258871318074,1638.1567827161934,,,False,False,26.234689037157708,132.98573529506368,False
459.0,39168.09379250349,1628.4036191327345,41153.06797707443,2588.516917903943,39191.264682731126,1643.0894993869795,,-47.90234890255229,False,True,27.43292242513031,132.49928888642796,False
459.5,39211.82948182877,1629.406038343472,41200.86990605052,2592.524427084488,39234.75172681883,1644.5949378916994,,,False,False,27.49785418665601,132.00759585567266,False
460.0,39255.55882530256,1630.3606795310404,41248.67929123087,2596.4875030499265,39252.57944596218,1646.83547428559,57.71977496777582,-35.36956437400389,True,True,16.742029848809217,131.5530248163729,False
460.5,39299.28149289338,1631.2681811875439,41296.49136607618,2600.3990797448273,39295.906003171855,1648.233502041279,,,False,False,17.29786236881045,131.09444104417986,False
461.0,39342.99715660327,1632.1292604004286,41344.30354197466,2604.261576399012,39339.39502667821,1647.6350195901286,,-35.65579572267298,False,True,15.918665397763647,130.63480794206822,False
461.5,39386.70549056772,1632.9447116292408,41392.11930779172,2608.076728764745,39382.714849783595,1648.9124699319696,,,False,False,16.45887356662947,130.17100047475344,False
462.0,39430.40617115496,1633.7154052258918,41439.93364992222,2611.8465686317168,39428.90432138521,1646.655563549501,52.631266287397466,-32.32872958480861,True,True,13.02702000347579,129.45807209289407,False
462.5,39474.098877064476,1634.4422857036207,41487.74336306859,2615.581344765417,39472.225676881615,1647.8158857627718,,,False,False,13.504149638803586,128.73677254576634,False
463.0,39517.78328942495,1635.1263697609088,41535.54677962123,2619.2879608431144,39515.681881980134,1645.183235875006,,-30.466494966206614,False,True,10.274067806181263,127.99969278586954,False
463.5,39561.459091891345,1635.7687440676334,41583.34447122675,2622.962138716739,39558.98244026745,1646.24261697584,,,False,False,10.762704909241554,127.25346583353668,False
464.0,39605.12597074127,1636.3705628217563,41631.140764449956,2626.6034445456094,39589.450667567035,1657.3439200941027,52.96688589792083,-55.60494396926052,True,True,26.183904309281854,126.37504442729023,False
464.5,39648.78361497057,1636.9330450858051,41678.93365539643,2630.2154005419425,39632.64574410304,1658.4173615931081,,,False,False,26.870182952910916,125.48597206246538,False
465.0,39692.43171638804,1637.4574719133363,41726.72761039206,2633.794886844134,39675.772637071335,1655.5263746484975,,-29.166290863059924,False,True,24.576618354301473,124.58307175399553,False
465.5,39736.06996970931,1637.9451832764544,41774.52569191884,2637.3427277748506,39718.962888109665,1656.4941423179414,,,False,False,25.233234481128196,123.66850553935679,False
466.0,39779.69807264983,1638.3975748062892,41822.32131625303,2640.865476154765,39772.62180601836,1654.2321746755474,48.30241034507276,-31.178715357191994,True,True,17.3438202959775,122.8876079899024,False
466.5,39823.315726016954,1638.8160943591272,41870.11067453779,2644.3655267836284,39815.858997782154,1655.1180926855416,,,False,False,17.926459366034273,122.09745147648152,False
467.0,39866.922633801085,1639.2022384216102,41917.89177588751,2647.8442809202793,39859.073590607615,1655.8565597220838,,-34.957601307304,False,True,18.41124376657813,121.30152016828922,False
467.5,39910.518503265834,1639.557548369091,41965.66896588176,2651.301301618079,39902.286084314735,1656.6904730056606,,,False,False,19.008151629992252,120.49599944852707,False
468.0,39954.10304503719,1639.883606591839,42013.44092004739,2654.7368139685937,39926.906429743896,1652.6755700890385,50.257775320042754,-23.52958553061721,True,True,30.054786865408815,119.52859441229802,False
468.5,39997.67597319166,1640.1820325043377,42061.209016110224,2658.141210602509,39969.98513085859,1653.4059077205509,,,False,False,30.686375231506236,118.54886760939215,False
469.0,40041.23700534337,1640.4544784533837,42108.97515598144,2661.5169240138634,40013.95505492654,1661.4116120929036,,-47.4282759580089,False,True,34.402125936212514,117.55313583990667,False
469.5,40084.78586273009,1640.7026255411126,42156.73038946036,2664.8715514235178,40057.005074739725,1662.1478869897276,,,False,False,35.095176591163465,116.54521886035907,False
470.0,40128.32227029815,1640.9281793794153,42204.46712183928,2668.2046790913478,40116.7368005741,1658.4011333913775,43.90825666990533,-25.902167174307667,True,True,20.96490473698914,115.76731917598218,False
470.5,40171.8459567862,1641.1328657924626,42252.185413873274,2671.5169198158087,40159.84793101299,1659.0475271002979,,,False,False,21.561254885304155,114.98082981721564,False
471.0,40215.35665480787,1641.3184264842655,42299.89393499368,2674.806110417614,40202.64029863375,1657.9260647466224,,-28.7782915184306,False,True,20.916963522469803,114.15919590861323,False
471.5,40258.85410093318,1641.4866146883005,42347.59816496492,2678.0820387318618,40245.72499445222,1658.512835862153,,,False,False,21.500363821326516,113.32839146417939,False
472.0,40302.33803576883,1641.6391908162825,42395.30284036332,2681.348600648724,40279.3693307867,1666.1717463370683,45.78354541716334,-43.33253903689862,True,True,33.6066613774195,112.36574585828131,False
472.5,40345.808204037174,1641.7779181231356,42443.002528783225,2684.6026295640263,40322.36732630071,1666.7919088378064,,,False,False,34.28081796762717,111.39153061681188,False
473.0,40389.264354654,1641.9045584051028,42490.68886820183,2687.84965265087,40366.3614862184,1671.8532383617596,,-38.360138161833255,False,True,37.702318413126015,110.3847554800968,False
473.5,40432.70624080501,1642.020867747763,42538.355953637234,2691.0935317066815,40409.314272390846,1672.4945267620424,,,False,False,38.41650791011446,109.36589765025074,False
474.0,40476.133620021,1642.1285923404625,42585.999871155545,2694.33435435236,40456.26136188566,1682.4575115026803,42.45788343424659,-45.9221592011753,True,True,44.959185537441805,108.2253840820897,False
474.5,40519.54625425172,1642.2294643733512,42633.630405276104,2697.5732674209025,40499.1772378113,1683.1676063008083,,,False,False,45.7255759419456,107.06975036893772,False
475.0,40562.94390993838,1642.3251980328143,42681.24580356629,2700.8209446707033,40542.06312778954,1683.8533534072444,,-29.162869693116427,False,True,46.48219822631354,105.82769600446562,False
475.5,40606.326358084814,1642.4174856106267,42728.844106969605,2704.0849971864072,40584.93368591614,1684.5815965704483,,,False,False,47.28063742747615,104.56796796664156,False
476.0,40649.6933743272,1642.5079937416292,42776.427324289296,2707.356462915822,40635.001156463986,1688.0530168509208,39.976288717379205,-32.92052964498069,True,True,47.85614271716958,103.71996147949618,False
476.5,40693.044739002435,1642.598359784126,42823.99829347238,2710.6292170686665,40677.87399800879,1688.8050831953042,,,False,False,48.63345217741913,102.86530158310748,False
477.0,40736.38023721503,1642.690188356549,42871.56449475478,2713.908342084608,40722.89173599459,1696.0986548375554,,-38.13791280005716,False,True,55.08542417941954,102.04895916695978,False
477.5,40779.69965890259,1642.785048043222,42919.12362373329,2717.198364256581,40765.743668041294,1696.9182368108218,,,False,False,55.90323610551622,101.22720045026304,False
478.0,40823.00279889975,1642.8844682812785,42966.66734859226,2720.4965447243394,40841.06141170997,1699.4134454839837,34.399414629843534,-29.18143407213938,True,True,59.343396938608265,100.66854700417267,False
478.5,40866.28945700075,1642.9899364399726,43014.19675710669,2723.8076824236114,40884.080602571354,1700.2497374558486,,,False,False,59.96006732061089,100.10881311311836,False
479.0,40909.55943802034,1643.1028951027488,43061.71562883707,2727.133386140972,40925.104653367154,1695.8733012557825,,-17.66684487088048,False,True,55.01244846155244,99.47752333601252,False
479.5,40952.8125518533,1643.2247395615154,43109.22355171706,2730.4728388596614,40968.08663847933,1696.6865151503155,,,False,False,55.600891821686226,98.84358317105648,False
480.0,40996.04861353228,1643.3568155316177,43156.72652834311,2733.828213900093,40997.031892908286,1701.3679083483223,39.10426015024355,-30.912932837777262,True,True,58.01942543768938,98.28379660657953,False
480.5,41039.26744328422,1643.5004170950099,43204.21974205368,2737.192119569259,41039.88856928668,1702.23974668335,,,False,False,58.742613476066765,97.72378521521887,False
481.0,41082.46886658505,1643.6567848781042,43251.694411661185,2740.5708736648703,41080.226336583124,1697.2654628827358,,-15.569510371628443,False,True,53.65556167084459,97.11444130622459,False
481.5,41125.65271421288,1643.8271044697212,43299.15398445414,2743.9759790764756,41123.03110796884,1698.12198460447,,,False,False,54.358134884721274,96.50360470687701,False
482.0,41168.818822299545,1644.0125050834954,43346.60059744495,2747.4083190763513,41189.34540679228,1697.3459632685858,31.390278513309013,-20.469647480867355,True,True,57.14716469710595,95.85373909141495,False
482.5,41211.967032380504,1644.2140584679962,43394.03259641558,2750.8617587991744,41232.269770996114,1698.2163768007103,,,False,False,57.692734209790885,95.20058403452217,False
483.0,41255.09719144312,1644.4327780667243,43441.45649766789,2754.3407432402155,41276.02859655519,1700.9032541126542,,-24.720468962532163,False,True,60.224898379486035,94.57230520500686,False
483.5,41298.2091519733,1644.6696184290292,43488.871773182516,2757.8513566129495,41318.92744717992,1701.8392305036502,,,False,False,60.807995370932616,93.94154176262589,False
484.0,41341.30277200037,1644.9254748718809,43536.27902650471,2761.3888707825236,41359.69652538784,1702.8711087234499,33.25661781673046,-21.56563329610799,True,True,60.79495576229318,92.771253101826,False
484.5,41384.37791514035,1645.2011833913145,43583.68275698941,2764.957581347477,41402.558434223145,1703.860393484907,,,False,False,61.4120037364364,91.58400369089091,False
485.0,41427.43445063752,1645.4975208212684,43631.07748222582,2768.55529613258,41440.060968733516,1694.5020712450078,,-6.7383805873260165,False,True,50.60508790093479,90.33367619979374,False
485.5,41470.472253404216,1645.8152052364312,43678.45924453433,2772.1770213289165,41482.874078300505,1695.45002652644,,,False,False,51.16073440881531,89.0625532539587,False
486.0,41513.491204058955,1646.1548965946524,43725.82663646007,2775.8312465146923,41534.957629168406,1685.5922268917031,28.590820298259768,-5.376471424253927,True,True,44.90111833727909,87.8871217077323,False
486.5,41556.49118896277,1646.5171976134027,43773.179925548706,2779.518443093421,41577.81530102562,1686.4964180412871,,,False,False,45.3106590251172,86.69195316769779,False
487.0,41599.472100253864,1646.9026548737536,43820.515248781565,2783.2327262416825,41619.36033724182,1685.1113508748026,,-15.54398239469958,False,True,43.07489315819298,85.52460987579886,False
487.5,41642.43383588044,1647.3117601443407,43867.83433338375,2786.9831656831398,41662.16921088889,1686.0512120127191,,,False,False,43.47677722401476,84.33694943884271,False
488.0,41685.37629963179,1647.7449519168185,43915.14812461045,2790.7666420583137,41696.0983315549,1678.0495150088755,29.472680605858603,-6.499735115884944,True,True,32.14542755604145,83.19248740646384,False
488.5,41728.29940116761,1648.2026171433927,43962.453346071685,2794.574568107351,41738.84113287107,1678.9667833125102,,,False,False,32.52017877239893,82.02812119638217,False
489.0,41771.20305604553,1648.685093166134,44009.74227830788,2798.413257028968,41780.346892970345,1677.8694392592975,,-14.2962653079125,False,True,30.583260300254544,80.86233199280706,False
489.5,41814.087185746794,1649.192669826952,44057.018682375616,2802.281356497514,41823.0461161185,1678.8210958154432,,,False,False,30.95328835456109,79.67534956571966,False
490.0,41856.95171770021,1649.7255917463256,44104.28187685986,2806.1838464529555,41880.08627957399,1684.0248441639244,25.07299340806198,-21.216815581182143,True,True,41.37205179221509,78.43847044939412,False
490.5,41899.79658530427,1650.2840607581657,44151.534234996136,2810.126286478222,41922.83975987929,1685.0665256543357,,,False,False,41.72298837269489,77.17753857602659,False
491.0,41942.621727947386,1650.8682384875149,44198.77114117054,2814.1003873371405,41963.05213157196,1682.1534429504873,,-10.676551280788354,False,True,37.36529687494791,75.77451799047543,False
491.5,41985.42709102642,1651.4782490571902,44245.98703143497,2818.1026048667777,42005.75030674412,1683.2134453137392,,,False,False,37.68495427289292,74.3394071802003,False
492.0,42028.212625963235,1652.1141819089275,44293.185029597866,2822.135762656815,42049.81705887232,1685.4907634677172,24.915023634751577,-15.867380104585283,True,True,39.75861815850489,72.63108702341916,False
492.5,42070.97829021959,1652.7760947241177,44340.36237360824,2826.2019910688964,42092.473358731644,1686.614748269192,,,False,False,40.08855752058905,70.87416246840729,False
493.0,42113.72404731,1653.4640164288119,44387.518586586724,2830.3003976023892,42139.89292777682,1694.9460514181333,,-21.770997745430904,False,True,49.04660571070915,69.27844999668183,False
493.5,42156.44986681294,1654.1779502673392,44434.65838091453,2834.426756412473,42182.51836325608,1696.1790786815645,,,False,False,49.433402622865856,67.63937279103388,False
494.0,42199.15572438002,1654.917876928615,44481.78233355168,2838.5766404863284,42222.04758888752,1693.1719386943428,23.217801619488153,-8.771530834868743,True,True,44.58038472474167,66.22505637063831,False
494.5,42241.84160174349,1655.6837577090237,44528.88910833636,2842.749370696416,42264.618249087376,1694.40864923987,,,False,False,44.92652766800186,64.77561297213607,False
495.0,42284.507486721726,1656.4755376956414,44575.979230235316,2846.950883128135,42307.13981445368,1695.6306040678276,,-12.619290417004763,False,True,45.22545169676974,63.20946352182414,False
495.5,42327.15337322302,1657.2931489535188,44623.04756516148,2851.1848966280095,42349.66171854969,1696.9193827842653,,,False,False,45.57262354696795,61.598844742329376,False
496.0,42369.77926124736,1658.1365137007715,44670.09846844435,2855.443145202984,42403.53773624553,1703.1915484698152,19.99447502283443,-17.732245336723068,True,True,56.29911892953758,60.19326518695179,False
496.5,42412.38515688648,1659.005547455331,44717.13780773368,2859.726618496371,42446.088007827835,1704.5522073287802,,,False,False,56.66021873592654,58.750932660120874,False
497.0,42454.971072321976,1659.9001621373807,44764.1547993484,2864.0405175067535,42488.33624725605,1705.5631666428746,,-11.166648489784633,False,True,56.55391126040673,57.27596296064195,False
497.5,42497.53702582163,1660.8202691117565,44811.1591225515,2868.38460409386,42530.84066866122,1706.9727582534467,,,False,False,56.91383733646014,55.758846921372296,False
498.0,42540.08304173379,1661.765782154906,44858.15395057584,2872.755406946756,42542.90830054544,1709.8136206755123,25.11306791246518,-9.440768054548654,True,True,48.13083080370665,55.35686923899569,False
498.5,42582.60915048003,1662.7366203313932,44905.12701479065,2877.156372786407,42585.1555206403,1711.3161398956402,,,False,False,48.64620974018609,54.958215841576575,False
499.0,42625.11538854579,1663.7327107653946,44952.08577106631,2881.594543237935,42632.604550450655,1719.7583766020516,,-17.448358922304962,False,True,56.5240017910802,54.639924739528205,False
499.5,42667.60179846935,1664.753991293158,44999.034271658245,2886.0732594357396,42674.83587850395,1721.3840881732424,,,False,False,57.09027751373029,54.32769995532493,False
500.0,42710.06842882882,1665.8004129829799,45045.968920212894,2890.5935695553003,42716.12166530902,1727.0397987829833,18.823428769366455,-13.769981662732917,True,True,61.53782613195689,54.265364334366396,False
500.5,42752.51533422735,1666.8719425099118,45092.88223675732,2895.1467209493094,42758.29038629715,1728.7673776959696,,,False,False,62.164267254431685,54.21284582453407,False
501.0,42794.94257527652,1667.9685643731123,45139.768826330765,2899.731114337966,42809.18987930218,1741.6983802301916,,-20.53226270899685,False,True,75.09375086063149,54.326137380550755,False
501.5,42837.35021857784,1669.0902829445213,45186.637909630954,2904.3481427571314,42851.3372657234,1743.5679568997134,,,False,False,75.77968992829123,54.452111668913815,False
502.0,42879.73833670251,1670.2371243383534,45233.50350865125,2908.9978951778726,42915.01570343983,1739.137384837017,11.5585123094527,-7.657914251801387,True,True,77.406320805881,54.78307177044799,False
502.5,42922.10700816927,1671.4091380917632,45280.35810812439,2913.6783145563086,42957.304967772136,1740.984309951688,,,False,False,77.97179553879229,55.12326662023227,False
503.0,42964.456317420496,1672.6063986479462,45327.196503178486,2918.383813881511,43001.89549969385,1745.7002749253531,,-11.78737011653292,False,True,82.12433937971235,55.54757399900913,False
503.5,43006.78635479651,1673.829006633883,45374.02110300637,2923.1093850999932,43044.15404778124,1747.606177661525,,,False,False,82.70075842362525,55.980203172695006,False
504.0,43049.097216507995,1675.0770899259155,45420.832703465,2927.864252155595,43079.12243007618,1737.2762058234637,13.901380609386806,1.4291387121355577,True,True,69.06694917434753,56.07817968391787,False
504.5,43091.38900460676,1676.3508044973596,45467.632398487796,2932.657547362664,43121.325422923175,1739.1467570471832,,,False,False,69.5666644180605,56.183832805131544,False
505.0,43133.66182695461,1677.6503350433954,45514.4175651291,2937.47725752555,43161.92124304119,1739.1539088845063,,-6.690618288714776,False,True,67.68518444078956,56.22096672943475,False
505.5,43175.91579719049,1678.9758953795367,45561.18855323849,2942.317938430739,43204.079028351785,1741.0495512833393,,,False,False,68.16381992456154,56.265548195515734,False
506.0,43218.151034695904,1680.3277286110651,45607.94783736224,2947.1896786671205,43228.60383815968,1718.175483711041,12.006496879950673,12.540538555392095,True,True,39.26466180116783,56.130163994798494,False
506.5,43260.36766455851,1681.7061070718985,45654.70232009844,2952.096350616228,43270.6731135418,1719.9407780026079,,,False,False,39.59914569693275,55.997847558327045,False
507.0,43302.56581753403,1683.111332032466,45701.454522377,2957.028825782689,43298.88301393291,1705.7430320147203,,6.310433232662815,False,True,22.929389142565487,55.77051007015769,False
507.5,43344.745630006444,1684.543733177261,45748.19294376611,2961.9907414912873,43340.86843570319,1707.4363762359912,,,False,False,23.218650733400242,55.54344715293566,False
508.0,43386.90724394641,1686.003667853839,45794.91154736641,2966.9927737412595,43384.161635102355,1695.215702346802,8.33448310785873,2.126549197790787,True,True,9.612489137787103,55.492811121987245,False
508.5,43429.050806868036,1687.4915200961254,45841.61787865203,2972.0332319490963,43426.14974906372,1696.8581554960595,,,False,False,9.805610388919247,55.44095068971614,False
509.0,43471.17647178396,1689.007699425964,45888.31763699858,2977.1058870283223,43468.329188168376,1698.7545637296805,,-6.130859492346195,False,True,10.154230041841927,55.39059858930677,False
509.5,43513.28439715872,1690.55263943791,45935.01290093251,2982.2062084896743,43510.29702171269,1700.4471909740655,,,False,False,10.33569359826251,55.339057180475784,False
510.0,43555.37474686048,1692.1267961733033,45981.69817714338,2987.3363921307646,43552.20140477062,1691.2498839285784,7.242411954410619,0.6760938762046207,True,True,3.2922750650918045,55.28180586032197,False
510.5,43597.44769011112,1693.7306462906674,46028.370764606225,2992.5026637833407,43594.164390208025,1692.9059147954865,,,False,False,3.385297666794222,55.22324971513381,False
511.0,43639.50340143472,1695.3646850404707,46075.029010282735,2997.7070888415938,43632.272355702684,1690.421211931991,,-2.0231164035104396,False,True,8.759334949243458,55.180188542350066,False
511.5,43681.542060604355,1697.029424053216,46121.676010086354,3002.948975705634,43674.18347849683,1692.1110227609163,,,False,False,8.85095485839127,55.13639879826204,False
512.0,43723.563852587344,1698.7253889507435,46168.320655898606,3008.2255365688693,43716.52421893856,1690.5670165936538,6.736415867442975,-3.49031108148747,True,True,10.775689371265448,54.822591507053886,False
512.5,43765.56896748893,1700.4531167914836,46214.95986947408,3013.539267362362,43758.42930391378,1692.2887636756523,,,False,False,10.845803693886944,54.506679975831325,False
513.0,43807.55760049435,1702.2131533612128,46261.588020671385,3018.897327513543,43816.36280810612,1711.0119999119079,,-18.299200592846923,False,True,12.44794688729854,54.200702663766414,False
513.5,43849.52995180939,1704.0060503216257,46308.20379339919,3024.294712161315,43858.30480788622,1712.9245413894132,,,False,False,12.511497995655601,53.891942621790314,False
514.0,43891.48622659938,1705.8323622297405,46354.808669127815,3029.7283891531165,43914.396358377904,1710.652058613651,2.389412157945065,-7.399076117393681,True,True,23.411612745439644,53.839232339922624,False
514.5,43933.426634926735,1707.6926434418065,46401.40516234735,3035.201169758337,43956.42166160278,1712.5747329903916,,,False,False,23.50757431536288,53.78546030789482,False
515.0,43975.35139168694,1709.5874449159637,46447.99419970345,3040.7148916534024,43981.56682793514,1697.2771414672718,,7.9799075572302804,False,True,13.790403139657137,53.70679324134378,False
515.5,44017.260716543096,1711.5173109284315,46494.581721752984,3046.2708248125723,44023.49945572499,1699.1510911196513,,,False,False,13.850821597968217,53.62777352956054,False
516.0,44059.154833859015,1713.482775718454,46541.16912708691,3051.870065281008,44072.02973439035,1722.1609896989255,6.893299148702271,-16.745189977318724,True,True,15.526572757136845,53.630831277208955,False
516.5,44101.03397263088,1715.4843600776214,46587.754395339594,3057.5133465627596,44113.942893652646,1724.2740381921267,,,False,False,15.61725594663683,53.63353465494208,False
517.0,44142.898366417474,1717.5225678995048,46634.3335909692,3063.2011503243884,44166.054088157034,1736.5913684384639,,-13.462493889738797,False,True,29.996776548065107,53.72057854937295,False
517.5,44184.74825326905,1719.597882705779,46680.90269257286,3068.9285688856094,44207.98794222555,1738.846432691559,,,False,False,30.175980834926985,53.80825463256515,False
518.0,44226.583875654804,1721.7107641651944,46727.45986948541,3074.6955732410597,44250.21515897785,1719.1620457462236,-1.4267390162489195,3.0410496109342517,True,True,23.76833012799495,53.793160937162845,False
518.5,44268.40548038904,1723.8616446218448,46774.008737803786,3080.50488806888,44292.17959771662,1721.307671821594,,,False,False,23.91090612607378,53.77905613483139,False
519.0,44310.21331855597,1726.050925649213,46820.55590032211,3086.3512522950255,44336.15322047292,1725.4304645300297,,-7.233471656640719,False,True,25.94732131572408,53.76945511991344,False
519.5,44352.007645433245,1728.2789746464207,46867.09607745817,3092.2420460785943,44378.10980341643,1727.65812120457,,,False,False,26.109540600621425,53.76044310667987,False
520.0,44393.78872041416,1730.5461214929885,46913.62517010503,3098.1727291248876,44419.724910258534,1731.0796291183212,1.5869384841991259,-6.397855779501943,True,True,25.94167639204806,53.80797523502792,False
520.5,44435.55680692869,1732.8526552782166,46960.14983695275,3104.144227272504,44461.65226447658,1733.38537518362,,,False,False,26.10089452741688,53.85417984295604,False
521.0,44477.312172363214,1735.198821121022,47006.67833263084,3110.1696896206627,44491.91788872173,1724.8003479797553,,1.9374985646310794,False,True,17.92917159310498,53.862405915537934,False
521.5,44519.055087979075,1737.584817095735,47053.20608212548,3116.2425413703872,44533.7856609452,1727.122294486677,,,False,False,18.06804248543123,53.869121060445465,False
522.0,44560.78582882995,1740.0107912789351,47099.72445108716,3122.354992639838,44576.2100168079,1731.137000616798,0.1792902025995432,-7.258058729986945,True,True,17.794654688827226,53.88687752615888,False
522.5,44602.50467367807,1742.4768389319406,47146.232421709465,3128.507970696881,44618.04904682301,1733.5388262669585,,,False,False,17.93085627817463,53.90368693042938,False
523.0,44644.21190490931,1744.982999833009,47192.73593349358,3134.6990205168254,44670.28507872904,1745.463651155251,,-14.180376103585782,False,True,26.07760377656152,53.9730278701587,False
523.5,44685.90780844715,1747.5292557726998,47239.23592813851,3140.925002874481,44712.156500097226,1747.9879253619877,,,False,False,26.252698739996866,54.042145326694744,False
524.0,44727.5926736656,1750.1155282251846,47285.72507025228,3147.190252076083,44744.05872033361,1745.529356355498,-0.4768665229229416,-2.0046555859330857,True,True,17.092795713151464,53.9947279246076,False
524.5,44769.26679330106,1752.741676207551,47332.21464901908,3153.497763553064,44785.85381200145,1748.0961171029494,,,False,False,17.225283996538707,53.943423427802905,False
525.0,44810.93046336313,1755.407494338376,47378.717351938925,3159.852532565016,44828.82259984037,1751.7347485485616,,-8.756452552998876,False,True,18.265202143879083,53.910779948429635,False
525.5,44852.58398304445,1758.1127111059925,47425.22386499148,3166.256492841197,44870.63140544527,1754.392084904242,,,False,False,18.42695076909237,53.874881687470825,False
526.0,44894.227654629576,1760.8569873560086,47471.72522257142,3172.7047841300364,44928.63049922844,1763.9795931297863,-3.9826835566556857,-17.373080365213763,True,True,34.54426701078136,53.98262635519184,False
526.5,44935.86178340286,1763.639915006696,47518.22078284282,3179.194355059484,44970.5162189367,1766.7428606884337,,,False,False,34.79307652497051,54.08975943911871,False
527.0,44977.48667755552,1766.4610159999033,47564.713708711715,3185.7260385677478,45029.900851923376,1784.5205641381124,,-21.175807046244564,False,True,55.438190389119484,54.41788760123874,False
527.5,45019.10264809172,1769.3197414941544,47611.20245647738,3192.305959740193,45071.85651861512,1787.4572405594029,,,False,False,55.78476250322455,54.74597687921552,False
528.0,45060.71000873383,1772.2154713055427,47657.68739607483,3198.9325486727007,45121.13493895651,1815.3594238906417,0.4897519170824367,-20.505168335810012,True,True,74.24670253338087,55.291397932111835,False
528.5,45102.309075826895,1775.1475136009888,47704.17176815333,3205.6027815418224,45163.06629196829,1818.5629624374274,,,False,False,74.674898800877,55.834453259460474,False
529.0,45143.90016824224,1778.1151048473369,47750.6568668777,3212.314995869427,45204.255440025474,1821.1933104676227,,-11.423532392790412,False,True,74.15180801229216,56.335342929671775,False
529.5,45185.48360728037,1781.1174100186702,47797.14198956776,3219.0669617897343,45246.175891952895,1824.464327847162,,,False,False,74.58222780261552,56.833634174430046,False
530.0,45227.059716573065,1784.153523063116,47843.62245011279,3225.862107086031,45305.82853460896,1843.0612098537872,-4.216365678833903,-24.631131205874574,True,True,98.3597593419178,57.88186993399463,False
530.5,45268.628821984836,1787.2224676292876,47890.09340452881,3232.698699552898,45347.81249206389,1846.5031233048774,,,False,False,98.91536657423838,58.92076651615518,False
531.0,45310.19125151363,1790.3231980514006,47936.561698302976,3239.57336582347,45398.83065679674,1857.1816997300377,,-19.9467638725553,False,True,111.0270391195569,60.22016038769926,False
531.5,45351.747335190936,1793.4546005909694,47983.04203742964,3246.4858918499403,45440.861560279925,1860.7342246831677,,,False,False,111.65971937632045,61.50439812796402,False
532.0,45393.29740498125,1796.615494931896,48029.53587566185,3253.42832185331,45473.12542337652,1858.082757814422,-5.0400069277261865,-9.045648420332839,True,True,100.7508656398829,62.45203130034662,False
532.5,45434.84179468096,1799.8046359246498,48076.02824575942,3260.397883953553,45515.1082985835,1861.6470114137544,,,False,False,101.32714865658014,63.392758624450934,False
533.0,45476.38083981665,1803.0207155741746,48122.51702730443,3267.403472219988,45553.075693410996,1862.1539381652149,,-13.205862159798196,False,True,96.84440397802804,64.20477773206461,False
533.5,45517.91487754294,1806.2623652650852,48169.00591547995,3274.4436099050004,45595.02717838031,1865.7601603479584,,,False,False,97.39761064911417,65.01197145591024,False
534.0,45559.44424653973,1809.5281582167,48215.490616831245,3281.511324076,45655.5428635121,1873.583011369824,-8.545780266443282,-26.725343907312713,True,True,115.4901225060845,66.13553142099742,False
534.5,45600.96928690907,1812.8166121594475,48261.979378939846,3288.6079518613487,45697.605343667805,1877.243466525636,,,False,False,116.143648252494,67.24824703308128,False
535.0,45642.490340071556,1816.126192223229,48308.472780691576,3295.726728661164,45745.28832984778,1885.0942082159588,,-21.638352621903703,False,True,123.79020127621857,68.51076861532532,False
535.5,45684.007748662305,1819.4553140273943,48354.96936234733,3302.862031672386,45787.38042098646,1888.808465743761,,,False,False,124.48200286158131,69.75948471297625,False
536.0,45725.521856426625,1822.802346961108,48401.48107988633,3310.0176639005267,45837.39514022036,1902.9667736950685,-6.1312594471078645,-25.213601067013727,True,True,137.6298185001277,71.29660198140301,False
536.5,45767.033008115286,1826.1656176420609,48448.009161787784,3317.1938564392362,45879.541346410435,1906.782973671506,,,False,False,138.40984169889788,72.81381887958662,False
537.0,45808.5415493795,1829.5434135406958,48494.540589353084,3324.3916058958266,45916.88801784576,1907.1863486402365,,-17.57257079448492,False,True,133.29434571647076,74.11941634445543,False
537.5,45850.04782666565,1832.9339867564026,48541.0692049217,3331.611962239673,45959.00312791906,1911.017086977538,,,False,False,134.04561988877117,75.41191446210823,False
538.0,45891.55218710974,1836.3355579314696,48587.593318316736,3338.8589966091977,46007.37803540737,1916.366877724876,-8.651873350089343,-25.284190811045857,True,True,140.7857921870679,76.80614176048063,False
538.5,45933.05497843167,1839.7463202879776,48634.12201785464,3346.128114827466,46049.52600955062,1920.240200654911,,,False,False,141.57953901054066,78.1880447493854,False
539.0,45974.55654882929,1843.1644437722887,48680.66222845153,3353.4129826651783,46082.399839435784,1917.7343504327591,,-17.030237181022226,False,True,131.1138677188173,79.35870231859207,False
539.5,46016.05724687239,1846.5880792913078,48727.20639277245,3360.7130524775466,46124.50792454937,1921.5918585554814,,,False,False,131.86021535135066,80.5229470632925,False
540.0,46057.55742139646,1850.015363024296,48773.74936365813,3368.030798585951,46170.0623233193,1908.7128321623838,-13.318069935822173,-23.29723346924874,True,True,126.89659506812787,81.54621232648645,False
540.5,46099.05742139646,1853.4444207936822,48820.2915381595,3375.358484419571,46212.22439567533,1912.453711540614,,,False,False,127.62782009378267,82.56481310034566,False
541.0,46140.55759592052,1856.8733724780632,48866.84069603646,3382.6889729345503,46260.680192361484,1920.367203961806,,-29.08903022514411,False,True,135.87091231092757,83.78447826820364,False
541.5,46182.05829396362,1860.300336450392,48913.40164095927,3390.014674499518,46302.88808352559,1924.1195001092594,,,False,False,136.64817487148153,84.99705391691406,False
542.0,46223.559864361254,1863.7234340242496,48959.97259809325,3397.3330006213578,46343.460139834235,1929.6644570940086,-8.967251536544769,-25.861156239666126,True,True,136.83674426842808,86.17297532576987,False
542.5,46265.06265568318,1867.1407938910495,49006.5525241166,3404.651212474582,46385.66550912804,1933.4148538119498,,,False,False,137.6128601455629,87.34427216985492,False
543.0,46306.56701612727,1870.550556531071,49053.13682699922,3411.9674180689835,46415.586348308025,1929.331196993592,,-19.91052022439351,False,True,123.85628156182264,88.21303378791548,False
543.5,46348.07329341342,1873.9508785813239,49099.72622217155,3419.2723312787084,46457.72891922281,1933.0133907850409,,,False,False,124.55013697087414,89.08076164150616,False
544.0,46389.581834677636,1877.339937143435,49146.32573854197,3426.564748461442,46526.72674793593,1952.5378102287225,-10.49338083781113,-46.4619605575013,True,True,156.40795168141452,90.58582239163195,False
544.5,46431.09298636629,1880.7159340150051,49192.931047403785,3433.8523160644077,46569.02562696955,1956.2797286323487,,,False,False,157.27460189350685,92.08017281778214,False
545.0,46472.60709413061,1884.0770998282203,49239.54446752602,3441.1291137839157,46614.203822899864,1961.7576862648773,,-33.08052628883793,False,True,161.50513028166262,93.72858532880471,False
545.5,46514.12450272136,1887.4216980799008,49286.16935284325,3448.3912384913842,46656.53210546448,1965.4738249600248,,,False,False,162.3947654007167,95.36431672354834,False
546.0,46555.645555883835,1890.7480290376395,49332.80601409029,3455.64704206796,46682.07095078267,1971.525913192228,-7.775163421149185,-23.124542405739664,True,True,150.02815417053597,96.75319221521931,False
546.5,46597.17059625318,1894.054433507227,49379.45186068545,3462.8972074528183,46724.29581314197,1975.2593554565208,,,False,False,150.84780448456667,98.13632126509614,False
547.0,46638.69996524997,1897.339296447155,49426.0975196307,3470.1357055441754,46763.72137813752,1977.3406053720398,,-32.22507448964604,False,True,148.42696220731887,99.46574477346827,False
547.5,46680.23400297626,1900.6010504166545,49472.74759783963,3477.360414869079,46805.928616079706,1981.0297997702194,,,False,False,149.22439306561955,100.7907182224597,False
548.0,46721.773048111965,1903.8381788444556,49519.407630326656,3484.5616071047443,46829.819685249946,1987.1548766100077,-8.047208342397944,-24.780526083428676,True,True,136.4395394428713,101.92009925692648,False
548.5,46763.31743781167,1907.0492191062194,49566.07883119678,3491.7355966665586,46871.91297872967,1990.8252885472987,,,False,False,137.15473494659255,103.04793387250307,False
549.0,46804.86750760198,1910.232765399438,49612.771573484126,3498.889662556655,46909.14646336035,1991.7324095406757,,-33.59552161325264,False,True,132.34913150150976,104.09022312577525,False
549.5,46846.42359127928,1913.3874714054632,49659.48595270173,3506.022799829911,46951.24843192638,1995.3375748980452,,,False,False,133.05662959482865,105.13239706485587,False
550.0,46887.98602080807,1916.5120527292588,49706.217446481176,3513.138618745896,46997.93512639104,1995.1350794967625,-13.207680631211733,-40.730908269535036,True,True,135.16799235240182,106.15285912152288,False
550.5,46929.55512621984,1919.6052891084225,49752.96976053245,3520.239214377006,47040.10576692218,1998.6636392168784,,,False,False,135.9105105632671,107.1740604243191,False
551.0,46971.13123551254,1922.6660263840358,49799.73725687144,3527.3168879728505,47074.00108296764,1997.7151048119006,,-34.3581562256506,False,True,127.33644289168359,108.07047330423879,False
551.5,47012.71467455067,1925.6931782269185,49846.511699981726,3534.370614627481,47116.140070158275,2001.1629550973435,,,False,False,128.03319756009225,108.96870924590814,False
552.0,47054.30576696602,1928.6857276139308,49893.30221260251,3541.396977571746,47161.48751439696,2007.999185770902,-11.708319636747724,-43.81147047886393,True,True,133.33623523696784,109.93219955858339,False
552.5,47095.90483405908,1931.642728050041,49940.10882148423,3548.390791957868,47203.66565113881,2011.3995964583612,,,False,False,134.06547563035025,110.89722015788028,False
553.0,47137.512194701194,1934.5633045329785,49986.925497142045,3555.3606255442683,47246.77969054425,2015.2478177439534,,-43.89512129088387,False,True,135.82848125450232,111.83513389345158,False
553.5,47179.12816523739,1937.4466542583973,50033.750497466994,3562.305938176503,47288.973959914576,2018.592533244969,,,False,False,136.56775711992356,112.77467359103193,False
554.0,47220.75305939005,1940.2920470645968,50080.587900132356,3569.2145122506013,47328.64414495738,2007.9396348586324,-15.74101479469229,-41.98716145506484,True,True,127.34473871836613,113.59315111320477,False
554.5,47262.38718816334,1943.0988256169665,50127.44441259164,3576.0856603193956,47370.87202924226,2011.0967434588033,,,False,False,128.033892289283,114.4140251237382,False
555.0,47304.030859748455,1945.866405333439,50174.31747537355,3582.9215274868443,47394.76426066377,2005.2280505846932,,-33.612636854863155,False,True,108.42672626522781,114.96527577113368,False
555.5,47345.684379429775,1948.5942740533474,50221.20969914815,3589.7267296861964,47436.9156037588,2008.2610941397302,,,False,False,109.01039267792027,115.51927179133814,False
556.0,47387.34804949184,1951.281991453182,50268.123178153015,3596.5013842677786,47483.02035565186,2025.387237792273,-9.912896680802243,-51.60249786799831,True,True,121.01560932769819,116.16418833447872,False
556.5,47429.022169127304,1953.9291882138245,50315.055010503784,3603.2447742163217,47525.20372518609,2028.4511494087503,,,False,False,121.67339243329805,116.81216818590164,False
557.0,47470.70703434576,1956.5355649448982,50362.00687237729,3609.9579572257044,47540.55821760089,2018.9533427564456,,-30.703673150576158,False,True,93.67586022595951,117.1225747023778,False
557.5,47512.40293788359,1959.100890872902,50408.97943080151,3616.64293982486,47582.61932672447,2021.8830337970592,,,False,False,94.19096948222995,117.43526154449515,False
558.0,47554.11016911482,1961.6250023008106,50455.97227496243,3623.294808032965,47613.46612929693,2004.6443987028576,-17.132922743364475,-41.34089953563137,True,True,73.30619670898751,117.60462672432473,False
558.5,47595.82901396294,1964.1078008477732,50502.98945918324,3629.9090096985747,47655.52379859267,2007.351595147992,,,False,False,73.71223139662708,117.77429106125227,False
559.0,47637.55975481382,1966.549251478488,50550.0268858435,3636.4821997940717,47681.670776994586,2002.868708234959,,-40.51433600671207,False,True,57.13917410076399,117.77815622345997,False
559.5,47679.30267042968,1968.9493803327023,50597.075818917954,3643.0129005754684,47723.658421674685,2005.4436309392777,,,False,False,57.43921130938681,117.78036524686469,False
560.0,47721.058035864204,1971.308272366125,50644.13836177243,3649.5043881031424,47761.36493650051,1995.4549925479403,-16.519271648499405,-49.270333445392595,True,True,46.986278150584056,117.69304150874018,False
560.5,47762.826122378734,1973.6260688148293,50691.216636508216,3655.9532501833305,47803.36472470059,1997.845515946375,,,False,False,47.22245120244226,117.60259477532401,False
561.0,47804.607197359655,1975.9029644959433,50738.31593322619,3662.358568271728,47849.02181064612,2001.7472904893725,,-57.54777372298463,False,True,51.38664281153868,117.43648297185806,False
561.5,47846.40152423693,1978.1392049581052,50785.438052750476,3668.724902357202,47891.077132920196,2004.0511595345404,,,False,False,51.64629126270117,117.26587559736527,False
562.0,47888.20936240387,1980.3350834957653,50832.57498515754,3675.064060397544,47918.44862621264,2000.0669664504255,-14.183720042816804,-45.93806809803149,True,True,36.107620811025015,117.00531695843105,False
562.5,47930.03096713811,1982.4909380419624,50879.72981251184,3681.3694412051505,47960.440713050666,2002.264899309059,,,False,False,36.273436432998714,116.73994623387338,False
563.0,47971.86658952387,1984.6071479546877,50926.91135993349,3687.6374088906296,48007.75241485751,2006.579228289093,,-62.203791659370104,False,True,42.0780794963168,116.46223196596488,False
563.5,48013.71647637543,1986.684130712355,50974.11397332502,3693.8744457402395,48049.81357147849,2008.7076117180827,,,False,False,42.285150945557426,116.17950885800384,False
564.0,48055.580870162026,1988.7223385342384,51021.33202364482,3700.076672764083,48099.36784740085,2012.9717697383855,-14.54860352933772,-65.83307729868334,True,True,50.05331447005079,116.05251946233017,False
564.5,48097.46000893389,1990.722254942013,51068.573679656256,3706.2461164302276,48141.5038113648,2015.0295302584257,,,False,False,50.30606490156435,115.9229248462262,False
565.0,48139.35412624982,1992.6843912787253,51115.83951769655,3712.386290626009,48163.39067341683,2009.2386546879613,,-46.91378217179896,False,True,29.18559981796141,115.71328144544132,False
565.5,48181.26345110597,1994.6092832016466,51163.13773354689,3718.4974778212886,48205.4526081166,2011.1855778220324,,,False,False,29.32386161859372,115.50004844955701,False
566.0,48223.18820786617,1996.4974871655122,51210.469038484705,3724.575620141566,48236.82662585507,2000.571998603155,-16.79130982652425,-54.766796246369424,True,True,14.234046813728337,115.42454211001882,False
566.5,48265.12861619353,1998.3495769126237,51257.82286953909,3730.6244317538276,48278.88137323265,2002.3584438839246,,,False,False,14.325129687747516,115.34764431456786,False
567.0,48307.08489098352,2000.1661399861923,51305.194782317296,3736.6449146950763,48317.54696945464,2002.8555490640688,,-62.42410848730599,False,True,10.802222323396537,115.3245534620468,False
567.5,48349.05724229855,2001.947774283129,51352.58463221832,3742.6347444355606,48359.606656364056,2004.5633936636711,,,False,False,10.868836270244024,115.3007857610076,False
568.0,48391.04587530397,2003.6950846622415,51399.9963500842,3748.6002826965823,48409.141095082785,2000.4273121014364,-17.032816066246987,-72.07886772330907,True,True,18.38791223474605,115.31465915473206,False
568.5,48433.050990205564,2005.40867962348,51447.42937953379,3754.543374866201,48451.28921828132,2002.0242444974494,,,False,False,18.549592029630283,115.32865631375256,False
569.0,48475.07278218856,2007.0891680734926,51494.885205144776,3760.4596622765675,48495.900630581724,2004.443638891826,,-70.72308048457336,False,True,20.995192148196534,115.34771765627015,False
569.5,48517.11144135819,2008.7371561922807,51542.36255029342,3766.3477961907115,48538.09752336615,2005.9764696475095,,,False,False,21.166885180475386,115.36697453396754,False
570.0,48559.167152681795,2010.3532444152438,51589.860842152426,3772.208453988445,48579.45170046966,2001.7176185109847,-16.39910268190433,-69.73175968951593,True,True,22.046244889243784,115.39378789596105,False
570.5,48601.240095932444,2011.938024544295,51637.3862357227,3778.0506090597673,48621.68768987795,2003.1476500294573,,,False,False,22.2570164728222,115.42108670245973,False
571.0,48643.330445634194,2013.4920770010995,51684.941670807406,3783.874761898293,48661.06970470643,2003.595751889002,,-70.18362815986595,False,True,20.313014625020326,115.44003143332372,False
571.5,48685.438371008946,2015.0159682347696,51732.5338806767,3789.6714133839164,48703.34468055504,2004.9614470972506,,,False,False,20.53604920293568,115.45939580726125,False
572.0,48727.56403592487,2016.5102482955983,51780.15926179916,3795.4424365079153,48732.959776911935,1990.2447530100958,-18.278568625523377,-63.34378299468836,True,True,26.813993797870438,115.49338514492794,False
572.5,48769.7075988465,2017.9754485855926,51827.80487432745,3801.193325989544,48775.21322526606,1991.4380726039224,,,False,False,27.102476755165334,115.52815557618366,False
573.0,48811.86921278646,2019.4120797957144,51875.478375887455,3806.925511590146,48812.85302192765,1991.1309649790583,,-71.81532243644084,False,True,28.298221422894574,115.56454507847181,False
573.5,48854.04902525887,2020.8206300388265,51923.17904342506,3812.6331953881463,48855.122299692375,1992.2586414141588,,,False,False,28.58214673892185,115.60174331492924,False
574.0,48896.24717823439,2022.201563186402,51970.90178929864,3818.321389159484,48890.52619229979,2003.806224910806,-11.819094472613099,-72.17148018957138,True,True,19.264427070056993,115.59177548277653,False
574.5,48938.46380809699,2023.5553174160677,52018.6518366313,3823.9936036759227,48932.7788091433,2004.9687565247084,,,False,False,19.43654956188515,115.58192839433332,False
575.0,48980.6990456024,2024.8823039760468,52066.42651061748,3829.6431996955357,48981.390617365374,2008.0137126626003,,-84.61854489744856,False,True,16.882761752848058,115.5872710508317,False
575.5,49022.953015838284,2026.1829061715239,52114.22488214972,3835.2673102164763,49023.71952053898,2009.1241382021892,,,False,False,17.075980033010907,115.59288895443328,False
576.0,49065.22583818613,2027.4574785768955,52162.05375930699,3840.8735186225135,49060.53616646658,2015.6033291502595,-13.14926025225023,-76.76109920119156,True,True,12.74809316980972,115.58846418473439,False
576.5,49107.5176262849,2028.7063464767903,52209.9099435304,3846.463085937473,49102.871053060466,2016.7103232847558,,,False,False,12.864494360597362,115.58404809528912,False
577.0,49149.82848799639,2029.9298055376548,52257.79071164203,3852.034781025187,49166.92397759553,2024.0135068164109,,-101.92339933829372,False,True,18.090283447011863,115.55179409589687,False
577.5,49192.1585253724,2031.1281217105995,52305.70056462948,3857.5902504333117,49209.43640055801,2025.105991709747,,,False,False,18.297295447050807,115.51934789717906,False
578.0,49234.50783462363,2032.3015313651001,52353.6426765436,3863.1228440551577,49250.252739198644,2033.0162601258073,-12.844736403487333,-84.0611071945032,True,True,15.761118528758692,115.50150811063781,False
578.5,49276.87650609039,2033.4502416520536,52401.6149914963,3868.636956682071,49292.800407952614,2034.1075365166937,,,False,False,15.937461750757137,115.48359746215745,False
579.0,49319.26462421506,2034.5744310935938,52449.61272728122,3874.1419467255537,49336.95077405965,2035.614896407944,,-88.69454124931923,False,True,17.716728377321935,115.46333548988267,False
579.5,49361.672267516384,2035.674250395993,52497.63158180461,3879.6337914132564,49379.54432583424,2036.6731709573937,,,False,False,17.899952815717633,115.44296175157506,False
580.0,49404.09950856555,2036.7498234809175,52545.67285473985,3885.1121000461294,49418.22515339553,2032.947461612996,-15.765249062865252,-85.45319056548064,True,True,14.628458484653704,115.41707469791754,False
580.5,49446.54641396408,2037.8012487292606,52593.741739314384,3890.581026727697,49460.836209056295,2033.9354730203204,,,False,False,14.803461271245009,115.39100493305841,False
581.0,49489.01304432355,2038.8286004307693,52641.83641346613,3896.0314922680013,49522.86961553923,2040.0136727478698,,-108.64659730256358,False,True,33.87730524819699,115.43761106470686,False
581.5,49531.4994542471,2039.8319304316926,52689.95978474947,3901.4645484589396,49565.64675164193,2040.9809518345685,,,False,False,34.16662361947605,115.4850263856487,False
582.0,49574.00569231287,2040.8112699717371,52738.11240583037,3906.8813772554245,49599.28294933702,2039.1910166462108,-14.679050777266998,-84.19723378112562,True,True,25.32913230854628,115.50334188266993,False
582.5,49616.53180105911,2041.7666317007092,52786.29856627004,3912.2810325065475,49642.055333520264,2040.0956397145321,,,False,False,25.578172794662034,115.52209473949307,False
583.0,49659.07781697128,2042.6980118643576,52834.521378461686,3917.666516848786,49683.905277458114,2040.7351216389848,,-93.41836749684774,False,True,24.904933893953725,115.51872538052535,False
583.5,49701.64377047093,2043.6053926481163,52882.7709537914,3923.0315897396963,49726.72479744545,2041.5905322385422,,,False,False,25.16182776681093,115.51556440186202,False
584.0,49744.22968590644,2044.4887446666896,52931.04617411626,3928.375578870471,49764.07616241239,2040.422806647893,-14.611323839764507,-90.61634953132233,True,True,20.2586890413495,115.52222878412785,False
584.5,49786.83558154556,2045.3480295867028,52979.34954982321,3933.705185134107,49806.90469985698,2041.2167912902412,,,False,False,20.489915560102336,115.52916752657691,False
585.0,49829.461469569906,2046.1832028690012,53027.68187191322,3939.015477792439,49851.771448690306,2042.4920087376029,,-99.47891488516261,False,True,22.613272263614803,115.53918341628746,False
585.5,49872.1073560712,2046.9942166165868,53076.04517232182,3944.303866926416,49894.66222714912,2043.2344301062024,,,False,False,22.86609288761841,115.54951188703448,False
586.0,49914.77324104945,2047.781022513658,53124.44315741947,3949.5823389391703,49934.284222939095,2034.7026563950383,-16.720584591174728,-96.11538890452998,True,True,23.488764859624425,115.51335738770345,False
586.5,49957.45911841292,2048.5435748407567,53172.88267204786,3954.848336517897,49977.22354616209,2035.33953355709,,,False,False,23.769293436553234,115.47696636209685,False
587.0,50000.164975980006,2049.28183355064,53221.35924456512,3960.0898205131093,50016.55993809289,2035.0283802988397,,-96.69922463079071,False,True,21.724541704813667,115.3302080092041,False
587.5,50042.89079548294,2049.995767389167,53269.86428450433,3965.3042946651804,50059.53105936793,2035.5942984142882,,,False,False,22.00683282066091,115.18178167352974,False
588.0,50085.63655257336,2050.6853570452545,53318.40094437677,3970.4957507611502,50095.93187698673,2037.1977788878833,-13.32411485370501,-94.71205980616601,True,True,16.967865785881376,114.88608856399264,False
588.5,50128.402216829716,2051.3505983137547,53366.975650954104,3975.66853316727,50138.91882076218,2037.7188182561838,,,False,False,17.216979578609294,114.58649326013303,False
589.0,50171.18775176654,2051.991505255038,53415.592041121075,3980.821091123004,50170.496589672926,2035.3028641132262,,-90.84141407637016,False,True,16.702947290817608,114.28955407054004,False
589.5,50213.993114845565,2052.6081133350053,53464.24329234336,3985.95887530058,50213.47578837446,2035.7566945826732,,,False,False,16.859357658112536,113.98848488222404,False
590.0,50256.81825748869,2053.200482529309,53512.921543436256,3991.0823804405222,50254.40903816161,2035.8968371116823,-13.850299254257493,-102.18219938980052,True,True,17.470560451940546,113.45209123845711,False
590.5,50299.66312509274,2053.768700375695,53561.63379411115,3996.181533508514,50297.424492267906,2036.2965185490573,,,False,False,17.61501106180486,112.90712173065737,False
591.0,50342.52765704616,2054.3128849585446,53610.377891683165,4001.262627896422,50331.88086953368,2034.4282655757197,,-96.03451410128565,False,True,22.555535292599778,112.22359225123188,False
591.5,50385.41178674742,2054.8331878099793,53659.14535158987,4006.3256792506754,50374.88483581835,2034.763185658268,,,False,False,22.66322312100981,111.52793409821824,False
592.0,50428.31544162534,2055.329796712222,53707.93951506258,4011.3690021622474,50417.10010733669,2042.7343906737894,-11.29739415679743,-105.09004221610533,True,True,16.864992632048228,110.95049580670734,False
592.5,50471.23854316117,2055.8029383863113,53756.76505326706,4016.399880233373,50460.1435989121,2043.0822955534088,,,False,False,16.879352534152087,110.36319556333439,False
593.0,50514.18100691252,2056.252881052746,53805.61461838075,4021.4104077713005,50502.10560469793,2043.1033505241548,,-107.09320731867024,False,True,17.85288469033858,109.82743151154696,False
593.5,50557.142742539094,2056.6799368501734,53854.482736375656,4026.3970650731258,50545.172699995936,2043.3913839316988,,,False,False,17.88484154674343,109.28270766299329,False
594.0,50600.12365383019,2057.084464098837,53903.37314954116,4031.362489449647,50575.88089494679,2039.3215255487512,-13.634780286485404,-94.20449383213848,True,True,30.053840756425977,108.53939184229681,False
594.5,50643.12363873401,2057.466869396176,53952.289270987916,4036.3029951805706,50618.904212894944,2039.519225411553,,,False,False,30.144626595345645,107.78213698907999,False
595.0,50686.14258938874,2057.8276095326737,54001.23337364122,4041.2188427377355,50662.99287997196,2039.991470850871,,-111.98826021631145,False,True,29.22390954609145,106.9045270066741,False
595.5,50729.180392155446,2058.167193216846,54050.200614184694,4046.121260806465,50706.06163060589,2040.139363534709,,,False,False,29.316885554803996,106.00943925649489,False
596.0,50772.236927652615,2058.486182599092,54099.187350768516,4051.011561123951,50753.759482730035,2042.7314624594626,-12.762577636949198,-117.83506025194478,True,True,24.282239961441867,104.87630072684641,False
596.5,50815.31207079259,2058.785194584982,54148.19613648012,4055.8842262082703,50796.88725588241,2042.8538805070602,,,False,False,24.357351512919674,103.71749927513504,False
597.0,50858.40569081965,2059.0649019295165,54197.23564775663,4060.747472912618,50835.67165483542,2041.527696134517,,-106.7170074434935,False,True,28.712192170370866,102.64846697737335,False
597.5,50901.51765134982,2059.3260341048135,54246.30818178608,4065.6048718882525,50878.822625958535,2041.610796154873,,,False,False,28.79051637491397,101.55559736627859,False
598.0,50944.64781041245,2059.5693779347093,54295.40818109212,4070.454046018223,50931.330034187995,2061.4089551469106,-7.341021844632782,-122.8427070734611,True,True,13.444225819445146,100.28864140591077,False
598.5,50987.7960204934,2059.7957779907592,54344.54028900756,4075.2910379470704,50974.58951612885,2061.6082009802526,,,False,False,13.330290117761615,98.9905338795287,False
599.0,51030.96212858006,2060.0061367451976,54393.7052118325,4080.11646795292,51020.501604244484,2062.7762941859983,,-119.46874731166018,False,True,10.821106303054595,97.86118405713508,False
599.5,51074.14597620789,2060.201414477479,54442.897837164805,4084.9334929209563,51063.826731045345,2062.9501968979093,,,False,False,10.679074188315584,96.70523010877014,False
600.0,51117.34739950872,2060.3826289321228,54492.1145958968,4089.74307759886,51110.74725225908,2058.6699684646173,-14.31004062302143,-124.95298863286412,True,True,6.8187351901820294,95.61817696543733,False
